<?xml version="1.0" encoding="utf-8"?>
<eml:eml xmlns:eml="eml://ecoinformatics.org/eml-2.1.1" xmlns:xsi="http://www.w3.org/2001/XMLSchema-instance"
         xsi:schemaLocation="eml://ecoinformatics.org/eml-2.1.1 http://rs.gbif.org/schema/eml-gbif-profile/1.1/eml.xsd"
        packageId="0b0735e0-624d-4abb-abba-91a2733adea4"  system="http://gbif.org" scope="system"
  xml:lang="en">

<dataset>
      <alternateIdentifier>10.15468/8xrt7r</alternateIdentifier>
    <title>Charles University Prague - Herbarium PRC</title>
    <associatedParty>
    <individualName>
          <surName>Lenka Macková</surName>
    </individualName>
    <address>
<deliveryPoint>Benatska 2 Praha 12801 Czechia</deliveryPoint>    </address>
<phone>+420 (2) 219 51 642</phone><electronicMailAddress>lenka.musilova2@gmail.com</electronicMailAddress>    <role>TECHNICAL_POINT_OF_CONTACT</role>
    </associatedParty>
    <language>en</language>
      <intellectualRights>
        <para>This work is licensed under a <ulink url="http://creativecommons.org/licenses/by/4.0/legalcode"><citetitle>Creative Commons Attribution (CC-BY) 4.0 License</citetitle></ulink>.</para>
      </intellectualRights>
      <distribution scope="document">
          <online>
              <url function="information">https://botany.natur.cuni.cz/</url>
          </online>
      </distribution>
      <contact>
    <individualName>
          <surName>Patrik Mráz</surName>
    </individualName>
    <address>
<deliveryPoint>Benatska 2, Praha 12801, Czechia</deliveryPoint>    </address>
<phone>+420 (2) 219 51 642</phone><electronicMailAddress>mrazpat@natur.cuni.cz</electronicMailAddress>      </contact>

</dataset>

<additionalMetadata>
    <metadata>
      <gbif>
        <dateStamp>2021-08-03T09:07:03Z</dateStamp>
      <citation>Charles University - Herbarium collections &amp; Department of Botany. Charles University Prague - Herbarium PRC. Occurrence dataset https://doi.org/10.15468/8xrt7r accessed via GBIF.org on 2021-08-03.</citation>
              <resourceLogoUrl>https://cuni.cz/UKEN-1-version1-afoto.jpg</resourceLogoUrl>
      </gbif>
    </metadata>
</additionalMetadata>

</eml:eml>
