<?xml version="1.0" encoding="utf-8"?>
<eml:eml xmlns:eml="eml://ecoinformatics.org/eml-2.1.1" xmlns:xsi="http://www.w3.org/2001/XMLSchema-instance"
         xsi:schemaLocation="eml://ecoinformatics.org/eml-2.1.1 http://rs.gbif.org/schema/eml-gbif-profile/1.1/eml.xsd"
        packageId="0e65f3e6-a632-435f-b188-0001c2a4eeed"  system="http://gbif.org" scope="system"
  xml:lang="en">

<dataset>
      <alternateIdentifier>10.15468/9ay3kz</alternateIdentifier>
        <alternateIdentifier>http://science-net.kahaku.go.jp/ipt2/resource?r=snet-1054-109</alternateIdentifier>
        <alternateIdentifier>http://gbif.science-net.kahaku.go.jp:8081/ipt2/resource?r=snet-1054-109</alternateIdentifier>
        <alternateIdentifier>0e65f3e6-a632-435f-b188-0001c2a4eeed</alternateIdentifier>
    <title>Bryophyte specimens of Kanagawa Prefectural Museum of Natural History</title>
    <creator>
<organizationName>Kanagawa Prefectural Museum of Natural History</organizationName>    <address>
<country>JAPAN</country>    </address>
    </creator>
    <metadataProvider>
    <individualName>
<givenName>Norihisa</givenName>          <surName>Tanaka</surName>
    </individualName>
<organizationName>Kanagawa Prefectural Museum of Natural History</organizationName><positionName>Curator</positionName>    <address>
<country>JAPAN</country>    </address>
<electronicMailAddress>tanaka@nh.kanagawa-museum.jp</electronicMailAddress>    </metadataProvider>
      <pubDate>
      2020-03-06
      </pubDate>
    <language>ENGLISH</language>
    <abstract>
        <para>Bryophyte specimens deposited in Kanagawa Prefectural Museum of Natural History</para>
    </abstract>
        <keywordSet>
              <keyword>Occurrence</keyword>
              <keywordThesaurus>GBIF Dataset Type Vocabulary: http://rs.gbif.org/vocabulary/gbif/dataset_type.xml</keywordThesaurus>
        </keywordSet>
      <intellectualRights>
        <para>This work is licensed under a <ulink url="http://creativecommons.org/licenses/by/4.0/legalcode"><citetitle>Creative Commons Attribution (CC-BY) 4.0 License</citetitle></ulink>.</para>
      </intellectualRights>
      <distribution scope="document">
          <online>
              <url function="information">http://nh.kanagawa-museum.jp/index_en.html</url>
          </online>
      </distribution>
      <maintenance>
          <description>
              <para></para>
          </description>
          <maintenanceUpdateFrequency>unkown</maintenanceUpdateFrequency>
      </maintenance>
      <contact>
    <individualName>
<givenName>Norihisa</givenName>          <surName>Tanaka</surName>
    </individualName>
<organizationName>Kanagawa Prefectural Museum of Natural History</organizationName><positionName>Curator</positionName>    <address>
<country>JAPAN</country>    </address>
<electronicMailAddress>tanaka@nh.kanagawa-museum.jp</electronicMailAddress><onlineUrl>http://nh.kanagawa-museum.jp/index_en.html</onlineUrl>      </contact>

</dataset>

<additionalMetadata>
    <metadata>
      <gbif>
        <dateStamp>2021-08-03T09:06:55Z</dateStamp>
      <citation>National Museum of Nature and Science, Japan (2020). Bryophyte specimens of Kanagawa Prefectural Museum of Natural History. Version 1.2. Occurrence dataset https://doi.org/10.15468/9ay3kz accessed via GBIF.org on 2021-08-03.</citation>
      </gbif>
    </metadata>
</additionalMetadata>

</eml:eml>
