<?xml version="1.0" encoding="utf-8"?>
<eml:eml xmlns:eml="eml://ecoinformatics.org/eml-2.1.1" xmlns:xsi="http://www.w3.org/2001/XMLSchema-instance"
         xsi:schemaLocation="eml://ecoinformatics.org/eml-2.1.1 http://rs.gbif.org/schema/eml-gbif-profile/1.1/eml.xsd"
        packageId="10cb9850-c9ca-4cc1-a041-a43cf6634d36"  system="http://gbif.org" scope="system"
  xml:lang="es">

<dataset>
      <alternateIdentifier>10.15472/hq5r5x</alternateIdentifier>
        <alternateIdentifier>http://ipt.biodiversidad.co/sib/resource?r=160-1503-20723_nechi_20150309</alternateIdentifier>
        <alternateIdentifier>10.15468/mlyh8b</alternateIdentifier>
        <alternateIdentifier>http://data.biodiversidad.co/sib/resource?r=160-1503-20723_nechi_20150309</alternateIdentifier>
        <alternateIdentifier>10cb9850-c9ca-4cc1-a041-a43cf6634d36</alternateIdentifier>
    <title>Flora vascular de las llanuras aluviales del bajo río Nechí (Antioquia, Colombia)</title>
    <creator>
    <individualName>
<givenName>Jairo</givenName>          <surName>Pinto</surName>
    </individualName>
<organizationName>Herbario Fundación Estación Biológica Guayacanal</organizationName><positionName>Coordinador de Colecciones Botánicas y Bioinformática</positionName>    <address>
<deliveryPoint>KR 15 # 79-36 OF 302</deliveryPoint><city>Bogotá</city><administrativeArea>D.C.</administrativeArea><postalCode>110221</postalCode><country>COLOMBIA</country>    </address>
<phone>(+571) 300-1033</phone><electronicMailAddress>herbario@guayacanal.org</electronicMailAddress><onlineUrl>http://guayacanal.org/</onlineUrl>    </creator>
    <metadataProvider>
    <individualName>
<givenName>Jairo</givenName>          <surName>Pinto</surName>
    </individualName>
<organizationName>Herbario Fundación Estación Biológica Guayacanal</organizationName><positionName>Coordinador de Colecciones Botánicas y Bioinformática</positionName>    <address>
<deliveryPoint>KR 15 # 79-36 OF 302</deliveryPoint><city>Bogotá</city><administrativeArea>D.C.</administrativeArea><postalCode>110221</postalCode><country>COLOMBIA</country>    </address>
<phone>(+571) 300-1033</phone><electronicMailAddress>herbario@guayacanal.org</electronicMailAddress><onlineUrl>http://guayacanal.org/</onlineUrl>    </metadataProvider>
    <associatedParty>
    <individualName>
<givenName>Laura Gisela</givenName>          <surName>Agudelo Álvarez</surName>
    </individualName>
<organizationName>Renaturar SAS</organizationName><positionName>Coordinadora de Proyecto</positionName>    <address>
<deliveryPoint>KR 15 # 79-36 OF 302</deliveryPoint><city>Bogotá</city><administrativeArea>D.C.</administrativeArea><postalCode>110221</postalCode><country>COLOMBIA</country>    </address>
<phone>(+57) 320-678-3236</phone><electronicMailAddress>agudelo.laura@gmail.com</electronicMailAddress><onlineUrl>http://guayacanal.org/</onlineUrl>    <role>PRINCIPAL_INVESTIGATOR</role>
    </associatedParty>
    <associatedParty>
    <individualName>
<givenName>Germán</givenName>          <surName>Camargo Ponce de León</surName>
    </individualName>
<organizationName>Fundación Estación Biológica Guayacanal</organizationName><positionName>Director Técnico</positionName>    <address>
<deliveryPoint>KR 15 # 79-36 OF 302</deliveryPoint><city>Bogotá</city><administrativeArea>D.C.</administrativeArea><postalCode>110221</postalCode><country>COLOMBIA</country>    </address>
<phone>(+571) 300-1033</phone><electronicMailAddress>fauvuge@gmail.com</electronicMailAddress><onlineUrl>http://guayacanal.org/</onlineUrl>    <role>PRINCIPAL_INVESTIGATOR</role>
    </associatedParty>
    <associatedParty>
    <individualName>
<givenName>María José</givenName>          <surName>Calderón Ponce de León</surName>
    </individualName>
<organizationName>Fundación Estación Biológica Guayacanal</organizationName><positionName>Subdirectora de Gestión</positionName>    <address>
<deliveryPoint>KR 15 # 79-36 OF 302</deliveryPoint><city>Bogotá</city><administrativeArea>D.C.</administrativeArea><postalCode>110221</postalCode><country>COLOMBIA</country>    </address>
<phone>(+571) 300-1033</phone><electronicMailAddress>mj.calderon@guayacanal.org</electronicMailAddress><onlineUrl>http://guayacanal.org/</onlineUrl>    <role>POINT_OF_CONTACT</role>
    </associatedParty>
      <pubDate>
      2018-01-16
      </pubDate>
    <language>SPANISH</language>
    <abstract>
        <para>El Bajo Cauca es una región con una fuerte dinámica de transformación y una larga historia de alteración. Son prácticamente inexistentes los estudios que den cuenta de la diversidad y complejidad ecológica de la región antes de la llegada de la gran minería aluvial. En este estudio evaluamos de manera rápida y con soporte a colecciones la flora vascular y las comunidades vegetales para caracterizar el mosaico ecosistémico de la margen derecha del río Nechí y constituir una línea base ambiental que permita tanto monitorear los impactos del cambio geomorfológico e hidráulico de la planicie aluvial, como evaluar el éxito de las medidas de restauración que puedan implementarse en esta área, comprendida de manera general entre el municipio de El Bagre, al sur, y la quebrada San Pedro, al norte.</para>
    </abstract>
        <keywordSet>
              <keyword>Occurrence</keyword>
              <keywordThesaurus>GBIF Dataset Type Vocabulary: http://rs.gbif.org/vocabulary/gbif/dataset_type.xml</keywordThesaurus>
        </keywordSet>
        <keywordSet>
              <keyword>Observation</keyword>
              <keywordThesaurus>GBIF Dataset Subtype Vocabulary: http://rs.gbif.org/vocabulary/gbif/dataset_subtype.xml</keywordThesaurus>
        </keywordSet>
        <keywordSet>
              <keyword>Bosque Húmedo Tropical; Humedales Tropicales; Llanuras aluviales; Valles Interandinos; bajo río Nechí; cuenca del río Cauca</keyword>
              <keywordThesaurus>n/a</keywordThesaurus>
        </keywordSet>
      <additionalInfo>
          <para>Conjunto de datos de biodiversidad desarrollado por: Herbario HFEBG, Grupo de Investigación en Ecología Aplicada, Fundación Estación Biológica Guayacanal. Bogotá.</para>
      </additionalInfo>
      <intellectualRights>
        <para>This work is licensed under a <ulink url="http://creativecommons.org/licenses/by/4.0/legalcode"><citetitle>Creative Commons Attribution (CC-BY) 4.0 License</citetitle></ulink>.</para>
      </intellectualRights>
      <distribution scope="document">
          <online>
              <url function="information">http://guayacanal.org</url>
          </online>
      </distribution>
      <coverage>
            <geographicCoverage>
                  <geographicDescription>Subcontinente: Suramérica / País: Colombia / Departamento: Antioquia / Municipios: El Bagre, Nechí, Zaragoza / Corregimientos: Bijagual, Buenos Aires-Palizada, Puerto Claver / Veredas: Boca del Guamo, Caño La Tres, El Pital, Puerto Gaitán, Río Viejo, Sabalito Sinaí, San Pedro, Tosnovan Uno, Vegas de Zaragoza / Elevación: 25-83 m / Datum geodésico: WGS84 / Regiones de vida-Ecosistemas: Bosque Húmedo Tropical, Humedales Tropicales, Llanuras Aluviales</geographicDescription>
                  <boundingCoordinates>
                      <westBoundingCoordinate>-74.824</westBoundingCoordinate>
                      <eastBoundingCoordinate>-74.775</eastBoundingCoordinate>
                      <northBoundingCoordinate>7.956</northBoundingCoordinate>
                      <southBoundingCoordinate>7.59</southBoundingCoordinate>
                  </boundingCoordinates>
            </geographicCoverage>
          <temporalCoverage>
            <rangeOfDates>
              <beginDate>
                <calendarDate>      2015-07-13
</calendarDate>
              </beginDate>
              <endDate>
                <calendarDate>      2015-07-24
</calendarDate>
              </endDate>
            </rangeOfDates>
          </temporalCoverage>
              <taxonomicCoverage>
                    <generalTaxonomicCoverage>Plantas vasculares: Angiospermas, Helechos</generalTaxonomicCoverage>
                    <taxonomicClassification>
                          <taxonRankName>Class</taxonRankName>
                        <taxonRankValue>Magnoliopsida</taxonRankValue>
                    </taxonomicClassification>
                    <taxonomicClassification>
                          <taxonRankName>Class</taxonRankName>
                        <taxonRankValue>Liliopsida</taxonRankValue>
                    </taxonomicClassification>
                    <taxonomicClassification>
                          <taxonRankName>Class</taxonRankName>
                        <taxonRankValue>Polypodiopsida</taxonRankValue>
                    </taxonomicClassification>
              </taxonomicCoverage>
      </coverage>
      <purpose>
          <para>Socialización de los resultados de las actividades de investigación desarrolladas por el Grupo de Investigación en Ecología Aplicada, Herbario HFEBG, Fundación Estación Biológica Guayacanal.
Cumplimiento de los compromisos legales adquiridos con las autoridades ambientales colombianas tras la obtención de los permisos de investigación correspondientes.</para>
      </purpose>
      <maintenance>
          <description>
              <para>Curaduría permanente y complementación del conjunto de datos de biodiversidad desarrollado por: Herbario HFEBG, Grupo de Investigación en Ecología Aplicada, Fundación Estación Biológica Guayacanal. Bogotá.</para>
          </description>
          <maintenanceUpdateFrequency>asNeeded</maintenanceUpdateFrequency>
      </maintenance>
      <contact>
    <individualName>
<givenName>Jairo</givenName>          <surName>Pinto</surName>
    </individualName>
<organizationName>Herbario Fundación Estación Biológica Guayacanal</organizationName><positionName>Coordinador de Colecciones Botánicas y Bioinformática</positionName>    <address>
<deliveryPoint>KR 15 # 79-36 OF 302</deliveryPoint><city>Bogotá</city><administrativeArea>D.C.</administrativeArea><postalCode>110221</postalCode><country>COLOMBIA</country>    </address>
<phone>(+571) 300-1033</phone><electronicMailAddress>herbario@guayacanal.org</electronicMailAddress><onlineUrl>http://guayacanal.org/</onlineUrl>      </contact>
      <methods>
            <methodStep>
                <description>
                    <para>Recolección de información biológica y ambiental en campo / Procesamiento y catalogación de ejemplares botánicos recolectados e identificación taxonómica / Sistematización y validación manual de datos efectuada en el programa Microsoft Excel 2013 / Corroboración de nombres científicos mediante consulta de literatura especializada y bases de datos botánicas en línea (Taxonomic Name Resolution Service v. 3.2, Tropicos.org, ThePlant List ver. 1.1) / Corroboración cartográfica mediante consultas de cartografía especializada y fuentes en línea (IGAC, SIG-OT, GoogleEarth).</para>
                </description>
            </methodStep>
            <sampling>
                <studyExtent>
                    <description>
                        <para>El estudio fue llevado a cabo en los diferentes ecosistemas que conforman la planicie aluvial de la margen derecha del río Nechí. En este encadenamiento de formas, se caracterizaron las comunidades hidrobiológicas y las coberturas asociadas a las ciénagas El Guamo, Sampumoso, Los Patos y El Pital.</para>
                    </description>
                </studyExtent>
                <samplingDescription>
                    <para>Se adelantaron evaluaciones rápidas de las coberturas vegetales más contrastantes observadas en 84 puntos del área de estudio siguiendo la hidroserie de la terraza aluvial, desarrollando censos de los elementos florísticos más dominantes en áreas entre 6-25 m2 (vegetación herbácea y acuática) y 40-250 m2 (vegetación leñosa). Se tomaron datos generales de los individuos como DAP, altura, cobertura de la copa, estimación categórica de su dominancia, estrato y estado fenológico, complementando la caracterización general del hábitat mediante observaciones de inclinaciones y formas del terreno, tipos de sustrato y drenaje, grado de desarrollo de la vegetación, estado de regeneración y alteraciones evidentes, entre otros. Los ejemplares recolectados fueron preservados en campo mediante técnicas tradicionales de prensado y alcoholizado, y posteriormente procesados y conservados mediante secado por flujo de aire caliente y cuarentena por congelamiento.</para>
                </samplingDescription>
            </sampling>
            <qualityControl>
                <description>
                    <para>Procesamiento básico de los ejemplares e identificación taxonómica desarrollada con la colaboración del Herbario Regional Catatumbo-Sarare (HECASA) de la Universidad de Pamplona. Validación taxonómica y corroboración geográfica adelantada por investigadores adscritos al Herbario Fundación Estación Biológica Guayacanal (HFEBG) - Grupo de Investigación en Ecología Aplicada.</para>
                </description>
            </qualityControl>
      </methods>

      <project >
          <title>Actualización y complementación de la línea base para la explotación aurífera aluvial a largo plazo y formulación de un modelo de restauración ecológica en el marco de la operación de minería aurífera aluvial de Mineros S.A. en el bajo Nechí</title>
          <personnel>
    <individualName>
<givenName>Germán</givenName>          <surName>Camargo</surName>
    </individualName>
    <role>PRINCIPAL_INVESTIGATOR</role>
          </personnel>
          <personnel>
    <individualName>
<givenName>Andrey Enrique</givenName>          <surName>Ojeda Rodríguez</surName>
    </individualName>
    <role>CURATOR</role>
          </personnel>
          <abstract>
              <para>El Bajo Cauca es una región con una fuerte dinámica de transformación y una larga historia de alteración. Son prácticamente inexistentes los estudios que den cuenta de la diversidad y complejidad ecológica de la región antes de la llegada de la gran minería aluvial. En este estudio evaluamos de manera rápida y con soporte a colecciones las comunidades vegetales junto con algunos componentes faunísticos asociados para caracterizar el mosaico ecosistémico de la margen derecha del río Nechí y constituir una línea base ambiental que permita tanto monitorear los impactos del cambio geomorfológico e hidráulico de la planicie aluvial, como evaluar el éxito de las medidas de restauración que puedan implementarse en el área de estudio.</para>
          </abstract>
          <funding>
              <para>Mineros S.A., Renaturar S.A.S.</para>
          </funding>
            <studyAreaDescription>
                <descriptor name="generic" citableClassificationSystem="false">
                    <descriptorValue>La planicie aluvial del río Nechí está conformada por una sucesión de geoformas en las cuales se configuran diferentes tipos de ciénagas. Este mosaico de ecosistemas (ciénagas, bosques y herbazales inundables, bosques de ribera, bosques mixtos de lomerío) ha sido sometido a sucesivas intervenciones antrópicas relacionadas, entre otras, con la entresaca, la minería, los cultivos ilícitos.</descriptorValue>
                </descriptor>
            </studyAreaDescription>
            <designDescription>
                <description>
                    <para>Se evaluaron de manera rápida y con soporte a colecciones las comunidades vegetales junto con algunos componentes faunísticos asociados para caracterizar el mosaico ecosistémico a lo largo de la margen derecha del río Nechí y constituir una línea base ambiental que permita tanto monitorear los impactos del cambio geomorfológico e hidráulico de la planicie aluvial, como evaluar el éxito de las medidas de restauración que puedan implementarse en el área de estudio. Los puntos de estudio siguieron el gradiente de la hidroserie, efectuando parcelas distribuidas desde ambientes propiamente acuáticos hacia las márgenes de cuerpos de agua lóticos y lénticos (ciénaga, caño, río), hasta sectores de tierra firme adentrándose hacia las llanuras aluviales y sectores de lomeríos aledaños.</para>
                </description>
            </designDescription>
      </project>
</dataset>

<additionalMetadata>
    <metadata>
      <gbif>
        <dateStamp>2021-08-03T09:07:06Z</dateStamp>
      <citation identifier="http://doi.org/10.15472/hq5r5x">Pinto J (2018). Flora vascular de las llanuras aluviales del bajo río Nechí (Antioquia, Colombia). Version 2.5. Fundación Estación Biológica Guayacanal. Occurrence dataset https://doi.org/10.15472/hq5r5x accessed via GBIF.org on 2021-08-03.</citation>
              <physical>
                  <objectName>Flora vascular de las llanuras aluviales del bajo río Nechí</objectName>
                  <characterEncoding>UTF-8</characterEncoding>
                  <dataFormat>
                      <externallyDefinedFormat>
                          <formatName>DwC</formatName>
                            <formatVersion>Versión 1 (2015-09-27)</formatVersion>
                      </externallyDefinedFormat>
                  </dataFormat>
                  <distribution>
                      <online>
                          <url function="download">http://www.gbif.org/dataset/10cb9850-c9ca-4cc1-a041-a43cf6634d36</url>
                      </online>
                  </distribution>
              </physical>
              <resourceLogoUrl>https://s3.amazonaws.com/sib-resources/images/logos-socios/portal-sib/Logo-guayacanal.png</resourceLogoUrl>
              <collection>
                <parentCollectionIdentifier>33</parentCollectionIdentifier>
                <collectionIdentifier>JAUM</collectionIdentifier>
                <collectionName>Herbario Jardín Botánico Joaquín Antonio Uribe</collectionName>
              </collection>
              <collection>
                <parentCollectionIdentifier>217</parentCollectionIdentifier>
                <collectionIdentifier>HFEBG</collectionIdentifier>
                <collectionName>Herbario Fundación Estación Biológica Guayacanal</collectionName>
              </collection>
              <collection>
                <parentCollectionIdentifier>26</parentCollectionIdentifier>
                <collectionIdentifier>UPTC-H</collectionIdentifier>
                <collectionName>Herbario Universidad Pedagógica y Tecnológica de Colombia</collectionName>
              </collection>
                <specimenPreservationMethod>DEEP_FROZEN</specimenPreservationMethod>
      </gbif>
    </metadata>
</additionalMetadata>

</eml:eml>
