<?xml version="1.0" encoding="utf-8"?>
<eml:eml xmlns:eml="eml://ecoinformatics.org/eml-2.1.1" xmlns:xsi="http://www.w3.org/2001/XMLSchema-instance"
         xsi:schemaLocation="eml://ecoinformatics.org/eml-2.1.1 http://rs.gbif.org/schema/eml-gbif-profile/1.1/eml.xsd"
        packageId="143fd714-b939-4cf7-a078-acdde353a914"  system="http://gbif.org" scope="system"
  xml:lang="en">

<dataset>
      <alternateIdentifier>10.15468/dmkg7b</alternateIdentifier>
        <alternateIdentifier>143fd714-b939-4cf7-a078-acdde353a914</alternateIdentifier>
        <alternateIdentifier>http://ipt.jbrj.gov.br/reflora/resource?r=mbml</alternateIdentifier>
    <title>MBML Herbarium - Museu de Biologia Mello Leitão - Herbário Virtual Reflora</title>
    <creator>
    <individualName>
<givenName>Helio</givenName>          <surName>Fernandes</surName>
    </individualName>
<organizationName>Museu de Biologia Mello Leitão</organizationName><positionName>Curator</positionName>    <address>
<deliveryPoint>Av. José Ruschi, nº 4 - Centro</deliveryPoint><city>Santa Teresa</city><administrativeArea>ES</administrativeArea><postalCode>29650-000</postalCode><country>BRAZIL</country>    </address>
<electronicMailAddress>helio.fernandes@museus.gov.br</electronicMailAddress>    </creator>
    <metadataProvider>
    <individualName>
<givenName>Helio</givenName>          <surName>Fernandes</surName>
    </individualName>
<organizationName>Museu de Biologia Mello Leitão</organizationName><positionName>Curator</positionName>    <address>
<deliveryPoint>Av. José Ruschi, nº 4 - Centro</deliveryPoint><city>Santa Teresa</city><administrativeArea>ES</administrativeArea><postalCode>29650-000</postalCode><country>BRAZIL</country>    </address>
<electronicMailAddress>helio.fernandes@museus.gov.br</electronicMailAddress>    </metadataProvider>
      <pubDate>
      2021-07-14
      </pubDate>
    <language>ENGLISH</language>
    <abstract>
        <para>Herbarium Collection of the Museu de Biologia Mello Leitão.</para>
    </abstract>
        <keywordSet>
              <keyword>Occurrence</keyword>
              <keywordThesaurus>GBIF Dataset Type Vocabulary: http://rs.gbif.org/vocabulary/gbif/dataset_type.xml</keywordThesaurus>
        </keywordSet>
        <keywordSet>
              <keyword>Specimen</keyword>
              <keywordThesaurus>GBIF Dataset Subtype Vocabulary: http://rs.gbif.org/vocabulary/gbif/dataset_subtype.xml</keywordThesaurus>
        </keywordSet>
      <intellectualRights>
        <para>This work is licensed under a <ulink url="http://creativecommons.org/licenses/by/4.0/legalcode"><citetitle>Creative Commons Attribution (CC-BY) 4.0 License</citetitle></ulink>.</para>
      </intellectualRights>
      <maintenance>
          <description>
              <para></para>
          </description>
          <maintenanceUpdateFrequency>weekly</maintenanceUpdateFrequency>
      </maintenance>
      <contact>
    <individualName>
<givenName>Helio</givenName>          <surName>Fernandes</surName>
    </individualName>
<organizationName>Museu de Biologia Mello Leitão</organizationName><positionName>Curator</positionName>    <address>
<deliveryPoint>Av. José Ruschi, nº 4 - Centro</deliveryPoint><city>Santa Teresa</city><administrativeArea>ES</administrativeArea><postalCode>29650-000</postalCode><country>BRAZIL</country>    </address>
<electronicMailAddress>helio.fernandes@museus.gov.br</electronicMailAddress>      </contact>
      <contact>
    <individualName>
<givenName>Rafaela</givenName>          <surName>Forzza</surName>
    </individualName>
<organizationName>Rio de Janeiro Botanical Garden</organizationName><positionName>Reflora coordinator</positionName>    <address>
<deliveryPoint>Rua Pacheco Leão 915</deliveryPoint><city>Rio de Janeiro</city><administrativeArea>RJ</administrativeArea><postalCode>22460-030</postalCode><country>BRAZIL</country>    </address>
<phone>+552132042082</phone><electronicMailAddress>reflora@jbrj.gov.br</electronicMailAddress>      </contact>

</dataset>

<additionalMetadata>
    <metadata>
      <gbif>
        <dateStamp>2021-08-03T09:07:11Z</dateStamp>
      <citation>Fernandes H (2021). MBML Herbarium - Museu de Biologia Mello Leitão - Herbário Virtual Reflora. Version 1.145. Instituto de Pesquisas Jardim Botanico do Rio de Janeiro. Occurrence dataset https://doi.org/10.15468/dmkg7b accessed via GBIF.org on 2021-08-03.</citation>
              <resourceLogoUrl>http://ipt.jbrj.gov.br/reflora/logo.do?r=mbml</resourceLogoUrl>
      </gbif>
    </metadata>
</additionalMetadata>

</eml:eml>
