<?xml version="1.0" encoding="utf-8"?>
<eml:eml xmlns:eml="eml://ecoinformatics.org/eml-2.1.1" xmlns:xsi="http://www.w3.org/2001/XMLSchema-instance"
         xsi:schemaLocation="eml://ecoinformatics.org/eml-2.1.1 http://rs.gbif.org/schema/eml-gbif-profile/1.1/eml.xsd"
        packageId="16889455-cf40-4269-a108-77339a42075c"  system="http://gbif.org" scope="system"
  xml:lang="en">

<dataset>
      <alternateIdentifier>10.15468/wbaujr</alternateIdentifier>
        <alternateIdentifier>http://science-net.kahaku.go.jp/ipt2/resource?r=snet-1090-102</alternateIdentifier>
        <alternateIdentifier>http://gbif.science-net.kahaku.go.jp:8081/ipt2/resource?r=snet-1090-102</alternateIdentifier>
        <alternateIdentifier>16889455-cf40-4269-a108-77339a42075c</alternateIdentifier>
    <title>Plant specimens of Toyota City Nature Sanctuary</title>
    <creator>
<organizationName>Toyota City Nature Sanctuary</organizationName>    <address>
<country>JAPAN</country>    </address>
    </creator>
    <metadataProvider>
    <individualName>
<givenName>Chiaki</givenName>          <surName>Ohkuma</surName>
    </individualName>
<organizationName>Toyota City Nature Sanctuary</organizationName><positionName>Curator</positionName>    <address>
<country>JAPAN</country>    </address>
<electronicMailAddress>toyota@wbsj.org</electronicMailAddress>    </metadataProvider>
      <pubDate>
      2021-07-19
      </pubDate>
    <language>ENGLISH</language>
    <abstract>
        <para>Plant specimens deposited in Toyota City Nature Sanctuary</para>
    </abstract>
        <keywordSet>
              <keyword>Occurrence</keyword>
              <keywordThesaurus>GBIF Dataset Type Vocabulary: http://rs.gbif.org/vocabulary/gbif/dataset_type.xml</keywordThesaurus>
        </keywordSet>
        <keywordSet>
              <keyword>Occurrence</keyword>
              <keywordThesaurus>GBIF Dataset Type Vocabulary: http://rs.gbif.org/vocabulary/gbif/dataset_type_2015-07-10.xml</keywordThesaurus>
        </keywordSet>
      <intellectualRights>
        <para>This work is licensed under a <ulink url="http://creativecommons.org/licenses/by/4.0/legalcode"><citetitle>Creative Commons Attribution (CC-BY) 4.0 License</citetitle></ulink>.</para>
      </intellectualRights>
      <distribution scope="document">
          <online>
              <url function="information">http://www.toyota-kansatsu.com/</url>
          </online>
      </distribution>
      <maintenance>
          <description>
              <para></para>
          </description>
          <maintenanceUpdateFrequency>unkown</maintenanceUpdateFrequency>
      </maintenance>
      <contact>
    <individualName>
<givenName>Chiaki</givenName>          <surName>Ohkuma</surName>
    </individualName>
<organizationName>Toyota City Nature Sanctuary</organizationName><positionName>Curator</positionName>    <address>
<country>JAPAN</country>    </address>
<electronicMailAddress>toyota@wbsj.org</electronicMailAddress><onlineUrl>http://www.toyota-kansatsu.com/</onlineUrl>      </contact>

</dataset>

<additionalMetadata>
    <metadata>
      <gbif>
        <dateStamp>2021-08-03T09:06:40Z</dateStamp>
      <citation>National Museum of Nature and Science, Japan (2021). Plant specimens of Toyota City Nature Sanctuary. Version 1.4. Occurrence dataset https://doi.org/10.15468/wbaujr accessed via GBIF.org on 2021-08-03.</citation>
      </gbif>
    </metadata>
</additionalMetadata>

</eml:eml>
