<?xml version="1.0" encoding="utf-8"?>
<eml:eml xmlns:eml="eml://ecoinformatics.org/eml-2.1.1" xmlns:xsi="http://www.w3.org/2001/XMLSchema-instance"
         xsi:schemaLocation="eml://ecoinformatics.org/eml-2.1.1 http://rs.gbif.org/schema/eml-gbif-profile/1.1/eml.xsd"
        packageId="196ac794-b2c2-40d4-8e6a-649d0abc324d"  system="http://gbif.org" scope="system"
  xml:lang="en">

<dataset>
      <alternateIdentifier>10.15468/iuxeth</alternateIdentifier>
        <alternateIdentifier>http://www.gbifchina.org:8080/gbifcas/resource.do?r=hib_data</alternateIdentifier>
        <alternateIdentifier>196ac794-b2c2-40d4-8e6a-649d0abc324d</alternateIdentifier>
    <title>Plant Specimen from Herbarium (HIB) in China, Wuhan Botanical Garden, Chinese Academy of Sciences</title>
    <creator>
    <individualName>
<givenName>Jianqiang</givenName>          <surName>Li</surName>
    </individualName>
<organizationName>Wuhan Botanical Garden, Chinese Academy of Sciences</organizationName><positionName>Director</positionName>    <address>
<deliveryPoint>Moshan</deliveryPoint><city>Wuhan</city><administrativeArea>Hubei</administrativeArea><postalCode>430074</postalCode><country>CHINA</country>    </address>
<phone>027-87617051</phone><onlineUrl>http://202.127.158.14/hib/cvh_hib_1.htm</onlineUrl>    </creator>
    <metadataProvider>
    <individualName>
<givenName>Zheping</givenName>          <surName>xu</surName>
    </individualName>
<organizationName>Institute of Botany, Chinese Academy of Sciences</organizationName><positionName>Engineer</positionName>    <address>
<deliveryPoint>No. 20, Nanxincun, Xiangshan, Haidian District</deliveryPoint><city>Beijing</city><administrativeArea>Beijing</administrativeArea><postalCode>100093</postalCode><country>CHINA</country>    </address>
<phone>86-10-62836847</phone><electronicMailAddress>xuzp@ibcas.ac.cn</electronicMailAddress>    </metadataProvider>
      <pubDate>
      2019-09-19
      </pubDate>
    <language>ENGLISH</language>
    <abstract>
        <para>some Plant Specimen from Herbarium (HIB)from Wuhan Botanical Garden, Chinese Academy of Sciences</para>
    </abstract>
        <keywordSet>
              <keyword>Occurrence</keyword>
              <keywordThesaurus>GBIF Dataset Type Vocabulary: http://rs.gbif.org/vocabulary/gbif/dataset_type.xml</keywordThesaurus>
        </keywordSet>
        <keywordSet>
              <keyword>Specimen</keyword>
              <keywordThesaurus>GBIF Dataset Subtype Vocabulary: http://rs.gbif.org/vocabulary/gbif/dataset_subtype.xml</keywordThesaurus>
        </keywordSet>
      <intellectualRights>
        <para>This work is licensed under a <ulink url="http://creativecommons.org/licenses/by/4.0/legalcode"><citetitle>Creative Commons Attribution (CC-BY) 4.0 License</citetitle></ulink>.</para>
      </intellectualRights>
      <contact>
    <individualName>
<givenName>Zheping</givenName>          <surName>xu</surName>
    </individualName>
<organizationName>Institute of Botany, Chinese Academy of Sciences</organizationName><positionName>Engineer</positionName>    <address>
<deliveryPoint>No. 20, Nanxincun, Xiangshan, Haidian District</deliveryPoint><city>Beijing</city><administrativeArea>Beijing</administrativeArea><postalCode>100093</postalCode><country>CHINA</country>    </address>
<phone>86-10-62836847</phone><electronicMailAddress>xuzp@ibcas.ac.cn</electronicMailAddress>      </contact>
      <contact>
    <individualName>
<givenName>Jianqiang</givenName>          <surName>Li</surName>
    </individualName>
<organizationName>Wuhan Botanical Garden, Chinese Academy of Sciences</organizationName><positionName>Director</positionName>    <address>
<deliveryPoint>Moshan</deliveryPoint><city>Wuhan</city><administrativeArea>Hubei</administrativeArea><postalCode>430074</postalCode><country>CHINA</country>    </address>
<phone>027-87617051</phone><onlineUrl>http://202.127.158.14/hib/cvh_hib_1.htm</onlineUrl>      </contact>

</dataset>

<additionalMetadata>
    <metadata>
      <gbif>
        <dateStamp>2021-08-03T09:07:08Z</dateStamp>
      <citation>Li J, xu Z (2019). Plant Specimen from Herbarium (HIB) in China, Wuhan Botanical Garden, Chinese Academy of Sciences. Chinese Academy of Sciences (CAS). Occurrence dataset https://doi.org/10.15468/iuxeth accessed via GBIF.org on 2021-08-03.</citation>
              <resourceLogoUrl>http://www.gbifchina.org:8080/gbifcas/logo.do?r=hib_data</resourceLogoUrl>
      </gbif>
    </metadata>
</additionalMetadata>

</eml:eml>
