<?xml version="1.0" encoding="utf-8"?>
<eml:eml xmlns:eml="eml://ecoinformatics.org/eml-2.1.1" xmlns:xsi="http://www.w3.org/2001/XMLSchema-instance"
         xsi:schemaLocation="eml://ecoinformatics.org/eml-2.1.1 http://rs.gbif.org/schema/eml-gbif-profile/1.1/eml.xsd"
        packageId="1a200d08-ea10-4774-a41a-ff1f3da92eb1"  system="http://gbif.org" scope="system"
  xml:lang="en">

<dataset>
      <alternateIdentifier>10.15468/ne5wcp</alternateIdentifier>
        <alternateIdentifier>https://www.ebi.ac.uk/metagenomics/studies/MGYS00005502</alternateIdentifier>
    <title>Bacterial diversity and community composition in grassland and forest soils of the German Biodiversity Exploratories</title>
    <creator>
<organizationName>Institute of Microbiology and Genetics</organizationName>    </creator>
    <metadataProvider>
<organizationName>Institute of Microbiology and Genetics</organizationName>    </metadataProvider>
      <pubDate>
      2020-06-14
      </pubDate>
    <language>ENGLISH</language>
    <abstract>
        <para>Bacterial diversity and community composition should be assessed for grassland and forest soils in the three German Biodiversity Exploratories (Schorfheide-Chorin, Hainich-Dun, Schwabische Alb). Grassland soil samples were derived from meadows, pastures or mown pastures that were either fertilized or non-fertilized. Forest soil samples were derived from age class forest, selection forest or natural forest and dominated by either beech, oak, pine or spruce trees.The study focused on the effect of land use, management, fertilization and tree species as well as edaphic parameters onto the bacterial community and diversity to identify drivers of diversity and community composition.</para>
    </abstract>
        <keywordSet>
              <keyword>Metagenomics</keyword>
              <keyword>environmental genomics</keyword>
              <keywordThesaurus>N/A</keywordThesaurus>
        </keywordSet>
      <intellectualRights>
        <para>This work is licensed under a <ulink url="http://creativecommons.org/licenses/by/4.0/legalcode"><citetitle>Creative Commons Attribution (CC-BY) 4.0 License</citetitle></ulink>.</para>
      </intellectualRights>
      <distribution scope="document">
          <online>
              <url function="information">https://www.ebi.ac.uk/metagenomics/studies/MGYS00005502</url>
          </online>
      </distribution>
      <maintenance>
          <description>
              <para></para>
          </description>
          <maintenanceUpdateFrequency>unkown</maintenanceUpdateFrequency>
      </maintenance>
      <contact>
<organizationName>Institute of Microbiology and Genetics</organizationName>      </contact>
      <methods>
            <methodStep>
                <description>
                    <para>Pipeline used: https://www.ebi.ac.uk/metagenomics/pipelines/4.1</para>
                </description>
            </methodStep>
            <sampling>
                <studyExtent>
                    <description>
                        <para></para>
                    </description>
                </studyExtent>
                <samplingDescription>
                    <para>Bacterial diversity and community composition should be assessed for grassland and forest soils in the three German Biodiversity Exploratories (Schorfheide-Chorin, Hainich-Dun, Schwabische Alb). Grassland soil samples were derived from meadows, pastures or mown pastures that were either fertilized or non-fertilized. Forest soil samples were derived from age class forest, selection forest or natural forest and dominated by either beech, oak, pine or spruce trees.The study focused on the effect of land use, management, fertilization and tree species as well as edaphic parameters onto the bacterial community and diversity to identify drivers of diversity and community composition.</para>
                </samplingDescription>
            </sampling>
      </methods>

      <project >
          <title>Bacterial diversity and community composition in grassland and forest soils of the German Biodiversity Exploratories</title>
          <abstract>
              <para></para>
          </abstract>
          <funding>
              <para></para>
          </funding>
      </project>
</dataset>

<additionalMetadata>
    <metadata>
      <gbif>
        <dateStamp>2021-08-03T09:06:40Z</dateStamp>
      <citation>MGnify (2020). Bacterial diversity and community composition in grassland and forest soils of the German Biodiversity Exploratories. Sampling event dataset https://doi.org/10.15468/ne5wcp accessed via GBIF.org on 2021-08-03.</citation>
      </gbif>
    </metadata>
</additionalMetadata>

</eml:eml>
