<?xml version="1.0" encoding="utf-8"?>
<eml:eml xmlns:eml="eml://ecoinformatics.org/eml-2.1.1" xmlns:xsi="http://www.w3.org/2001/XMLSchema-instance"
         xsi:schemaLocation="eml://ecoinformatics.org/eml-2.1.1 http://rs.gbif.org/schema/eml-gbif-profile/1.1/eml.xsd"
        packageId="24fd68c4-d4ac-4a39-8e8b-3af9dae81db4"  system="http://gbif.org" scope="system"
  xml:lang="en">

<dataset>
      <alternateIdentifier>10.15468/5hqb2z</alternateIdentifier>
    <title>University of Tartu Natural History Museum and Botanical Garden Botanical Collections</title>
    <creator>
    <individualName>
<givenName>Kai</givenName>          <surName>Vellak</surName>
    </individualName>
<positionName>Head of the botanical and mycological museum</positionName><electronicMailAddress>kai.vellak@ut.ee</electronicMailAddress>    </creator>
    <metadataProvider>
    <individualName>
<givenName>Kai</givenName>          <surName>Vellak</surName>
    </individualName>
<positionName>Head of the botanical and mycological museum</positionName><electronicMailAddress>kai.vellak@ut.ee</electronicMailAddress>    </metadataProvider>
    <language>ENGLISH</language>
    <abstract>
        <para>Botanical and mycological herbarium (acronym TU) is the oldest herbarium in Estonia, also the largest, founded in 1802. The botany collection holds 282 989 specimens of vascular plants, bryophytes and macroalgae, including type specimens of 51 taxa, these numbers describe the collections in 2014.

The oldest dated herbarium sheet in the collection comes from 1819, the oldest dated herbarium sheet collected from Estonian grounds comes from 1834. The materials have mostly been collected by the staff of the University of Tartu, supplementing the collections has been a part of botanical research. The collections have grown by donations from private collections as well. The Herbarium Generale holds specimens from all over the world, many of these have been taken in by exchange from other herbaria. Today collections usually grow when the materials from expeditions and fieldwork are taken in, less by exchanges or donations. Of the Estonian herbariums, the TU keeps the largest collection of botanical materials from abroad (mostly from Russia, but also from Australia, e.g.).</para>
    </abstract>
      <intellectualRights>
        <para>This work is licensed under a <ulink url="http://creativecommons.org/licenses/by-nc/4.0/legalcode"><citetitle>Creative Commons Attribution Non Commercial (CC-BY-NC) 4.0 License</citetitle></ulink>.</para>
      </intellectualRights>
      <distribution scope="document">
          <online>
              <url function="information">https://www.natmuseum.ut.ee/en/content/botanical-collections</url>
          </online>
      </distribution>
      <contact>
    <individualName>
<givenName>Kai</givenName>          <surName>Vellak</surName>
    </individualName>
<positionName>Head of the botanical and mycological museum</positionName><electronicMailAddress>kai.vellak@ut.ee</electronicMailAddress>      </contact>
      <contact>
    <individualName>
<givenName>Ülle</givenName>          <surName>Reier</surName>
    </individualName>
<positionName>Curator</positionName><electronicMailAddress>ulle.reier@ut.ee</electronicMailAddress>      </contact>
      <contact>
    <individualName>
<givenName>Kaili</givenName>          <surName>Orav</surName>
    </individualName>
<positionName>Curator</positionName><electronicMailAddress>kaili.orav@ut.ee</electronicMailAddress>      </contact>
      <contact>
    <individualName>
<givenName>Mari</givenName>          <surName>Müür</surName>
    </individualName>
<positionName>Curator</positionName><electronicMailAddress>mari.muur@ut.ee</electronicMailAddress>      </contact>
      <contact>
    <individualName>
<givenName>Tiiu</givenName>          <surName>Kupper</surName>
    </individualName>
<positionName>Curator</positionName><electronicMailAddress>tiiu.kupper@ut.ee</electronicMailAddress>      <userId directory="https://orcid.org/">0000-0001-5821-0738</userId>
      </contact>

      <project >
          <title></title>
          <abstract>
              <para></para>
          </abstract>
          <funding>
              <para></para>
          </funding>
      </project>
</dataset>

<additionalMetadata>
    <metadata>
      <gbif>
        <dateStamp>2021-08-03T09:06:59Z</dateStamp>
      <citation>Vellak K. University of Tartu Natural History Museum and Botanical Garden Botanical Collections. University of Tartu, Natural History Museum and Botanical Garden. Occurrence dataset https://doi.org/10.15468/5hqb2z accessed via GBIF.org on 2021-08-03.</citation>
              <resourceLogoUrl>https://files.plutof.ut.ee/public/orig/C4/3E/C43EBECB81C50C879C8B3C4DC9C004B2FAC3EC13160AC6D31BF5B9359EE4DB3E.png</resourceLogoUrl>
      </gbif>
    </metadata>
</additionalMetadata>

</eml:eml>
