<?xml version="1.0" encoding="utf-8"?>
<eml:eml xmlns:eml="eml://ecoinformatics.org/eml-2.1.1" xmlns:xsi="http://www.w3.org/2001/XMLSchema-instance"
         xsi:schemaLocation="eml://ecoinformatics.org/eml-2.1.1 http://rs.gbif.org/schema/eml-gbif-profile/1.1/eml.xsd"
        packageId="35cfb386-7bd4-40a8-ba95-813b5f827671"  system="http://gbif.org" scope="system"
  xml:lang="en">

<dataset>
      <alternateIdentifier>10.15468/vbjgpb</alternateIdentifier>
        <alternateIdentifier>1d48e248-24be-4d67-97a7-efe33ac2b4bd</alternateIdentifier>
        <alternateIdentifier>https://doi.org/10.5281/zenodo.3467286</alternateIdentifier>
    <title>Chronicle of Nature - Phenology of Plants of State Nature Reserve Nurgush</title>
    <creator>
    <individualName>
<givenName>Sergej</givenName>          <surName>Shubin</surName>
    </individualName>
<organizationName>State Nature Reserve Nurgush</organizationName>    <address>
<deliveryPoint>610002, Kirov, Lenina street, 129a</deliveryPoint><city>Kirov</city><country>RUSSIAN_FEDERATION</country>    </address>
<phone>+79123366814</phone><electronicMailAddress>nurgush-nauka@yandex.ru</electronicMailAddress>    </creator>
    <metadataProvider>
    <individualName>
<givenName>Ludmila</givenName>          <surName>Tselishcheva</surName>
    </individualName>
<organizationName>State Nature Reserve Nurgush</organizationName>    <address>
<deliveryPoint>610002, Kirov, Lenina street, 129a</deliveryPoint><city>Kirov</city><country>RUSSIAN_FEDERATION</country>    </address>
<phone>+79127193701</phone><electronicMailAddress>tselishchevalg@mail.ru</electronicMailAddress>    </metadataProvider>
    <language>en</language>
    <abstract>
        <para>Plants Phenology dataset compiled in the context of Chronicle of Nature program in State Nature Reserve Nurgush (Russian Federation) consisting of 947 records collected during 20 years between 1995 and 2014.</para>
    </abstract>
      <intellectualRights>
        <para>This work is licensed under a <ulink url="http://creativecommons.org/licenses/by/4.0/legalcode"><citetitle>Creative Commons Attribution (CC-BY) 4.0 License</citetitle></ulink>.</para>
      </intellectualRights>

</dataset>

<additionalMetadata>
    <metadata>
      <gbif>
        <dateStamp>2021-08-03T09:07:08Z</dateStamp>
      <citation>Shubin S, Tselishcheva L. Chronicle of Nature - Phenology of Plants of State Nature Reserve Nurgush. State Nature Reserve Nurgush. Occurrence dataset https://doi.org/10.15468/vbjgpb accessed via GBIF.org on 2021-08-03.</citation>
      </gbif>
    </metadata>
</additionalMetadata>

</eml:eml>
