<?xml version="1.0" encoding="utf-8"?>
<eml:eml xmlns:eml="eml://ecoinformatics.org/eml-2.1.1" xmlns:xsi="http://www.w3.org/2001/XMLSchema-instance"
         xsi:schemaLocation="eml://ecoinformatics.org/eml-2.1.1 http://rs.gbif.org/schema/eml-gbif-profile/1.1/eml.xsd"
        packageId="3de01c29-b3d4-4eeb-bd5c-b2bb475566cc"  system="http://gbif.org" scope="system"
  xml:lang="en">

<dataset>
      <alternateIdentifier>10.15468/oifcho</alternateIdentifier>
        <alternateIdentifier>https://www.ebi.ac.uk/metagenomics/studies/MGYS00005294</alternateIdentifier>
    <title>Marine metagenomes from the bioGEOTRACES project</title>
    <creator>
<organizationName>MIT</organizationName>    </creator>
    <metadataProvider>
<organizationName>MIT</organizationName>    </metadataProvider>
      <pubDate>
      2020-11-04
      </pubDate>
    <language>ENGLISH</language>
    <abstract>
        <para>Marine metagenomes from the bioGEOTRACES project Metagenome</para>
    </abstract>
        <keywordSet>
              <keyword>Metagenomics</keyword>
              <keyword>environmental genomics</keyword>
              <keywordThesaurus>N/A</keywordThesaurus>
        </keywordSet>
      <intellectualRights>
        <para>This work is licensed under a <ulink url="http://creativecommons.org/licenses/by/4.0/legalcode"><citetitle>Creative Commons Attribution (CC-BY) 4.0 License</citetitle></ulink>.</para>
      </intellectualRights>
      <distribution scope="document">
          <online>
              <url function="information">https://www.ebi.ac.uk/metagenomics/studies/MGYS00005294</url>
          </online>
      </distribution>
      <maintenance>
          <description>
              <para></para>
          </description>
          <maintenanceUpdateFrequency>unkown</maintenanceUpdateFrequency>
      </maintenance>
      <contact>
<organizationName>MIT</organizationName>      </contact>
      <methods>
            <methodStep>
                <description>
                    <para>Pipeline used: https://www.ebi.ac.uk/metagenomics/pipelines/4.1</para>
                </description>
            </methodStep>
            <sampling>
                <studyExtent>
                    <description>
                        <para></para>
                    </description>
                </studyExtent>
                <samplingDescription>
                    <para>Marine metagenomes from the bioGEOTRACES project Metagenome</para>
                </samplingDescription>
            </sampling>
      </methods>

      <project >
          <title>Marine metagenomes from the bioGEOTRACES project</title>
          <abstract>
              <para></para>
          </abstract>
          <funding>
              <para></para>
          </funding>
      </project>
</dataset>

<additionalMetadata>
    <metadata>
      <gbif>
        <dateStamp>2021-08-03T09:06:56Z</dateStamp>
      <citation>MGnify (2020). Marine metagenomes from the bioGEOTRACES project. Sampling event dataset https://doi.org/10.15468/oifcho accessed via GBIF.org on 2021-08-03.</citation>
      </gbif>
    </metadata>
</additionalMetadata>

</eml:eml>
