<?xml version="1.0" encoding="utf-8"?>
<eml:eml xmlns:eml="eml://ecoinformatics.org/eml-2.1.1" xmlns:xsi="http://www.w3.org/2001/XMLSchema-instance"
         xsi:schemaLocation="eml://ecoinformatics.org/eml-2.1.1 http://rs.gbif.org/schema/eml-gbif-profile/1.1/eml.xsd"
        packageId="415860c4-137b-4617-9d10-a51885e35491"  system="http://gbif.org" scope="system"
  xml:lang="en">

<dataset>
      <alternateIdentifier>10.15468/hfl0sx</alternateIdentifier>
        <alternateIdentifier>https://www.ebi.ac.uk/metagenomics/studies/MGYS00004337</alternateIdentifier>
    <title>Rifle sediment bacterial community Targeted Locus (Loci)</title>
    <creator>
<organizationName>University of California, Berkeley</organizationName>    </creator>
    <metadataProvider>
<organizationName>University of California, Berkeley</organizationName>    </metadataProvider>
      <pubDate>
      2019-11-07
      </pubDate>
    <language>ENGLISH</language>
    <abstract>
        <para>The objective of the research at the Rifle site is to gain a comprehensive and mechanistic understanding of the microbial factors and associated geochemistry controlling uranium mobility at the field scale so that DOE can confidently remediate uranium plumes as well as support stewardship of uranium-contaminated sites.  This subproject focuses on near-full-length amplification, high-throughput sequencing, and assembly of the bacterial 16S rRNA gene for community characterization.</para>
    </abstract>
        <keywordSet>
              <keyword>Metagenomics</keyword>
              <keyword>environmental genomics</keyword>
              <keywordThesaurus>N/A</keywordThesaurus>
        </keywordSet>
      <intellectualRights>
        <para>This work is licensed under a <ulink url="http://creativecommons.org/licenses/by/4.0/legalcode"><citetitle>Creative Commons Attribution (CC-BY) 4.0 License</citetitle></ulink>.</para>
      </intellectualRights>
      <distribution scope="document">
          <online>
              <url function="information">https://www.ebi.ac.uk/metagenomics/studies/MGYS00004337</url>
          </online>
      </distribution>
      <maintenance>
          <description>
              <para></para>
          </description>
          <maintenanceUpdateFrequency>unkown</maintenanceUpdateFrequency>
      </maintenance>
      <contact>
<organizationName>University of California, Berkeley</organizationName>      </contact>
      <methods>
            <methodStep>
                <description>
                    <para>Pipeline used: https://www.ebi.ac.uk/metagenomics/pipelines/4.1</para>
                </description>
            </methodStep>
            <sampling>
                <studyExtent>
                    <description>
                        <para></para>
                    </description>
                </studyExtent>
                <samplingDescription>
                    <para>The objective of the research at the Rifle site is to gain a comprehensive and mechanistic understanding of the microbial factors and associated geochemistry controlling uranium mobility at the field scale so that DOE can confidently remediate uranium plumes as well as support stewardship of uranium-contaminated sites.  This subproject focuses on near-full-length amplification, high-throughput sequencing, and assembly of the bacterial 16S rRNA gene for community characterization.</para>
                </samplingDescription>
            </sampling>
      </methods>

      <project >
          <title>Rifle sediment bacterial community Targeted Locus (Loci)</title>
          <abstract>
              <para></para>
          </abstract>
          <funding>
              <para></para>
          </funding>
      </project>
</dataset>

<additionalMetadata>
    <metadata>
      <gbif>
        <dateStamp>2021-08-03T09:06:43Z</dateStamp>
      <citation>MGnify (2019). Rifle sediment bacterial community Targeted Locus (Loci). Sampling event dataset https://doi.org/10.15468/hfl0sx accessed via GBIF.org on 2021-08-03.</citation>
      </gbif>
    </metadata>
</additionalMetadata>

</eml:eml>
