<?xml version="1.0" encoding="utf-8"?>
<eml:eml xmlns:eml="eml://ecoinformatics.org/eml-2.1.1" xmlns:xsi="http://www.w3.org/2001/XMLSchema-instance"
         xsi:schemaLocation="eml://ecoinformatics.org/eml-2.1.1 http://rs.gbif.org/schema/eml-gbif-profile/1.1/eml.xsd"
        packageId="454cba05-03a6-4947-84a0-56c7e75d565b"  system="http://gbif.org" scope="system"
  xml:lang="en">

<dataset>
      <alternateIdentifier>10.15468/tkfv4l</alternateIdentifier>
        <alternateIdentifier>https://www.ebi.ac.uk/metagenomics/studies/MGYS00003985</alternateIdentifier>
    <title>Baselines Initiative 16S rRNA gene dataset: Baselines Amplicon Release 1 (R1) Caribbean Sea near Curacao (including saline pond samples in Curacao) 2015</title>
    <creator>
<organizationName>Monterey Bay Aquarium Research Institute</organizationName>    </creator>
    <metadataProvider>
<organizationName>Monterey Bay Aquarium Research Institute</organizationName>    </metadataProvider>
      <pubDate>
      2019-11-07
      </pubDate>
    <language>ENGLISH</language>
    <abstract>
        <para>The overall objective of this project (Baselines Initiative) is to generate several 16S rRNA gene databases to establish robust baseline information on the biological communities in marine ecosystems. This field study was conducted in the Caribbean Sea near Curacao (and saline ponds in Curacao as well) in April 2015 to examine phytoplankton community diversity.</para>
    </abstract>
        <keywordSet>
              <keyword>Metagenomics</keyword>
              <keyword>environmental genomics</keyword>
              <keywordThesaurus>N/A</keywordThesaurus>
        </keywordSet>
      <intellectualRights>
        <para>This work is licensed under a <ulink url="http://creativecommons.org/licenses/by/4.0/legalcode"><citetitle>Creative Commons Attribution (CC-BY) 4.0 License</citetitle></ulink>.</para>
      </intellectualRights>
      <distribution scope="document">
          <online>
              <url function="information">https://www.ebi.ac.uk/metagenomics/studies/MGYS00003985</url>
          </online>
      </distribution>
      <maintenance>
          <description>
              <para></para>
          </description>
          <maintenanceUpdateFrequency>unkown</maintenanceUpdateFrequency>
      </maintenance>
      <contact>
<organizationName>Monterey Bay Aquarium Research Institute</organizationName>      </contact>
      <methods>
            <methodStep>
                <description>
                    <para>Pipeline used: https://www.ebi.ac.uk/metagenomics/pipelines/4.1</para>
                </description>
            </methodStep>
            <sampling>
                <studyExtent>
                    <description>
                        <para></para>
                    </description>
                </studyExtent>
                <samplingDescription>
                    <para>The overall objective of this project (Baselines Initiative) is to generate several 16S rRNA gene databases to establish robust baseline information on the biological communities in marine ecosystems. This field study was conducted in the Caribbean Sea near Curacao (and saline ponds in Curacao as well) in April 2015 to examine phytoplankton community diversity.</para>
                </samplingDescription>
            </sampling>
      </methods>

      <project >
          <title>Baselines Initiative 16S rRNA gene dataset: Baselines Amplicon Release 1 (R1) Caribbean Sea near Curacao (including saline pond samples in Curacao) 2015</title>
          <abstract>
              <para></para>
          </abstract>
          <funding>
              <para></para>
          </funding>
      </project>
</dataset>

<additionalMetadata>
    <metadata>
      <gbif>
        <dateStamp>2021-08-03T09:06:51Z</dateStamp>
      <citation>MGnify (2019). Baselines Initiative 16S rRNA gene dataset: Baselines Amplicon Release 1 (R1) Caribbean Sea near Curacao (including saline pond samples in Curacao) 2015. Sampling event dataset https://doi.org/10.15468/tkfv4l accessed via GBIF.org on 2021-08-03.</citation>
              <bibliography>
      <citation identifier="DOI:10.1016/j.cub.2016.11.032">Choi CJ, Bachy C, Jaeger GS, Poirier C, Sudek L, Sarma VVSS, Mahadevan A, Giovannoni SJ, Worden AZ. 2017. Newly discovered deep-branching marine plastid lineages are numerically rare but globally distributed. Curr Biol vol. 27</citation>
              </bibliography>
      </gbif>
    </metadata>
</additionalMetadata>

</eml:eml>
