<?xml version="1.0" encoding="utf-8"?>
<eml:eml xmlns:eml="eml://ecoinformatics.org/eml-2.1.1" xmlns:xsi="http://www.w3.org/2001/XMLSchema-instance"
         xsi:schemaLocation="eml://ecoinformatics.org/eml-2.1.1 http://rs.gbif.org/schema/eml-gbif-profile/1.1/eml.xsd"
        packageId="4bda7e86-c7c0-440e-bed4-bde6c52a28c2"  system="http://gbif.org" scope="system"
  xml:lang="pt">

<dataset>
      <alternateIdentifier>10.15468/suhqjx</alternateIdentifier>
        <alternateIdentifier>4bda7e86-c7c0-440e-bed4-bde6c52a28c2</alternateIdentifier>
        <alternateIdentifier>http://ipt.jbrj.gov.br/reflora/resource?r=icn</alternateIdentifier>
    <title>ICN herbarium - Universidade Federal do Rio Grande Do Sul - Herbário Virtual REFLORA</title>
    <creator>
    <individualName>
<givenName>Mara</givenName>          <surName>Ritter</surName>
    </individualName>
<organizationName>UFRGS</organizationName><positionName>Curator</positionName>    <address>
<city>Porto Alegre</city><administrativeArea>RS</administrativeArea><country>BRAZIL</country>    </address>
<electronicMailAddress>mara.ritter@ufrgs.br</electronicMailAddress>    </creator>
    <metadataProvider>
    <individualName>
<givenName>Mara</givenName>          <surName>Ritter</surName>
    </individualName>
<organizationName>UFRGS</organizationName><positionName>Curator</positionName>    <address>
<city>Porto Alegre</city><administrativeArea>RS</administrativeArea><country>BRAZIL</country>    </address>
<electronicMailAddress>mara.ritter@ufrgs.br</electronicMailAddress>    </metadataProvider>
      <pubDate>
      2021-07-14
      </pubDate>
    <language>PORTUGUESE</language>
    <abstract>
        <para>Herbário da Universidade Federal do Rio Grande Do Sul</para>
    </abstract>
        <keywordSet>
              <keyword>Occurrence</keyword>
              <keywordThesaurus>GBIF Dataset Type Vocabulary: http://rs.gbif.org/vocabulary/gbif/dataset_type.xml</keywordThesaurus>
        </keywordSet>
        <keywordSet>
              <keyword>Specimen</keyword>
              <keywordThesaurus>GBIF Dataset Subtype Vocabulary: http://rs.gbif.org/vocabulary/gbif/dataset_subtype.xml</keywordThesaurus>
        </keywordSet>
      <intellectualRights>
        <para>This work is licensed under a <ulink url="http://creativecommons.org/licenses/by/4.0/legalcode"><citetitle>Creative Commons Attribution (CC-BY) 4.0 License</citetitle></ulink>.</para>
      </intellectualRights>
      <maintenance>
          <description>
              <para></para>
          </description>
          <maintenanceUpdateFrequency>monthly</maintenanceUpdateFrequency>
      </maintenance>
      <contact>
    <individualName>
<givenName>Mara</givenName>          <surName>Ritter</surName>
    </individualName>
<organizationName>UFRGS</organizationName><positionName>Curator</positionName>    <address>
<city>Porto Alegre</city><administrativeArea>RS</administrativeArea><country>BRAZIL</country>    </address>
<electronicMailAddress>mara.ritter@ufrgs.br</electronicMailAddress>      </contact>
      <contact>
    <individualName>
<givenName>Rafaela</givenName>          <surName>Forzza</surName>
    </individualName>
<organizationName>Rio de Janeiro Botanical Garden</organizationName><positionName>Reflora coordinator</positionName>    <address>
<deliveryPoint>Rua Pacheco Leão 915</deliveryPoint><city>Rio de Janeiro</city><administrativeArea>RJ</administrativeArea><postalCode>22460-030</postalCode><country>BRAZIL</country>    </address>
<phone>+552132042082</phone><electronicMailAddress>reflora@jbrj.gov.br</electronicMailAddress>      </contact>

</dataset>

<additionalMetadata>
    <metadata>
      <gbif>
        <dateStamp>2021-08-03T09:06:56Z</dateStamp>
      <citation>Ritter M (2021). ICN herbarium - Universidade Federal do Rio Grande Do Sul - Herbário Virtual REFLORA. Version 1.125. Instituto de Pesquisas Jardim Botanico do Rio de Janeiro. Occurrence dataset https://doi.org/10.15468/suhqjx accessed via GBIF.org on 2021-08-03.</citation>
              <resourceLogoUrl>http://ipt.jbrj.gov.br/reflora/logo.do?r=icn</resourceLogoUrl>
      </gbif>
    </metadata>
</additionalMetadata>

</eml:eml>
