<?xml version="1.0" encoding="utf-8"?>
<eml:eml xmlns:eml="eml://ecoinformatics.org/eml-2.1.1" xmlns:xsi="http://www.w3.org/2001/XMLSchema-instance"
         xsi:schemaLocation="eml://ecoinformatics.org/eml-2.1.1 http://rs.gbif.org/schema/eml-gbif-profile/1.1/eml.xsd"
        packageId="4faff7c0-b7f3-442b-88ec-b87d3e0721a3"  system="http://gbif.org" scope="system"
  xml:lang="en">

<dataset>
      <alternateIdentifier>10.15468/rti1bq</alternateIdentifier>
        <alternateIdentifier>4faff7c0-b7f3-442b-88ec-b87d3e0721a3</alternateIdentifier>
        <alternateIdentifier>http://ipt-ghana.gbif.fr/resource?r=medicinalplant</alternateIdentifier>
    <title>Medicinal plants and associated plant collections at Ghana Herbarium</title>
    <creator>
    <individualName>
<givenName>Alex</givenName>          <surName>Asase</surName>
    </individualName>
<organizationName>Accra</organizationName>    <address>
<deliveryPoint>P. O. Box LG 55</deliveryPoint>    </address>
    </creator>
    <metadataProvider>
    <individualName>
<givenName>Alex</givenName>          <surName>Asase</surName>
    </individualName>
<electronicMailAddress>alexasase@gmail.com</electronicMailAddress>    </metadataProvider>
    <associatedParty>
    <individualName>
<givenName>Alex</givenName>          <surName>Asase</surName>
    </individualName>
<electronicMailAddress>alexasase@gmail.com</electronicMailAddress>    <role>USER</role>
    </associatedParty>
      <pubDate>
      2021-03-08
      </pubDate>
    <language>ENGLISH</language>
    <abstract>
        <para>Medicinal plant collections and associated plants at the Ghana herbarium.</para>
    </abstract>
        <keywordSet>
              <keyword>Occurrence</keyword>
              <keywordThesaurus>GBIF Dataset Type Vocabulary: http://rs.gbif.org/vocabulary/gbif/dataset_type.xml</keywordThesaurus>
        </keywordSet>
        <keywordSet>
              <keyword>Specimen</keyword>
              <keywordThesaurus>GBIF Dataset Subtype Vocabulary: http://rs.gbif.org/vocabulary/gbif/dataset_subtype.xml</keywordThesaurus>
        </keywordSet>
      <intellectualRights>
        <para>This work is licensed under a <ulink url="http://creativecommons.org/licenses/by/4.0/legalcode"><citetitle>Creative Commons Attribution (CC-BY) 4.0 License</citetitle></ulink>.</para>
      </intellectualRights>
      <maintenance>
          <description>
              <para></para>
          </description>
          <maintenanceUpdateFrequency>unkown</maintenanceUpdateFrequency>
      </maintenance>
      <contact>
    <individualName>
<givenName>Alex</givenName>          <surName>Asase</surName>
    </individualName>
<organizationName>University of Ghana</organizationName>    <address>
<deliveryPoint>P. O. Box LG 55</deliveryPoint><city>Accra</city><administrativeArea>N/A</administrativeArea><postalCode>LG</postalCode><country>GHANA</country>    </address>
<phone>0244128800</phone><electronicMailAddress>alexasase@gmail.com</electronicMailAddress>      </contact>

      <project id="BID-AF2017-0226-NAC">
          <title>Biodiversity data mobilization and capacity enhancement regarding conservation of threatened Ghanaian medicinal plants</title>
          <personnel>
    <individualName>
          <surName>Alex</surName>
    </individualName>
    <role>ADMINISTRATIVE_POINT_OF_CONTACT</role>
          </personnel>
          <abstract>
              <para></para>
          </abstract>
          <funding>
              <para></para>
          </funding>
      </project>
</dataset>

<additionalMetadata>
    <metadata>
      <gbif>
        <dateStamp>2021-08-03T09:07:08Z</dateStamp>
      <citation>Asase A (2021). Medicinal plants and associated plant collections at Ghana Herbarium. Version 1.1. Ghana Biodiversity Information Facility (GhaBIF). Occurrence dataset https://doi.org/10.15468/rti1bq accessed via GBIF.org on 2021-08-03.</citation>
      </gbif>
    </metadata>
</additionalMetadata>

</eml:eml>
