<?xml version="1.0" encoding="utf-8"?>
<eml:eml xmlns:eml="eml://ecoinformatics.org/eml-2.1.1" xmlns:xsi="http://www.w3.org/2001/XMLSchema-instance"
         xsi:schemaLocation="eml://ecoinformatics.org/eml-2.1.1 http://rs.gbif.org/schema/eml-gbif-profile/1.1/eml.xsd"
        packageId="5830fa3c-497c-4d37-b771-bd6c84997f2c"  system="http://gbif.org" scope="system"
  xml:lang="en">

<dataset>
      <alternateIdentifier>10.15468/dmdck6</alternateIdentifier>
    <title>Steiermärkisches Landesmuseum Joanneum - Herbarium GJO</title>
    <associatedParty>
    <individualName>
          <surName>Kurt Zernig</surName>
    </individualName>
    <address>
<deliveryPoint>Weinzöttlstraße 16, A-8045 Graz, Austria</deliveryPoint>    </address>
<phone>+43 (316) 8017-9751</phone><electronicMailAddress>kurt.zernig@museum-joanneum.at</electronicMailAddress>    <role>TECHNICAL_POINT_OF_CONTACT</role>
    </associatedParty>
    <language>en</language>
      <intellectualRights>
        <para>This work is licensed under a <ulink url="http://creativecommons.org/licenses/by/4.0/legalcode"><citetitle>Creative Commons Attribution (CC-BY) 4.0 License</citetitle></ulink>.</para>
      </intellectualRights>
      <distribution scope="document">
          <online>
              <url function="information">http://www.museum-joanneum.at/</url>
          </online>
      </distribution>
      <contact>
    <individualName>
          <surName>Kurt Zernig</surName>
    </individualName>
    <address>
<deliveryPoint>Weinzöttlstraße 16, A-8045 Graz, Austria</deliveryPoint>    </address>
<phone>+43 (316) 8017-9751</phone><electronicMailAddress>kurt.zernig@museum-joanneum.at</electronicMailAddress>      </contact>

</dataset>

<additionalMetadata>
    <metadata>
      <gbif>
        <dateStamp>2021-08-03T09:07:03Z</dateStamp>
      <citation>Steiermärkisches Landesmuseum Joanneum - Herbarium GJO. Steiermärkisches Landesmuseum Joanneum - Herbarium GJO. Occurrence dataset https://doi.org/10.15468/dmdck6 accessed via GBIF.org on 2021-08-03.</citation>
              <resourceLogoUrl>https://www.museum-joanneum.at/fileadmin/templates/images/umj_logo_klein.png</resourceLogoUrl>
      </gbif>
    </metadata>
</additionalMetadata>

</eml:eml>
