<?xml version="1.0" encoding="utf-8"?>
<eml:eml xmlns:eml="eml://ecoinformatics.org/eml-2.1.1" xmlns:xsi="http://www.w3.org/2001/XMLSchema-instance"
         xsi:schemaLocation="eml://ecoinformatics.org/eml-2.1.1 http://rs.gbif.org/schema/eml-gbif-profile/1.1/eml.xsd"
        packageId="610f5cf0-13c7-11de-b2e0-b8a03c50a862"  system="http://gbif.org" scope="system"
  xml:lang="en">

<dataset>
      <alternateIdentifier>10.15468/flkjbv</alternateIdentifier>
        <alternateIdentifier>http://ipt.gbif.pl:8080/resource?r=ibl_zln_zielnik</alternateIdentifier>
        <alternateIdentifier>610f5cf0-13c7-11de-b2e0-b8a03c50a862</alternateIdentifier>
        <alternateIdentifier>1486</alternateIdentifier>
    <title>Herbarium of the Department of Natural Forests (Forest Research Institute) - Plants</title>
    <creator>
    <individualName>
<givenName>Jerzy M.</givenName>          <surName>Gutowski</surName>
    </individualName>
<organizationName>Forest Research Institute, European Centre for Natural Forests</organizationName>    <address>
<country>POLAND</country>    </address>
<electronicMailAddress>jgutowsk@las.ibl.bialowieza.pl</electronicMailAddress><onlineUrl>http://www.ibles.pl</onlineUrl>    </creator>
    <metadataProvider>
    <individualName>
<givenName>Jerzy M.</givenName>          <surName>Gutowski</surName>
    </individualName>
<organizationName>Forest Research Institute, European Centre for Natural Forests</organizationName>    <address>
<country>POLAND</country>    </address>
<electronicMailAddress>jgutowsk@las.ibl.bialowieza.pl</electronicMailAddress><onlineUrl>http://www.ibles.pl</onlineUrl>    </metadataProvider>
    <associatedParty>
    <individualName>
<givenName>Jerzy M.</givenName>          <surName>Gutowski</surName>
    </individualName>
<electronicMailAddress>jgutowsk@las.ibl.bialowieza.pl</electronicMailAddress>    <role>USER</role>
    </associatedParty>
      <pubDate>
      2017-12-14
      </pubDate>
    <language>ENGLISH</language>
    <abstract>
        <para>Herbarium of the Department of Natural Forests (Forest Research Institute) in Białowieża was established in 1962. The collection contains specimens (vascular plants, mosses, etc.) collected in 1957-1994 in north-eastern Poland.</para>
    </abstract>
        <keywordSet>
              <keyword>Occurrence</keyword>
              <keywordThesaurus>GBIF Dataset Type Vocabulary: http://rs.gbif.org/vocabulary/gbif/dataset_type.xml</keywordThesaurus>
        </keywordSet>
        <keywordSet>
              <keyword>Specimen</keyword>
              <keywordThesaurus>GBIF Dataset Subtype Vocabulary: http://rs.gbif.org/vocabulary/gbif/dataset_subtype.xml</keywordThesaurus>
        </keywordSet>
      <intellectualRights>
        <para>This work is licensed under a <ulink url="http://creativecommons.org/licenses/by-nc/4.0/legalcode"><citetitle>Creative Commons Attribution Non Commercial (CC-BY-NC) 4.0 License</citetitle></ulink>.</para>
      </intellectualRights>
      <maintenance>
          <description>
              <para></para>
          </description>
          <maintenanceUpdateFrequency>unkown</maintenanceUpdateFrequency>
      </maintenance>
      <contact>
    <individualName>
<givenName>Jerzy M.</givenName>          <surName>Gutowski</surName>
    </individualName>
<organizationName>Forest Research Institute, European Centre for Natural Forests</organizationName>    <address>
<country>POLAND</country>    </address>
<electronicMailAddress>jgutowsk@las.ibl.bialowieza.pl</electronicMailAddress><onlineUrl>http://www.ibles.pl</onlineUrl>      </contact>

</dataset>

<additionalMetadata>
    <metadata>
      <gbif>
        <dateStamp>2021-08-03T09:06:56Z</dateStamp>
      <citation>Gutowski J M (2017). Herbarium of the Department of Natural Forests (Forest Research Institute) - Plants. Forest Research Institute, European Centre for Natural Forests. Occurrence dataset https://doi.org/10.15468/flkjbv accessed via GBIF.org on 2021-08-03.</citation>
      </gbif>
    </metadata>
</additionalMetadata>

</eml:eml>
