<?xml version="1.0" encoding="utf-8"?>
<eml:eml xmlns:eml="eml://ecoinformatics.org/eml-2.1.1" xmlns:xsi="http://www.w3.org/2001/XMLSchema-instance"
         xsi:schemaLocation="eml://ecoinformatics.org/eml-2.1.1 http://rs.gbif.org/schema/eml-gbif-profile/1.1/eml.xsd"
        packageId="6410496e-930b-403f-a7a6-d6fd25a6a258"  system="http://gbif.org" scope="system"
  xml:lang="en">

<dataset>
      <alternateIdentifier>10.15468/u339qt</alternateIdentifier>
        <alternateIdentifier>https://serv.biokic.asu.edu/guatemala/portal/collections/misc/collprofiles.php?collid=19</alternateIdentifier>
    <title>Universidad del Valle de Guatemala - Herbario UVAL</title>
    <creator>
<organizationName>Biodiversidad de Guatemala</organizationName><electronicMailAddress>egbot@asu.edu</electronicMailAddress><onlineUrl>https://serv.biokic.asu.edu/guatemala/portal/index.php</onlineUrl>    </creator>
    <metadataProvider>
<organizationName>Biodiversidad de Guatemala</organizationName><electronicMailAddress>egbot@asu.edu</electronicMailAddress><onlineUrl>https://serv.biokic.asu.edu/guatemala/portal/index.php</onlineUrl>    </metadataProvider>
      <pubDate>
      2021-06-29
      </pubDate>
    <language>ENGLISH</language>
    <abstract>
        <para>The UVAL Herbarium was created in 1974 for education. In 1990, a formal reference collection was established and became the official herbarium of the Del Valle University of Guatemala. It currently has more than 20,000 records, among ferns, gymnosperms, and angiosperms. The main objective is to be a collection of the Guatemalan flora, open to the public, used as a reference for various studies by students and researchers. The main interests are tropical taxonomy, ethnobiology, ecology, and forests restoration.</para>
    </abstract>
      <intellectualRights>
        <para>This work is licensed under a <ulink url="http://creativecommons.org/licenses/by-nc/4.0/legalcode"><citetitle>Creative Commons Attribution Non Commercial (CC-BY-NC) 4.0 License</citetitle></ulink>.</para>
      </intellectualRights>
      <contact>
<organizationName>Universidad del Valle de Guatemala - Herbario UVAL</organizationName><phone>(+502) 2507-1500</phone><onlineUrl>http://www.uvg.edu.gt</onlineUrl>      </contact>

</dataset>

<additionalMetadata>
    <metadata>
      <gbif>
        <dateStamp>2021-08-03T09:06:57Z</dateStamp>
      <citation>Universidad del Valle de Guatemala (2021). Universidad del Valle de Guatemala - Herbario UVAL. Occurrence dataset https://doi.org/10.15468/u339qt accessed via GBIF.org on 2021-08-03.</citation>
      </gbif>
    </metadata>
</additionalMetadata>

</eml:eml>
