<?xml version="1.0" encoding="utf-8"?>
<eml:eml xmlns:eml="eml://ecoinformatics.org/eml-2.1.1" xmlns:xsi="http://www.w3.org/2001/XMLSchema-instance"
         xsi:schemaLocation="eml://ecoinformatics.org/eml-2.1.1 http://rs.gbif.org/schema/eml-gbif-profile/1.1/eml.xsd"
        packageId="69a53df8-4ca0-412c-8691-6cbe90827fad"  system="http://gbif.org" scope="system"
  xml:lang="es">

<dataset>
      <alternateIdentifier>10.15468/b5qezc</alternateIdentifier>
        <alternateIdentifier>http://ipt.mincyt.gob.ar/resource?r=alismatales-asparagales</alternateIdentifier>
        <alternateIdentifier>69a53df8-4ca0-412c-8691-6cbe90827fad</alternateIdentifier>
        <alternateIdentifier>https://ipt.mincyt.gob.ar/resource?r=alismatales-asparagales</alternateIdentifier>
    <title>Colección de Alismatales, Apiales, Aquifoliales, Arecales y Asparagales del Museo Botánico CORD - IMBIV</title>
    <creator>
    <individualName>
<givenName>Marcelo</givenName>          <surName>Gritti</surName>
    </individualName>
<organizationName>Museo CORD, IMBIV, UNC, CONICET, FCEFyN</organizationName><positionName>Técnico Principal</positionName>    <address>
<deliveryPoint>Velez Sarsfield 299</deliveryPoint><city>Córdoba</city><administrativeArea>Córdoba</administrativeArea><postalCode>5000</postalCode><country>ARGENTINA</country>    </address>
<phone>03514331056</phone><electronicMailAddress>mgritti@imbiv.unc.edu.ar</electronicMailAddress><onlineUrl>http://imbiv.conicet.unc.edu.ar/integrantes/g/gritti-marcelo/</onlineUrl>    </creator>
    <creator>
    <individualName>
<givenName>Jimena</givenName>          <surName>Ponce</surName>
    </individualName>
<organizationName>Museo CORD, IMBIV, UNC, CONICET, FCEFyN</organizationName><positionName>Técnico Profesional Principal</positionName>    <address>
<deliveryPoint>Velez Sarsfield 299</deliveryPoint><city>Córdoba</city><administrativeArea>Córdoba</administrativeArea><postalCode>5000</postalCode><country>ARGENTINA</country>    </address>
<phone>03514331056</phone><electronicMailAddress>museo@imbiv.unc.edu.ar</electronicMailAddress><onlineUrl>http://imbiv.conicet.unc.edu.ar/integrantes/p/ponce-maria-jimena/</onlineUrl>    </creator>
    <metadataProvider>
    <individualName>
<givenName>Marcelo</givenName>          <surName>Gritti</surName>
    </individualName>
<organizationName>Museo CORD, IMBIV, UNC, CONICET, FCEFyN</organizationName><positionName>Técnico Principal</positionName>    <address>
<deliveryPoint>Velez Sarsfield 299</deliveryPoint><city>Córdoba</city><administrativeArea>Córdoba</administrativeArea><postalCode>5000</postalCode><country>ARGENTINA</country>    </address>
<phone>03514331056</phone><electronicMailAddress>mgritti@imbiv.unc.edu.ar</electronicMailAddress><onlineUrl>http://imbiv.conicet.unc.edu.ar/integrantes/g/gritti-marcelo/</onlineUrl>    </metadataProvider>
    <metadataProvider>
    <individualName>
<givenName>Jimena</givenName>          <surName>Ponce</surName>
    </individualName>
<organizationName>Museo CORD, IMBIV, UNC, CONICET, FCEFyN</organizationName><positionName>Técnico Profesional Principal</positionName>    <address>
<deliveryPoint>Velez Sarsfield 299</deliveryPoint><city>Córdoba</city><administrativeArea>Córdoba</administrativeArea><postalCode>5000</postalCode><country>ARGENTINA</country>    </address>
<phone>03514331056</phone><electronicMailAddress>museo@imbiv.unc.edu.ar</electronicMailAddress><onlineUrl>http://imbiv.conicet.unc.edu.ar/integrantes/p/ponce-maria-jimena/</onlineUrl>    </metadataProvider>
    <metadataProvider>
    <individualName>
<givenName>Pascale</givenName>          <surName>Hick</surName>
    </individualName>
<organizationName>Museo CORD,UNC, FCEFyN</organizationName><positionName>Técnico</positionName>    <address>
<deliveryPoint>Velez Sarsfield 299</deliveryPoint><city>Córdoba</city><administrativeArea>Córdoba</administrativeArea><postalCode>5000</postalCode><country>ARGENTINA</country>    </address>
<phone>03514331056</phone><electronicMailAddress>pascale@imbiv.unc.edu.ar</electronicMailAddress>    </metadataProvider>
    <metadataProvider>
    <individualName>
<givenName>Ana Pía</givenName>          <surName>Wiemer</surName>
    </individualName>
<organizationName>Museo CORD, IMBIV, UNC, CONICET, FCEFyN</organizationName><positionName>Técnico Profesional</positionName>    <address>
<deliveryPoint>Velez Sarsfield 299</deliveryPoint><city>Córdoba</city><administrativeArea>Córdoba</administrativeArea><postalCode>5000</postalCode><country>ARGENTINA</country>    </address>
<phone>03514331056</phone><electronicMailAddress>apwiemer@imbiv.unc.edu.ar</electronicMailAddress><onlineUrl>http://imbiv.conicet.unc.edu.ar/integrantes/w/wemer-pia/</onlineUrl>    </metadataProvider>
      <pubDate>
      2021-06-11
      </pubDate>
    <language>SPANISH</language>
    <abstract>
        <para>Colección de Alismatales, Apiales, Aquifoliales, Arecales y Asparagales, compuesto por un total de 3447 ejemplares de herbario, que se distribuyen del siguiente modo: 

Ejemplares por familia para Alismatales: Alismataceae 60, Araceae 45, Hydrocharitaceae 44, Juncaginaceae 19, Lemnaceae 69, Limnocharitaceae 5, Najadaceae 17, Potamogetonaceae 126, Ruppiaceae 17, Zannichelliaceae 20. Georreferenciados: 369 ejemplares. Rango Temporal 1871/2016

Ejemplares por familia para Apiales: Apiaceae 1298, Apiaceae  2, Araliaceae 13, Pittosporaceae 7. Georreferenciados: 1119 ejemplares. Rango Temporal 1842/2016

Ejemplares por familia para Aquifoliales: Aquifoliaceae 7, Cardiopteridaceae 1. Georreferenciados: 4 ejemplares. Rango Temporal 1873/2011

Ejemplares por familia para Arecales: Arecaceae 41. Georreferenciados: 35 ejemplares. Rango Temporal 1874/2011

Ejemplares por familia para Asparagales: Agavaceae 3, Alliaceae 108, Amaryllidaceae 454, Anthericaceae 1, Asparagaceae 42, Asphodelaceae 14, Asteliaceae 5, Gilliesiaceae 1, Herreriaceae 1, Hyacinthaceae 4, Hypoxidaceae 23, Iridaceae 711, Orchidaceae 286, Ruscaceae 2, Tecophilaeaceae 1. Georreferenciados: 1357 ejemplares.  Rango Temporal 1870/2019</para>
    </abstract>
        <keywordSet>
              <keyword>Occurrence</keyword>
              <keywordThesaurus>GBIF Dataset Type Vocabulary: http://rs.gbif.org/vocabulary/gbif/dataset_type.xml</keywordThesaurus>
        </keywordSet>
        <keywordSet>
              <keyword>Specimen</keyword>
              <keywordThesaurus>GBIF Dataset Subtype Vocabulary: http://rs.gbif.org/vocabulary/gbif/dataset_subtype.xml</keywordThesaurus>
        </keywordSet>
        <keywordSet>
              <keyword>Occurrence</keyword>
              <keywordThesaurus>GBIF Dataset Type Vocabulary: http://rs.gbif.org/vocabulary/gbif/dataset_type_2015-07-10.xml</keywordThesaurus>
        </keywordSet>
      <intellectualRights>
        <para>This work is licensed under a <ulink url="http://creativecommons.org/licenses/by/4.0/legalcode"><citetitle>Creative Commons Attribution (CC-BY) 4.0 License</citetitle></ulink>.</para>
      </intellectualRights>
      <coverage>
            <geographicCoverage>
                  <geographicDescription>Distribución colección Alismatales: Argentina, Bolivia, Brasil, Madagascar, Perú.
Distribución colección Apiales: Argentina, Bolivia, Brasil, Chile, Estados Unidos de América, Irán, Paraguay, Turquía, Uruguay.
Distribución colección Aquifoliales: Argentina, Brasil y Bolivia.
Distribución colección Arecales: Argentina.
Distribución colección Asparagales: Argentina, Bolivia, Brasil, Chile, Comoras, India, Paraguay, Puerto Rico, Uruguay.</geographicDescription>
                  <boundingCoordinates>
                      <westBoundingCoordinate>-180</westBoundingCoordinate>
                      <eastBoundingCoordinate>171.562</eastBoundingCoordinate>
                      <northBoundingCoordinate>78.349</northBoundingCoordinate>
                      <southBoundingCoordinate>-75.141</southBoundingCoordinate>
                  </boundingCoordinates>
            </geographicCoverage>
          <temporalCoverage>
            <rangeOfDates>
              <beginDate>
                <calendarDate>      1843-07-23
</calendarDate>
              </beginDate>
              <endDate>
                <calendarDate>      2019-02-10
</calendarDate>
              </endDate>
            </rangeOfDates>
          </temporalCoverage>
      </coverage>
      <maintenance>
          <description>
              <para></para>
          </description>
          <maintenanceUpdateFrequency>annually</maintenanceUpdateFrequency>
      </maintenance>
      <contact>
    <individualName>
<givenName>Jimena</givenName>          <surName>Ponce</surName>
    </individualName>
<organizationName>Museo CORD, IMBIV, UNC, CONICET, FCEFyN</organizationName><positionName>Técnico Profesional Principal</positionName>    <address>
<deliveryPoint>Velez Sarsfield 299</deliveryPoint><city>Córdoba</city><administrativeArea>Córdoba</administrativeArea><postalCode>5000</postalCode><country>ARGENTINA</country>    </address>
<phone>03514331056</phone><electronicMailAddress>museo@imbiv.unc.edu.ar</electronicMailAddress><onlineUrl>http://imbiv.conicet.unc.edu.ar/integrantes/p/ponce-maria-jimena/</onlineUrl>      </contact>
      <contact>
    <individualName>
<givenName>Gloria E.</givenName>          <surName>Barboza</surName>
    </individualName>
<organizationName>Museo CORD, IMBIV, UNC, CONICET, FCQ</organizationName><positionName>Curadora</positionName>    <address>
<deliveryPoint>Velez Sarsfield 299</deliveryPoint><city>Córdoba</city><administrativeArea>Córdoba</administrativeArea><postalCode>5000</postalCode><country>ARGENTINA</country>    </address>
<phone>03514331056</phone><electronicMailAddress>gbarboza@imbiv.unc.edu.ar</electronicMailAddress><onlineUrl>http://imbiv.conicet.unc.edu.ar/integrantes/investigadores-2/b/barboza-gloria-estela/</onlineUrl>      </contact>
      <contact>
    <individualName>
<givenName>Gabriel</givenName>          <surName>Bernardello</surName>
    </individualName>
<organizationName>Museo CORD, IMBIV, UNC, CONICET, FCEFyN</organizationName><positionName>Director</positionName>    <address>
<deliveryPoint>Velez Sarsfield 299</deliveryPoint><city>Córdoba</city><administrativeArea>Córdoba</administrativeArea><postalCode>5000</postalCode><country>ARGENTINA</country>    </address>
<phone>03514331056</phone><electronicMailAddress>bernarde@imbiv.unc.edu.ar</electronicMailAddress><onlineUrl>http://imbiv.conicet.unc.edu.ar/integrantes/investigadores-2/b/bernardello-gabriel/</onlineUrl>      </contact>
      <contact>
    <individualName>
<givenName>Franco</givenName>          <surName>Chiarini</surName>
    </individualName>
<organizationName>Museo CORD, IMBIV, UNC, CONICET, FCEFyN</organizationName><positionName>Curador Asociado de Plantas Vasculares</positionName>    <address>
<deliveryPoint>Velez Sarsfield 299</deliveryPoint><city>Córdoba</city><administrativeArea>Córdoba</administrativeArea><postalCode>5000</postalCode><country>ARGENTINA</country>    </address>
<phone>03514331056</phone><electronicMailAddress>franco.e.chiarini@gmail.com</electronicMailAddress><onlineUrl>http://imbiv.conicet.unc.edu.ar/integrantes/investigadores-2/c/chiarini-franco/</onlineUrl>      </contact>
      <contact>
    <individualName>
<givenName>Marcelo</givenName>          <surName>Gritti</surName>
    </individualName>
<organizationName>Museo CORD, IMBIV, UNC, CONICET, FCEFyN</organizationName><positionName>Técnico Principal</positionName>    <address>
<deliveryPoint>Velez Sarsfield 299</deliveryPoint><city>Córdoba</city><administrativeArea>Córdoba</administrativeArea><postalCode>5000</postalCode><country>ARGENTINA</country>    </address>
<phone>03514331056</phone><electronicMailAddress>mgritti@imbiv.unc.edu.ar</electronicMailAddress><onlineUrl>http://imbiv.conicet.unc.edu.ar/integrantes/g/gritti-marcelo/</onlineUrl>      </contact>

</dataset>

<additionalMetadata>
    <metadata>
      <gbif>
        <dateStamp>2021-08-03T09:06:57Z</dateStamp>
      <citation>Gritti M, Ponce J, Hick P, Wiemer A P (2021). Colección de Alismatales, Apiales, Aquifoliales, Arecales y Asparagales del Museo Botánico CORD - IMBIV. Version 1.6. Instituto Multidisciplinario de Biología Vegetal - IMBIV. Occurrence dataset https://doi.org/10.15468/b5qezc accessed via GBIF.org on 2021-08-03.</citation>
              <resourceLogoUrl>https://ipt.mincyt.gob.ar/logo.do?r=alismatales-asparagales</resourceLogoUrl>
      </gbif>
    </metadata>
</additionalMetadata>

</eml:eml>
