<?xml version="1.0" encoding="utf-8"?>
<eml:eml xmlns:eml="eml://ecoinformatics.org/eml-2.1.1" xmlns:xsi="http://www.w3.org/2001/XMLSchema-instance"
         xsi:schemaLocation="eml://ecoinformatics.org/eml-2.1.1 http://rs.gbif.org/schema/eml-gbif-profile/1.1/eml.xsd"
        packageId="69f0f5c2-08b9-11e3-ab1f-00145eb45e9a"  system="http://gbif.org" scope="system"
  xml:lang="en">

<dataset>
      <alternateIdentifier>10.15468/sciejp</alternateIdentifier>
        <alternateIdentifier>15036</alternateIdentifier>
    <title>Naturhistorisches Museum Mainz, Herbarium Oesau</title>
    <associatedParty>
    <individualName>
          <surName>Jörg Holetschek</surName>
    </individualName>
    <address>
<deliveryPoint>BGBM, Königin-Luise-Str. 6-8, 14195 Berlin, Germany</deliveryPoint>    </address>
<electronicMailAddress>biodiversitydata@bgbm.org</electronicMailAddress>    <role>TECHNICAL_POINT_OF_CONTACT</role>
    </associatedParty>
    <language>en</language>
    <abstract>
        <para>The Herbarium of Albert Oesau was donated to the Naturhistorisches Museum Mainz (MNHM) in 2000. It contains approx. 5000 vouchers, mainly collected in Rhineland-Palatinate (Germany), particularly Rheinhessen, but also specimens from California (USA).</para>
    </abstract>
      <intellectualRights>
        <para>This work is licensed under a <ulink url="http://creativecommons.org/licenses/by/4.0/legalcode"><citetitle>Creative Commons Attribution (CC-BY) 4.0 License</citetitle></ulink>.</para>
      </intellectualRights>
      <contact>
    <individualName>
          <surName>Dr. Carsten Renker</surName>
    </individualName>
    <address>
<deliveryPoint>Naturhistorisches Museum Mainz, Reichklarastr. 10; 5116 Mainz, Germany</deliveryPoint>    </address>
<electronicMailAddress>carsten.renker@stadt.mainz.de</electronicMailAddress>      </contact>

</dataset>

<additionalMetadata>
    <metadata>
      <gbif>
        <dateStamp>2021-08-03T09:07:00Z</dateStamp>
      <citation>Naturhistorisches Museum Mainz. Naturhistorisches Museum Mainz, Herbarium Oesau. Occurrence dataset https://doi.org/10.15468/sciejp accessed via GBIF.org on 2021-08-03.</citation>
              <resourceLogoUrl>http://ww3.bgbm.org/providerResources/Logo-nhm-2010.png</resourceLogoUrl>
      </gbif>
    </metadata>
</additionalMetadata>

</eml:eml>
