<?xml version="1.0" encoding="utf-8"?>
<eml:eml xmlns:eml="eml://ecoinformatics.org/eml-2.1.1" xmlns:xsi="http://www.w3.org/2001/XMLSchema-instance"
         xsi:schemaLocation="eml://ecoinformatics.org/eml-2.1.1 http://rs.gbif.org/schema/eml-gbif-profile/1.1/eml.xsd"
        packageId="6ba93ace-e2cf-471b-8c62-532d83dddebb"  system="http://gbif.org" scope="system"
  xml:lang="en">

<dataset>
      <alternateIdentifier>10.15468/cbpzmf</alternateIdentifier>
        <alternateIdentifier>http://168.96.62.13:8080/ipt/resource?r=bav</alternateIdentifier>
        <alternateIdentifier>6ba93ace-e2cf-471b-8c62-532d83dddebb</alternateIdentifier>
        <alternateIdentifier>13404</alternateIdentifier>
    <title>Museo Argentino de Ciencias Naturales &quot;Bernardino Rivadavia&quot; (MACN). Vascular Plants National Collection (BAv)</title>
    <creator>
    <individualName>
<givenName>Diego</givenName>          <surName>Gutierrez</surName>
    </individualName>
<organizationName>Museo Argentino de Ciencias Naturales &apos;Bernardino Rivadavia&apos;</organizationName><positionName>Curador</positionName>    <address>
<deliveryPoint>Av. Angel Gallardo 470</deliveryPoint><city>Ciudad Autónoma de Buenos Aires</city><administrativeArea>C.A.B.A.</administrativeArea><postalCode>C1405DJR</postalCode><country>ARGENTINA</country>    </address>
<phone>(5411) 4982-0306 / 1154 / 5243 / 4494</phone><electronicMailAddress>digutier@macn.gov.ar</electronicMailAddress>    </creator>
    <metadataProvider>
    <individualName>
<givenName>Daniel</givenName>          <surName>Rodríguez</surName>
    </individualName>
<electronicMailAddress>drodriguez@macn.gov.ar</electronicMailAddress>    </metadataProvider>
      <pubDate>
      2021-08-02
      </pubDate>
    <language>SPANISH</language>
    <abstract>
        <para>Database of the collection of Vascular Plants, contains records of Cactaceae; Monocotyledons: Typhaceae, Spargaminaceae, Potamogetonaceae, Najadaceae, Juncaginaceae, Alismataceae, Butonaceae, Hydrocharitaceae, Poaceae, Cyperaceae and two particular collections: Argentinian Continental Ice Regions (years 1945-1947) and Islas Malvinas (years 1902-1904).</para>
    </abstract>
        <keywordSet>
              <keyword>Occurrence</keyword>
              <keywordThesaurus>GBIF Dataset Type Vocabulary: http://rs.gbif.org/vocabulary/gbif/dataset_type.xml</keywordThesaurus>
        </keywordSet>
        <keywordSet>
              <keyword>Specimen</keyword>
              <keywordThesaurus>GBIF Dataset Subtype Vocabulary: http://rs.gbif.org/vocabulary/gbif/dataset_subtype.xml</keywordThesaurus>
        </keywordSet>
      <intellectualRights>
        <para>This work is licensed under a <ulink url="http://creativecommons.org/licenses/by/4.0/legalcode"><citetitle>Creative Commons Attribution (CC-BY) 4.0 License</citetitle></ulink>.</para>
      </intellectualRights>
      <maintenance>
          <description>
              <para></para>
          </description>
          <maintenanceUpdateFrequency>monthly</maintenanceUpdateFrequency>
      </maintenance>
      <contact>
    <individualName>
<givenName>Diego</givenName>          <surName>Gutierrez</surName>
    </individualName>
<organizationName>Museo Argentino de Ciencias Naturales &apos;Bernardino Rivadavia&apos;</organizationName><positionName>Curador</positionName>    <address>
<deliveryPoint>Av. Angel Gallardo 470</deliveryPoint><city>Ciudad Autónoma de Buenos Aires</city><administrativeArea>C.A.B.A</administrativeArea><postalCode>C1405DJR</postalCode><country>ARGENTINA</country>    </address>
<phone>(5411) 4982-0306 / 1154 / 5243 / 4494</phone><electronicMailAddress>digutier@macn.gov.ar</electronicMailAddress>      </contact>

</dataset>

<additionalMetadata>
    <metadata>
      <gbif>
        <dateStamp>2021-08-03T09:07:10Z</dateStamp>
      <citation>Gutierrez D, Rodríguez D (2021). Museo Argentino de Ciencias Naturales &quot;Bernardino Rivadavia&quot; (MACN). Vascular Plants National Collection (BAv). Version 1.54. Museo Argentino de Ciencias Naturales. Occurrence dataset https://doi.org/10.15468/cbpzmf accessed via GBIF.org on 2021-08-03.</citation>
              <resourceLogoUrl>http://168.96.62.13:8080/ipt/logo.do?r=bav</resourceLogoUrl>
      </gbif>
    </metadata>
</additionalMetadata>

</eml:eml>
