<?xml version="1.0" encoding="utf-8"?>
<eml:eml xmlns:eml="eml://ecoinformatics.org/eml-2.1.1" xmlns:xsi="http://www.w3.org/2001/XMLSchema-instance"
         xsi:schemaLocation="eml://ecoinformatics.org/eml-2.1.1 http://rs.gbif.org/schema/eml-gbif-profile/1.1/eml.xsd"
        packageId="6cb80484-b9cd-4e83-b81e-70416f61f5ed"  system="http://gbif.org" scope="system"
  xml:lang="en">

<dataset>
      <alternateIdentifier>10.15468/f4ud0j</alternateIdentifier>
        <alternateIdentifier>c8bc0ff6-31f4-47ff-97ab-6b0cfa0219ae</alternateIdentifier>
        <alternateIdentifier>https://doi.org/10.5281/zenodo.3467192</alternateIdentifier>
    <title>Chronicle of Nature - Phenology of Plants of National Park Bashkirija</title>
    <creator>
    <individualName>
<givenName>Elvira</givenName>          <surName>Kotlugalyamova</surName>
    </individualName>
<organizationName>National Park Bashkirija</organizationName>    <address>
<deliveryPoint>453870, Bashkortostan Republic, Meleuzovskiy district, Nurgush, Abubakirova 1</deliveryPoint><city>Nurgush</city><country>RUSSIAN_FEDERATION</country>    </address>
<phone>+89273025789</phone><electronicMailAddress>elvira0277@rambler.ru</electronicMailAddress>    </creator>
    <creator>
    <individualName>
<givenName>Ildus</givenName>          <surName>Nurmukhametov</surName>
    </individualName>
<organizationName>National Park Bashkirija</organizationName>    <address>
<deliveryPoint>453870, Bashkortostan Republic, Meleuzovskiy district, Nurgush, Abubakirova 1</deliveryPoint><country>RUSSIAN_FEDERATION</country>    </address>
<phone>+89174558017</phone><electronicMailAddress>shurale2007@yandex.ru</electronicMailAddress>    </creator>
    <metadataProvider>
    <individualName>
<givenName>Lilija</givenName>          <surName>Sultangareeva</surName>
    </individualName>
<organizationName>National Park Bashkirija</organizationName>    <address>
<deliveryPoint>453870, Bashkortostan Republic, Meleuzovskiy district, Nurgush, Abubakirova 1</deliveryPoint><city>Nurgush</city><country>RUSSIAN_FEDERATION</country>    </address>
<phone>+79270880012</phone><electronicMailAddress>npb.nauka@rambler.ru</electronicMailAddress>    </metadataProvider>
    <language>en</language>
    <abstract>
        <para>Plants Phenology dataset compiled in the context of Chronicle of Nature program in National Park Bashkirija (Russian Federation) consisting of 140 records collected during  8 years between 2000 and 2011.</para>
    </abstract>
      <intellectualRights>
        <para>This work is licensed under a <ulink url="http://creativecommons.org/licenses/by/4.0/legalcode"><citetitle>Creative Commons Attribution (CC-BY) 4.0 License</citetitle></ulink>.</para>
      </intellectualRights>

</dataset>

<additionalMetadata>
    <metadata>
      <gbif>
        <dateStamp>2021-08-03T09:06:52Z</dateStamp>
      <citation>Kotlugalyamova E, Nurmukhametov I, Sultangareeva L. Chronicle of Nature - Phenology of Plants of National Park Bashkirija. National Park Bashkirija. Occurrence dataset https://doi.org/10.15468/f4ud0j accessed via GBIF.org on 2021-08-03.</citation>
      </gbif>
    </metadata>
</additionalMetadata>

</eml:eml>
