<?xml version="1.0" encoding="utf-8"?>
<eml:eml xmlns:eml="eml://ecoinformatics.org/eml-2.1.1" xmlns:xsi="http://www.w3.org/2001/XMLSchema-instance"
         xsi:schemaLocation="eml://ecoinformatics.org/eml-2.1.1 http://rs.gbif.org/schema/eml-gbif-profile/1.1/eml.xsd"
        packageId="73decd94-06c8-4539-a64e-89f54fb882fc"  system="http://gbif.org" scope="system"
  xml:lang="en">

<dataset>
      <alternateIdentifier>10.15468/fqi5es</alternateIdentifier>
        <alternateIdentifier>http://www.gbif.jp/ipt/resource.do?r=tns-vs</alternateIdentifier>
        <alternateIdentifier>73decd94-06c8-4539-a64e-89f54fb882fc</alternateIdentifier>
        <alternateIdentifier>81ba96e7-613f-46c9-9c96-99f0e8ad2bbf</alternateIdentifier>
        <alternateIdentifier>12325</alternateIdentifier>
    <title>Vascular Plants Collection of National Museum of Nature and Science</title>
    <creator>
    <individualName>
<givenName>Atsushi</givenName>          <surName>Ebihara</surName>
    </individualName>
<organizationName>National Museum of Nature and Science</organizationName><positionName>Dr.</positionName>    <address>
<country>JAPAN</country>    </address>
<phone>+81-29-853-8988</phone><electronicMailAddress>ebihara@kahaku.go.jp</electronicMailAddress>    </creator>
    <metadataProvider>
    <individualName>
<givenName>Atsushi</givenName>          <surName>Ebihara</surName>
    </individualName>
<organizationName>National Museum of Nature and Science</organizationName><positionName>Dr.</positionName>    <address>
<country>JAPAN</country>    </address>
<phone>+81-29-853-8988</phone><electronicMailAddress>ebihara@kahaku.go.jp</electronicMailAddress>    </metadataProvider>
    <associatedParty>
    <individualName>
<givenName>Atsushi</givenName>          <surName>Ebihara</surName>
    </individualName>
<organizationName>National Museum of Nature and Science</organizationName><positionName>Dr.</positionName>    <address>
<country>JAPAN</country>    </address>
<phone>+81-29-853-8988</phone><electronicMailAddress>ebihara@kahaku.go.jp</electronicMailAddress>    <role>USER</role>
    </associatedParty>
      <pubDate>
      2016-06-02
      </pubDate>
    <language>ENGLISH</language>
    <abstract>
        <para>Herbarium Specimens of Vascular Plant in TNS</para>
    </abstract>
        <keywordSet>
              <keyword>Pteridophytes</keyword>
              <keywordThesaurus>n/a</keywordThesaurus>
        </keywordSet>
        <keywordSet>
              <keyword>Occurrence</keyword>
              <keywordThesaurus>GBIF Dataset Type Vocabulary: http://rs.gbif.org/vocabulary/gbif/dataset_type.xml</keywordThesaurus>
        </keywordSet>
        <keywordSet>
              <keyword>Specimen</keyword>
              <keywordThesaurus>GBIF Dataset Subtype Vocabulary: http://rs.gbif.org/vocabulary/gbif/dataset_subtype.xml</keywordThesaurus>
        </keywordSet>
      <intellectualRights>
        <para>This work is licensed under a <ulink url="http://creativecommons.org/licenses/by/4.0/legalcode"><citetitle>Creative Commons Attribution (CC-BY) 4.0 License</citetitle></ulink>.</para>
      </intellectualRights>
      <contact>
    <individualName>
<givenName>Atsushi</givenName>          <surName>Ebihara</surName>
    </individualName>
<organizationName>National Museum of Nature and Science</organizationName><positionName>Dr.</positionName>    <address>
<country>JAPAN</country>    </address>
<phone>+81-29-853-8988</phone><electronicMailAddress>ebihara@kahaku.go.jp</electronicMailAddress>      </contact>

</dataset>

<additionalMetadata>
    <metadata>
      <gbif>
        <dateStamp>2021-08-03T09:06:45Z</dateStamp>
      <citation>Ebihara A (2016). Vascular Plants Collection of National Museum of Nature and Science. National Institute of Genetics, ROIS. Occurrence dataset https://doi.org/10.15468/fqi5es accessed via GBIF.org on 2021-08-03.</citation>
      </gbif>
    </metadata>
</additionalMetadata>

</eml:eml>
