<?xml version="1.0" encoding="utf-8"?>
<eml:eml xmlns:eml="eml://ecoinformatics.org/eml-2.1.1" xmlns:xsi="http://www.w3.org/2001/XMLSchema-instance"
         xsi:schemaLocation="eml://ecoinformatics.org/eml-2.1.1 http://rs.gbif.org/schema/eml-gbif-profile/1.1/eml.xsd"
        packageId="7565c55d-9dc8-442d-95cf-19d5ebb3d2b0"  system="http://gbif.org" scope="system"
  xml:lang="en">

<dataset>
      <alternateIdentifier>10.15468/d5o7bf</alternateIdentifier>
        <alternateIdentifier>https://collections.ala.org.au/public/show/dr362</alternateIdentifier>
        <alternateIdentifier>817494c5-1326-3df9-8f49-c74ee57d59f0</alternateIdentifier>
        <alternateIdentifier>http://collections.ala.org.au/public/show/dr362</alternateIdentifier>
        <alternateIdentifier>7565c55d-9dc8-442d-95cf-19d5ebb3d2b0</alternateIdentifier>
        <alternateIdentifier>03ddbfa3-bc8f-3abf-a71b-baa0f9f23ba4</alternateIdentifier>
        <alternateIdentifier>b221c25f-dabe-3df6-ae85-696fc4725123</alternateIdentifier>
        <alternateIdentifier>12736</alternateIdentifier>
    <title>Flora Atlas N.T.</title>
    <creator>
<organizationName>Northern Territory Department of Environment and Natural Resources</organizationName>    <address>
<deliveryPoint>PO Box 496</deliveryPoint><city>Palmerston</city><administrativeArea>Northern Territory</administrativeArea><postalCode>0831</postalCode>    </address>
<onlineUrl>http://www.nt.gov.au/nreta/</onlineUrl>    </creator>
    <metadataProvider>
<organizationName>Northern Territory Department of Environment and Natural Resources</organizationName>    <address>
<deliveryPoint>PO Box 496</deliveryPoint><city>Palmerston</city><administrativeArea>Northern Territory</administrativeArea><postalCode>0831</postalCode>    </address>
<onlineUrl>http://www.nt.gov.au/nreta/</onlineUrl>    </metadataProvider>
    <associatedParty>
<organizationName>Atlas of Living Australia</organizationName>    <address>
<deliveryPoint>CSIRO Ecosystems Services</deliveryPoint><city>Canberra</city><administrativeArea>ACT</administrativeArea><postalCode>2601</postalCode><country>AUSTRALIA</country>    </address>
<electronicMailAddress>info@ala.org.au</electronicMailAddress>    <role>DISTRIBUTOR</role>
    </associatedParty>
      <pubDate>
      2020-08-26
      </pubDate>
    <language>ENGLISH</language>
    <abstract>
        <para>Record flora observational summary data within the N.T. Taxonomic and collection data for observed and collected plants. Includes presence/absence info, date, and location.</para>
    </abstract>
      <intellectualRights>
        <para>This work is licensed under a <ulink url="http://creativecommons.org/licenses/by/4.0/legalcode"><citetitle>Creative Commons Attribution (CC-BY) 4.0 License</citetitle></ulink>.</para>
      </intellectualRights>
      <distribution scope="document">
          <online>
              <url function="information">https://collections.ala.org.au/public/show/dr362</url>
          </online>
      </distribution>
      <contact>
    <individualName>
<givenName>Donna</givenName>          <surName>Lewis</surName>
    </individualName>
<positionName>Administrative</positionName><phone>08 89994532</phone><electronicMailAddress>donna.lewis@nt.gov.au</electronicMailAddress>      </contact>
      <methods>
      </methods>

</dataset>

<additionalMetadata>
    <metadata>
      <gbif>
        <dateStamp>2021-08-03T09:07:07Z</dateStamp>
      <citation>Northern Territory Department of Environment and Natural Resources (2020). Flora Atlas N.T.. Occurrence dataset https://doi.org/10.15468/d5o7bf accessed via GBIF.org on 2021-08-03.</citation>
      </gbif>
    </metadata>
</additionalMetadata>

</eml:eml>
