<?xml version="1.0" encoding="utf-8"?>
<eml:eml xmlns:eml="eml://ecoinformatics.org/eml-2.1.1" xmlns:xsi="http://www.w3.org/2001/XMLSchema-instance"
         xsi:schemaLocation="eml://ecoinformatics.org/eml-2.1.1 http://rs.gbif.org/schema/eml-gbif-profile/1.1/eml.xsd"
        packageId="78ba4493-432d-4458-8696-7901cbe5e113"  system="http://gbif.org" scope="system"
  xml:lang="en">

<dataset>
      <alternateIdentifier>10.15470/ssy7h3</alternateIdentifier>
        <alternateIdentifier>https://ipt.gbif.es/resource?r=bioblitz_bcn</alternateIdentifier>
        <alternateIdentifier>http://www.gbif.es/ipt/resource?r=bioblitz_bcn</alternateIdentifier>
        <alternateIdentifier>78ba4493-432d-4458-8696-7901cbe5e113</alternateIdentifier>
    <title>BioBlitz Barcelona 2010-14</title>
    <creator>
    <individualName>
<givenName>Francesc</givenName>          <surName>Uribe</surName>
    </individualName>
<organizationName>Museu de Ciències Naturals de Barcelona</organizationName><positionName>Curator, non-arthropod invertebrates collections</positionName>    <address>
<deliveryPoint>P. Picasso s/n</deliveryPoint><city>Barcelona</city><administrativeArea>Barcelona</administrativeArea><postalCode>08003</postalCode><country>SPAIN</country>    </address>
<electronicMailAddress>francescjup@gmail.com</electronicMailAddress><onlineUrl>http://museuciencies.cat/en/area-cientifica/departaments-cientifics/invertebrats-no-artopodes/</onlineUrl>    </creator>
    <metadataProvider>
    <individualName>
<givenName>Francesc</givenName>          <surName>Uribe</surName>
    </individualName>
<organizationName>Museu de Ciències Naturals de Barcelona</organizationName><positionName>Curator, non-arthropod invertebrates collections</positionName>    <address>
<deliveryPoint>P. Picasso s/n</deliveryPoint><city>Barcelona</city><administrativeArea>Barcelona</administrativeArea><postalCode>08003</postalCode><country>SPAIN</country>    </address>
<electronicMailAddress>francescjup@gmail.com</electronicMailAddress><onlineUrl>http://museuciencies.cat/en/area-cientifica/departaments-cientifics/invertebrats-no-artopodes/</onlineUrl>    </metadataProvider>
    <associatedParty>
    <individualName>
<givenName>Francesc</givenName>          <surName>Uribe</surName>
    </individualName>
<organizationName>Museu de Ciències Naturals de Barcelona</organizationName><positionName>Curator, non-arthropod invertebrates collections</positionName>    <address>
<deliveryPoint>P. Picasso s/n</deliveryPoint><city>Barcelona</city><administrativeArea>Barcelona</administrativeArea><postalCode>08003</postalCode><country>SPAIN</country>    </address>
<electronicMailAddress>francescjup@gmail.com</electronicMailAddress><onlineUrl>http://museuciencies.cat/en/area-cientifica/departaments-cientifics/invertebrats-no-artopodes/</onlineUrl>    <role>CONTENT_PROVIDER</role>
    </associatedParty>
    <associatedParty>
    <individualName>
<givenName>Noemí</givenName>          <surName>Montes-Moreno</surName>
    </individualName>
<organizationName>Institut Botànic de Barcelona-Herbari BC</organizationName><positionName>Herbarium Technician and Post-doctoral Researcher</positionName>    <address>
<deliveryPoint>Passeig del Migdia, s/n</deliveryPoint><city>Barcelona</city><administrativeArea>Barcelona</administrativeArea><postalCode>08038</postalCode><country>SPAIN</country>    </address>
<electronicMailAddress>n.montesmoreno@gmail.com</electronicMailAddress><onlineUrl>http://www.ibb.bcn-csic.es/recerca/biodiversitat/personal/noemi-montes-moreno/</onlineUrl>    <role>CONTENT_PROVIDER</role>
    </associatedParty>
    <associatedParty>
    <individualName>
<givenName>Neus</givenName>          <surName>Ibáñez</surName>
    </individualName>
<organizationName>Institut Botànic de Barcelona-Herbari BC</organizationName><positionName>Curator</positionName>    <address>
<deliveryPoint>Passeig del Migdia, s/n</deliveryPoint><city>Barcelona</city><administrativeArea>Barcelona</administrativeArea><postalCode>08038</postalCode><country>SPAIN</country>    </address>
<electronicMailAddress>nibanez@ibb.csic.es</electronicMailAddress><onlineUrl>http://www.ibb.bcn-csic.es/recerca/historia-i-col%C2%B7leccions/personal/neus-ibanez/</onlineUrl>    <role>CONTENT_PROVIDER</role>
    </associatedParty>
    <associatedParty>
    <individualName>
<givenName>Neus</givenName>          <surName>Nualart</surName>
    </individualName>
<organizationName>Institut Botànic de Barcelona-Herbari BC</organizationName><positionName>Curator</positionName>    <address>
<deliveryPoint>Passeig del Migdia, s/n</deliveryPoint><city>Barcelona</city><administrativeArea>Barcelona</administrativeArea><postalCode>08038</postalCode><country>SPAIN</country>    </address>
<electronicMailAddress>nnualart@ibb.csic.es</electronicMailAddress><onlineUrl>http://www.ibb.bcn-csic.es/recerca/historia-i-col%C2%B7leccions/personal/neus-nualart/</onlineUrl>    <role>CONTENT_PROVIDER</role>
    </associatedParty>
    <associatedParty>
    <individualName>
<givenName>David</givenName>          <surName>Pérez-Prieto</surName>
    </individualName>
<organizationName>Departament de Biologia Vegetal, Universitat de Barcelona</organizationName><positionName>Technician</positionName>    <address>
<deliveryPoint>Av. Diagonal, 643-645</deliveryPoint><city>Barcelona</city><administrativeArea>Barcelona</administrativeArea><postalCode>08028</postalCode><country>SPAIN</country>    </address>
<electronicMailAddress>perezprieto@hotmail.com</electronicMailAddress>    <role>CONTENT_PROVIDER</role>
    </associatedParty>
    <associatedParty>
    <individualName>
<givenName>Carlos</givenName>          <surName>Gómez</surName>
    </individualName>
<organizationName>Departament de Biologia Vegetal, Universitat de Barcelona</organizationName><positionName>PhD researcher</positionName>    <address>
<deliveryPoint>Av. Diagonal, 643-645</deliveryPoint><city>Barcelona</city><administrativeArea>Barcelona</administrativeArea><postalCode>08028</postalCode><country>SPAIN</country>    </address>
<electronicMailAddress>carlosnuril@hotmail.com</electronicMailAddress>    <role>CONTENT_PROVIDER</role>
    </associatedParty>
    <associatedParty>
    <individualName>
<givenName>Laura</givenName>          <surName>Gavioli</surName>
    </individualName>
<organizationName>Institut Botànic de Barcelona-Herbari BC</organizationName><positionName>Herbarium technician</positionName>    <address>
<deliveryPoint>Passeig del Migdia, s/n</deliveryPoint><city>Barcelona</city><administrativeArea>Barcelona</administrativeArea><postalCode>08038</postalCode><country>SPAIN</country>    </address>
<electronicMailAddress>lgavioli.bcn@gmail.com</electronicMailAddress><onlineUrl>http://www.ibb.bcn-csic.es/recerca/historia-i-col%C2%B7leccions/personal/laura-gavioli/</onlineUrl>    <role>CONTENT_PROVIDER</role>
    </associatedParty>
    <associatedParty>
    <individualName>
<givenName>Almudena</givenName>          <surName>Galián</surName>
    </individualName>
<organizationName>Institut Botànic de Barcelona-Herbari BC</organizationName><positionName>PhD researcher</positionName>    <address>
<deliveryPoint>Passeig del Migdia, s/n</deliveryPoint><city>Barcelona</city><administrativeArea>Barcelona</administrativeArea><postalCode>08038</postalCode><country>SPAIN</country>    </address>
<electronicMailAddress>almudena.galian@gmail.com</electronicMailAddress><onlineUrl>http://www.ibb.bcn-csic.es/recerca/biodiversitat/personal/almudena-galian/</onlineUrl>    <role>CONTENT_PROVIDER</role>
    </associatedParty>
    <associatedParty>
    <individualName>
<givenName>Vicenç</givenName>          <surName>Bros</surName>
    </individualName>
<organizationName>Natural Parks Technical Office, Diputació de Barcelona</organizationName><positionName>Natural Park Officer</positionName>    <address>
<deliveryPoint>Urgell, 187, Edif. Rellotge 3ª</deliveryPoint><city>Barcelona</city><administrativeArea>Barcelona</administrativeArea><postalCode>08036</postalCode><country>SPAIN</country>    </address>
<electronicMailAddress>broscv@diba.cat</electronicMailAddress>    <role>CONTENT_PROVIDER</role>
    </associatedParty>
    <associatedParty>
    <individualName>
<givenName>Jordi</givenName>          <surName>Dantart</surName>
    </individualName>
<organizationName>Societat Catalana de Lepidopterologia</organizationName><positionName>Biologist</positionName>    <address>
<deliveryPoint>Museu de Ciències Naturals de Barcelona. Plaça Leonardo da Vinci, 4-5</deliveryPoint><city>Barcelona</city><administrativeArea>Barcelona</administrativeArea><postalCode>08019</postalCode><country>SPAIN</country>    </address>
<electronicMailAddress>jdantart@xtec.cat</electronicMailAddress>    <role>CONTENT_PROVIDER</role>
    </associatedParty>
    <associatedParty>
    <individualName>
<givenName>Xavier</givenName>          <surName>Muñoz-Báguena</surName>
    </individualName>
<organizationName>Escola Pia de Sant Antoni</organizationName><positionName>Teacher</positionName>    <address>
<city>Barcelona</city><administrativeArea>barcelona</administrativeArea><country>SPAIN</country>    </address>
<electronicMailAddress>xmunoz@xtec.cat</electronicMailAddress>    <role>CONTENT_PROVIDER</role>
    </associatedParty>
    <associatedParty>
    <individualName>
<givenName>Francesc</givenName>          <surName>Llimona</surName>
    </individualName>
<organizationName>Consorci del Parc Natural de la Serra de Collserola</organizationName><positionName>Biologist</positionName>    <address>
<deliveryPoint>Carretera de l&apos;Esglèsia, 92</deliveryPoint><city>Barcelona</city><administrativeArea>Barcelona</administrativeArea><postalCode>08017</postalCode><country>SPAIN</country>    </address>
<electronicMailAddress>fllimona@parccollserola.net</electronicMailAddress>    <role>CONTENT_PROVIDER</role>
    </associatedParty>
    <associatedParty>
    <individualName>
<givenName>Marta</givenName>          <surName>Goula</surName>
    </individualName>
<organizationName>Universitat de Barcelona</organizationName><positionName>Professor</positionName>    <address>
<deliveryPoint>Avda. Diagonal 643</deliveryPoint><city>Barcelona</city><administrativeArea>Barcelona</administrativeArea><postalCode>08028</postalCode><country>SPAIN</country>    </address>
<electronicMailAddress>mgoula@ub.edu</electronicMailAddress>    <role>CONTENT_PROVIDER</role>
    </associatedParty>
    <associatedParty>
    <individualName>
<givenName>Antonio</givenName>          <surName>Gómez-Bolea</surName>
    </individualName>
<organizationName>Universitat de Barcelona</organizationName><positionName>Professor</positionName>    <address>
<deliveryPoint>Fac. Biologia, Avda. Diagonal 643</deliveryPoint><city>Barcelona</city><administrativeArea>Barcelona</administrativeArea><postalCode>08028</postalCode><country>SPAIN</country>    </address>
<electronicMailAddress>agomez@ub.edu</electronicMailAddress>    <role>CONTENT_PROVIDER</role>
    </associatedParty>
    <associatedParty>
    <individualName>
<givenName>Glòria</givenName>          <surName>Guillén</surName>
    </individualName>
<organizationName>Associació Catalana de Malacologia</organizationName><positionName>Member</positionName>    <address>
<city>Barcelona</city><administrativeArea>Barcelona</administrativeArea><country>SPAIN</country>    </address>
<electronicMailAddress>jcorgui@telefonica.net</electronicMailAddress><onlineUrl>http://www.molluscat.com</onlineUrl>    <role>CONTENT_PROVIDER</role>
    </associatedParty>
    <associatedParty>
    <individualName>
<givenName>Joan</givenName>          <surName>Arnal</surName>
    </individualName>
<organizationName>Associació Catalana de Malacologia</organizationName><positionName>Member</positionName>    <address>
<city>Barcelona</city><administrativeArea>Barcelona</administrativeArea><country>SPAIN</country>    </address>
<electronicMailAddress>arnal.joan479@gmail.com</electronicMailAddress><onlineUrl>http://www.molluscat.com</onlineUrl>    <role>CONTENT_PROVIDER</role>
    </associatedParty>
    <associatedParty>
    <individualName>
<givenName>Jordi</givenName>          <surName>Corbella</surName>
    </individualName>
<organizationName>Associació Catalana de Malacologia</organizationName><positionName>Member</positionName>    <address>
<city>Barcelona</city><administrativeArea>Barcelona</administrativeArea><country>SPAIN</country>    </address>
<electronicMailAddress>jcorgui@telefonica.net</electronicMailAddress><onlineUrl>http://www.molluscat.com</onlineUrl>    <role>CONTENT_PROVIDER</role>
    </associatedParty>
    <associatedParty>
    <individualName>
<givenName>Joaquín</givenName>          <surName>López-Soriano</surName>
    </individualName>
<organizationName>Associació Catalana de Malacologia</organizationName><positionName>Vice-president</positionName>    <address>
<city>Barcelona</city><administrativeArea>Barcelona</administrativeArea><country>SPAIN</country>    </address>
<electronicMailAddress>qlopezs@yahoo.com</electronicMailAddress><onlineUrl>http://www.molluscat.com</onlineUrl>    <role>CONTENT_PROVIDER</role>
    </associatedParty>
    <associatedParty>
    <individualName>
<givenName>José Antonio</givenName>          <surName>Barrientos</surName>
    </individualName>
<organizationName>Universitat Autònoma de Barcelona</organizationName><positionName>Professor</positionName>    <address>
<deliveryPoint>Campus UAB, Edif. C, 08193</deliveryPoint><city>Bellaterra (Cerdanyola del Vallès)</city><administrativeArea>Barcelona</administrativeArea><country>SPAIN</country>    </address>
<electronicMailAddress>joseantonio.barrientos@uab.cat</electronicMailAddress>    <role>CONTENT_PROVIDER</role>
    </associatedParty>
    <associatedParty>
    <individualName>
<givenName>Federico</givenName>          <surName>García</surName>
    </individualName>
<organizationName>Associació Ibérica Mirmecològica</organizationName><positionName>Founder member</positionName>    <address>
<city>Barcelona</city><administrativeArea>Barcelona</administrativeArea><country>SPAIN</country>    </address>
<electronicMailAddress>chousas2@gmail.com</electronicMailAddress>    <role>CONTENT_PROVIDER</role>
    </associatedParty>
    <associatedParty>
    <individualName>
<givenName>Amador</givenName>          <surName>Viñolas</surName>
    </individualName>
<organizationName>Associació d&apos;Amics del Museu de Ciències Naturals de Barcelona</organizationName><positionName>Member</positionName>    <address>
<city>Barcelona</city><administrativeArea>Barcelona</administrativeArea><country>SPAIN</country>    </address>
<electronicMailAddress>av.rodama@gmail.com</electronicMailAddress>    <role>CONTENT_PROVIDER</role>
    </associatedParty>
    <associatedParty>
    <individualName>
<givenName>Pep</givenName>          <surName>Muñoz</surName>
    </individualName>
<organizationName>Department of Health, Catalan Government</organizationName><positionName>Technician</positionName>    <address>
<city>Girona</city><administrativeArea>Girona</administrativeArea><country>SPAIN</country>    </address>
<electronicMailAddress>pepmba@gmail.com</electronicMailAddress>    <role>CONTENT_PROVIDER</role>
    </associatedParty>
    <associatedParty>
    <individualName>
<givenName>David</givenName>          <surName>Llucià</surName>
    </individualName>
<organizationName>Associació d&apos;Amics del Museu de Ciències Naturals de Barcelona</organizationName><positionName>Member</positionName>    <address>
<city>Barcelona</city><administrativeArea>Barcelona</administrativeArea><country>SPAIN</country>    </address>
<electronicMailAddress>dllucia1219@hotmail.com</electronicMailAddress>    <role>CONTENT_PROVIDER</role>
    </associatedParty>
    <associatedParty>
    <individualName>
<givenName>Juli</givenName>          <surName>Pujade</surName>
    </individualName>
<organizationName>Universitat de Barcelona</organizationName><positionName>Professor</positionName>    <address>
<city>Barcelona</city><administrativeArea>Barcelona</administrativeArea><country>SPAIN</country>    </address>
<electronicMailAddress>jpujade@ub.edu</electronicMailAddress>    <role>CONTENT_PROVIDER</role>
    </associatedParty>
    <associatedParty>
    <individualName>
<givenName>Diego</givenName>          <surName>Fernández</surName>
    </individualName>
<organizationName>Associació d&apos;Amics del Museu de Ciències Naturals de Barcelona</organizationName><positionName>Member</positionName>    <address>
<city>Barcelona</city><administrativeArea>Barcelona</administrativeArea><country>SPAIN</country>    </address>
<electronicMailAddress>diego.fernandez.25@gmail.com</electronicMailAddress>    <role>CONTENT_PROVIDER</role>
    </associatedParty>
    <associatedParty>
    <individualName>
<givenName>Ricard</givenName>          <surName>Martín</surName>
    </individualName>
<organizationName>Associació d&apos;Amics del Museu de Ciències Naturals de Barcelona</organizationName><positionName>Member</positionName>    <address>
<city>Barcelona</city><administrativeArea>Barcelona</administrativeArea><country>SPAIN</country>    </address>
<electronicMailAddress>rmarti78@xtec.cat</electronicMailAddress>    <role>CONTENT_PROVIDER</role>
    </associatedParty>
    <associatedParty>
    <individualName>
<givenName>Daniel</givenName>          <surName>Ventura</surName>
    </individualName>
<organizationName>Centre Tecnològic Forestal de Catatalunya</organizationName><positionName>Technician</positionName>    <address>
<city>Solsona</city><administrativeArea>Lleida</administrativeArea><country>SPAIN</country>    </address>
<electronicMailAddress>dani.ventura@ctfc.es</electronicMailAddress>    <role>CONTENT_PROVIDER</role>
    </associatedParty>
    <associatedParty>
    <individualName>
<givenName>Marcos</givenName>          <surName>Roca-Cusachs</surName>
    </individualName>
<organizationName>University of Barcelona</organizationName><positionName>Scientific assistant</positionName>    <address>
<city>Barcelona</city><administrativeArea>Barcelona</administrativeArea><country>SPAIN</country>    </address>
<electronicMailAddress>marcosrocacusachs@gmail.com</electronicMailAddress>    <role>CONTENT_PROVIDER</role>
    </associatedParty>
    <associatedParty>
    <individualName>
<givenName>Victor</givenName>          <surName>Ossorio</surName>
    </individualName>
<organizationName>University of Barcelona</organizationName><positionName>Scientific assistant</positionName>    <address>
<city>Barcelona</city><administrativeArea>Barcelona</administrativeArea><country>SPAIN</country>    </address>
    <role>CONTENT_PROVIDER</role>
    </associatedParty>
    <associatedParty>
    <individualName>
<givenName>Jorge</givenName>          <surName>Mederos</surName>
    </individualName>
<organizationName>Associació d&apos;Amics del Museu de Ciències naturals de Barcelona</organizationName><positionName>Scientific assistant</positionName>    <address>
<city>Barcelona</city><administrativeArea>Barcelona</administrativeArea><country>SPAIN</country>    </address>
<electronicMailAddress>mederos@gmail.com</electronicMailAddress>    <role>CONTENT_PROVIDER</role>
    </associatedParty>
    <associatedParty>
    <individualName>
<givenName>Glòria</givenName>          <surName>Masó</surName>
    </individualName>
<organizationName>Museu de Ciències Naturals de Barcelona</organizationName><positionName>Curator</positionName>    <address>
<city>Barcelona</city><administrativeArea>Barcelona</administrativeArea><country>SPAIN</country>    </address>
<electronicMailAddress>gmaso@bcn.cat</electronicMailAddress>    <role>CONTENT_PROVIDER</role>
    </associatedParty>
    <associatedParty>
    <individualName>
<givenName>Berta</givenName>          <surName>Caballero</surName>
    </individualName>
<organizationName>Museu de Ciències Naturals de Barcelona</organizationName><positionName>Curator</positionName>    <address>
<city>Barcelona</city><administrativeArea>Barcelona</administrativeArea><country>SPAIN</country>    </address>
<electronicMailAddress>bcaballerolo@bcn.cat</electronicMailAddress>    <role>CONTENT_PROVIDER</role>
    </associatedParty>
      <pubDate>
      2018-11-30
      </pubDate>
    <language>ENGLISH</language>
    <abstract>
        <para>The project BioBlitz Barcelona is held once a year. From 2010 up to now the 
BioBlitz BCN has assembled experts and citizens in order to survey the biodiversity in several areas of the city of Barcelona, 
mainly in urban parks. At the beginning the Natural History Museum of Barcelona and the University of Barcelona have coordinated the tasks. At the present time 
the organization is driven by the Museum and the Friends of the Museum. The whole data from the first five editions (2010 - 2014) are compiled and published.</para>
    </abstract>
        <keywordSet>
              <keyword>Occurrence</keyword>
              <keywordThesaurus>GBIF Dataset Type Vocabulary: http://rs.gbif.org/vocabulary/gbif/dataset_type.xml</keywordThesaurus>
        </keywordSet>
        <keywordSet>
              <keyword>Observation</keyword>
              <keywordThesaurus>GBIF Dataset Subtype Vocabulary: http://rs.gbif.org/vocabulary/gbif/dataset_subtype.xml</keywordThesaurus>
        </keywordSet>
        <keywordSet>
              <keyword>biodiversity</keyword>
              <keyword>urban habitat</keyword>
              <keyword>citizen science</keyword>
              <keywordThesaurus>n/a</keywordThesaurus>
        </keywordSet>
      <intellectualRights>
        <para>This work is licensed under a <ulink url="http://creativecommons.org/licenses/by-nc/4.0/legalcode"><citetitle>Creative Commons Attribution Non Commercial (CC-BY-NC) 4.0 License</citetitle></ulink>.</para>
      </intellectualRights>
      <distribution scope="document">
          <online>
              <url function="information">http://bioblitzbcn.museuciencies.cat/</url>
          </online>
      </distribution>
      <coverage>
            <geographicCoverage>
                  <geographicDescription>The municipality of Barcelona is located at the Northeast of the Iberian 
Peninsula, surrounded by mountains chains and the Mediterranean Sea. For the purposes of the BioBlitz Barcelona, some of the biggest urban parks have been selected.</geographicDescription>
                  <boundingCoordinates>
                      <westBoundingCoordinate>2.05</westBoundingCoordinate>
                      <eastBoundingCoordinate>2.256</eastBoundingCoordinate>
                      <northBoundingCoordinate>41.472</northBoundingCoordinate>
                      <southBoundingCoordinate>41.316</southBoundingCoordinate>
                  </boundingCoordinates>
            </geographicCoverage>
          <temporalCoverage>
            <rangeOfDates>
              <beginDate>
                <calendarDate>      2010-06-06
</calendarDate>
              </beginDate>
              <endDate>
                <calendarDate>      2014-05-31
</calendarDate>
              </endDate>
            </rangeOfDates>
          </temporalCoverage>
              <taxonomicCoverage>
                    <generalTaxonomicCoverage>Protistas, fungi, plants and animals</generalTaxonomicCoverage>
                    <taxonomicClassification>
                          <taxonRankName>Phylum</taxonRankName>
                        <taxonRankValue>Annelida</taxonRankValue>
                    </taxonomicClassification>
                    <taxonomicClassification>
                          <taxonRankName>Phylum</taxonRankName>
                        <taxonRankValue>Arthropoda</taxonRankValue>
                    </taxonomicClassification>
                    <taxonomicClassification>
                          <taxonRankName>Phylum</taxonRankName>
                        <taxonRankValue>Ascomycota</taxonRankValue>
                    </taxonomicClassification>
                    <taxonomicClassification>
                          <taxonRankName>Phylum</taxonRankName>
                        <taxonRankValue>Bacillariophyta</taxonRankValue>
                    </taxonomicClassification>
                    <taxonomicClassification>
                          <taxonRankName>Phylum</taxonRankName>
                        <taxonRankValue>Basidiomycota</taxonRankValue>
                    </taxonomicClassification>
                    <taxonomicClassification>
                          <taxonRankName>Phylum</taxonRankName>
                        <taxonRankValue>Bryophyta</taxonRankValue>
                    </taxonomicClassification>
                    <taxonomicClassification>
                          <taxonRankName>Phylum</taxonRankName>
                        <taxonRankValue>Chlorophyta</taxonRankValue>
                    </taxonomicClassification>
                    <taxonomicClassification>
                          <taxonRankName>Phylum</taxonRankName>
                        <taxonRankValue>Chordata</taxonRankValue>
                    </taxonomicClassification>
                    <taxonomicClassification>
                          <taxonRankName>Phylum</taxonRankName>
                        <taxonRankValue>Cyanobacteria</taxonRankValue>
                    </taxonomicClassification>
                    <taxonomicClassification>
                          <taxonRankName>Phylum</taxonRankName>
                        <taxonRankValue>Dinophyta</taxonRankValue>
                    </taxonomicClassification>
                    <taxonomicClassification>
                          <taxonRankName>Phylum</taxonRankName>
                        <taxonRankValue>Euglenozoa</taxonRankValue>
                    </taxonomicClassification>
                    <taxonomicClassification>
                          <taxonRankName>Phylum</taxonRankName>
                        <taxonRankValue>Mollusca</taxonRankValue>
                    </taxonomicClassification>
                    <taxonomicClassification>
                          <taxonRankName>Phylum</taxonRankName>
                        <taxonRankValue>Mycetozoa</taxonRankValue>
                    </taxonomicClassification>
                    <taxonomicClassification>
                          <taxonRankName>Phylum</taxonRankName>
                        <taxonRankValue>Ochrophyta</taxonRankValue>
                    </taxonomicClassification>
                    <taxonomicClassification>
                          <taxonRankName>Phylum</taxonRankName>
                        <taxonRankValue>Platyhelminthes</taxonRankValue>
                    </taxonomicClassification>
                    <taxonomicClassification>
                          <taxonRankName>Phylum</taxonRankName>
                        <taxonRankValue>Prasinophyta</taxonRankValue>
                    </taxonomicClassification>
                    <taxonomicClassification>
                          <taxonRankName>Phylum</taxonRankName>
                        <taxonRankValue>Tracheophyta</taxonRankValue>
                    </taxonomicClassification>
              </taxonomicCoverage>
      </coverage>
      <purpose>
          <para>Information from BioBlitz Bcn is intended to increase the knowledge of the biodiversity in the city of Barcelona. In a broad perspective.
Collected  data set is managed by technicians of the environmental agency of the City Hall of Barcelona.</para>
      </purpose>
      <maintenance>
          <description>
              <para></para>
          </description>
          <maintenanceUpdateFrequency>daily</maintenanceUpdateFrequency>
      </maintenance>
      <contact>
    <individualName>
<givenName>Dacha</givenName>          <surName>Atienza</surName>
    </individualName>
<organizationName>Museu de Ciències Naturals de Barcelona</organizationName><positionName>Head of Collections, Research and Documentation</positionName>    <address>
<deliveryPoint>P. Picasso s/n</deliveryPoint><city>Barcelona</city><administrativeArea>Barcelona</administrativeArea><postalCode>08003</postalCode><country>SPAIN</country>    </address>
<electronicMailAddress>dacha.atienza@gmail.com</electronicMailAddress><onlineUrl>http://museuciencies.cat/en/area-cientifica/departaments-cientifics/presentacio/</onlineUrl>      </contact>
      <methods>
            <methodStep>
                <description>
                    <para>- Selection of sample points according to the needs of the environmental agency of the City Hall of Barcelona.
- Campaign of scientific and citizen volunteers.
- Along a weekend, simultaneously to a fair of NGO&apos;s, biodiversity prospectings are carried out.
- Inventories are standardized and aggregated in a single dataset.</para>
                </description>
            </methodStep>
            <methodStep>
                <description>
                    <para>Inventories are mapped against Darwin Core standard, and finally compiled to get a  single descriptive resource of the biodiversity in Barcelona.</para>
                </description>
            </methodStep>
            <sampling>
                <studyExtent>
                    <description>
                        <para>The selection of prospection places has focused on big urban parks:
Ciutadella, Laberint, and Montjuïc. Besides, some minor gardens like 
University gardens or botanical nursery are also surveyed.</para>
                    </description>
                </studyExtent>
                <samplingDescription>
                    <para>Each year one or two places are choosen for inventorying tasks; the sampling points may differ or not between editions. Along three days (a long weekend) per year, citizens and experts prospect selected areas. At the end, all observations are merged to create comprehensive lists of flora and fauna.</para>
                </samplingDescription>
            </sampling>
            <qualityControl>
                <description>
                    <para>All datasets are checked by experts.</para>
                </description>
            </qualityControl>
      </methods>

      <project >
          <title>Volunteers prospecting the biodiversity of Barcelona: a summary of the first five editions of BioBlitz BCN (2010-2014)</title>
          <personnel>
    <individualName>
<givenName>Dacha</givenName>          <surName>Atienza</surName>
    </individualName>
    <role>PRINCIPAL_INVESTIGATOR</role>
          </personnel>
          <abstract>
              <para></para>
          </abstract>
          <funding>
              <para>The City Hall of Barcelona has partailly funded the five editions of the 
BioBlitz Barcelona in agreement with the Natural History Museum of Barcelona.</para>
          </funding>
            <studyAreaDescription>
                <descriptor name="generic" citableClassificationSystem="false">
                    <descriptorValue>The prospections of biodiversity have been carried out in green areas of Barcelona: 
http://w110.bcn.cat/portal/site/MediAmbient/menuitem.37ea1e76b6660e13e9c5e9c5a2ef8a0c/?vgnextoid=303179583ad1a210VgnVCM10000074fea8c0RCRD&amp;vgnextchannel=303179583ad1a210VgnVCM10000074fea8c0RCRD&amp;lang=en_GB
Barcelona is in a temperate range of temperature and humidity, with dry 
and hot summers and wet and cold winters: 
http://en.wikipedia.org/wiki/Barcelona.</descriptorValue>
                </descriptor>
            </studyAreaDescription>
            <designDescription>
                <description>
                    <para>Experts and not experts are invited to prospect jointly some areas of the city 
of Barcelona. People expert in identification of biological organisms visit the study areas. At the same time they offer practical sessions of formation for citizens. Mixed groups, experts plus citizens, discover the presence of biological specimens of a precise place in a short temporal range.
Resulting datasets are finally submitted to the local agency of environmental affairs.</para>
                </description>
            </designDescription>
      </project>
</dataset>

<additionalMetadata>
    <metadata>
      <gbif>
        <dateStamp>2021-08-03T09:06:52Z</dateStamp>
      <citation identifier="http://doi.org/10.15470/ssy7h3">Uribe F (2018). BioBlitz Barcelona 2010-14. Version 1.8. Museu de Ciències Naturals de Barcelona. Occurrence dataset https://doi.org/10.15470/ssy7h3 accessed via GBIF.org on 2021-08-03.</citation>
              <resourceLogoUrl>http://ipt.gbif.es/logo.do?r=bioblitz_bcn</resourceLogoUrl>
              <collection>
                <parentCollectionIdentifier>n/a</parentCollectionIdentifier>
                <collectionIdentifier>n/a</collectionIdentifier>
                <collectionName>BioBlitz Bcn</collectionName>
              </collection>
                <specimenPreservationMethod>NO_TREATMENT</specimenPreservationMethod>
                  <jgtiCuratorialUnit>
                      <jgtiUnitType>occurrence</jgtiUnitType>
                      <jgtiUnitRange>
                          <beginRange>1,700</beginRange>
                          <endRange>1,800</endRange>
                      </jgtiUnitRange>
                  </jgtiCuratorialUnit>
      </gbif>
    </metadata>
</additionalMetadata>

</eml:eml>
