<?xml version="1.0" encoding="utf-8"?>
<eml:eml xmlns:eml="eml://ecoinformatics.org/eml-2.1.1" xmlns:xsi="http://www.w3.org/2001/XMLSchema-instance"
         xsi:schemaLocation="eml://ecoinformatics.org/eml-2.1.1 http://rs.gbif.org/schema/eml-gbif-profile/1.1/eml.xsd"
        packageId="78dcee36-b0a2-4679-802d-bc0b5016518b"  system="http://gbif.org" scope="system"
  xml:lang="pt">

<dataset>
      <alternateIdentifier>10.15468/6b6axv</alternateIdentifier>
        <alternateIdentifier>78dcee36-b0a2-4679-802d-bc0b5016518b</alternateIdentifier>
        <alternateIdentifier>http://ipt1.cria.org.br/ipt/resource?r=fuel</alternateIdentifier>
    <title>FUEL - Herbário da Universidade Estadual de Londrina</title>
    <creator>
    <individualName>
<givenName>Ana</givenName>          <surName>Odete Santos Vieira</surName>
    </individualName>
<organizationName>Universidade Estadual de Londrina (UEL)</organizationName><positionName>Curadora</positionName>    <address>
<deliveryPoint>Rodovia Celso Garcia Cid, PR 445 Km 380, Campus Universitário; Cx. Postal 10.011</deliveryPoint><city>Londrina</city><administrativeArea>Paraná</administrativeArea><postalCode>86057-970</postalCode><country>BRAZIL</country>    </address>
<phone>+55 43 3371-4946</phone><electronicMailAddress>aovieira@uel.br</electronicMailAddress><onlineUrl>http://splink.cria.org.br/manager/detail?resource=FUEL</onlineUrl>    </creator>
    <metadataProvider>
    <individualName>
<givenName>Ana</givenName>          <surName>Odete Santos Vieira</surName>
    </individualName>
<organizationName>Universidade Estadual de Londrina (UEL)</organizationName><positionName>Curadora</positionName>    <address>
<deliveryPoint>Rodovia Celso Garcia Cid, PR 445 Km 380, Campus Universitário; Cx. Postal 10.011</deliveryPoint><city>Londrina</city><administrativeArea>Paraná</administrativeArea><postalCode>86057-970</postalCode><country>BRAZIL</country>    </address>
<phone>+55 43 3371-4946</phone><electronicMailAddress>aovieira@uel.br</electronicMailAddress><onlineUrl>http://splink.cria.org.br/manager/detail?resource=FUEL</onlineUrl>    </metadataProvider>
    <associatedParty>
    <individualName>
          <surName>speciesLink Network</surName>
    </individualName>
<organizationName>Centro de Referência em Informação Ambiental, CRIA</organizationName><positionName>Network</positionName>    <address>
<deliveryPoint>Av. Dr. Romeu Tórtima, 388</deliveryPoint><city>Campinas</city><administrativeArea>São Paulo</administrativeArea><postalCode>13084-791</postalCode><country>BRAZIL</country>    </address>
<phone>+55 19 3288-0466</phone><electronicMailAddress>splink@cria.org.br</electronicMailAddress><onlineUrl>http://splink.cria.org.br</onlineUrl>    <role>CUSTODIAN_STEWARD</role>
    </associatedParty>
      <pubDate>
      2021-07-07
      </pubDate>
    <language>PORTUGUESE</language>
    <abstract>
        <para>O Herbário da Universidade Estadual de Londrina foi iniciado em 1982, no então departamento de Biologia Geral. Em 1985, já contava com um acervo que permitiu seu cadastramento no Index Herbariorum. Posteriormente, em uma readequação da estrutura administrativa, o departamento foi dividido e o Herbário foi incluído no departamento de Biologia Animal e Vegetal, onde estão alocados os docentes da área de botânica e ecologia vegetal.

	Além das atividades de pesquisa do departamento, o herbário FUEL atende pesquisadores e alunos de graduação e pós-graduação dos cursos de Ciências Biológicas, Agronomia, Zootecnia, Química, Farmácia e Tecnologia de Alimentos e Medicamentos e Veterinária da Universidade, bem como alunos e pesquisadores de diferentes instituições.

	No herbário FUEL estão mantidas, atualmente, amostras, principalmente sob a forma de material seco, predominando as Angiospermas. Estas amostras provêem, em sua maioria, do Estado do Paraná, principalmente da bacia do rio Tibagi, além de outros municípios no Brasil. A coleção da bacia do rio Tibagi, que corta o estado do Paraná no sentido Sul-Norte, por cerca de 550 km, já incluiu coletas que expandiram a distribuição geográfica conhecida para diferentes espécies e descrição de novas espécies de árvores. A coleção de algas em meio líquido somam aproximadamente 850 amostras de fitoplâncton e perifiton, sendo a quase totalidade da bacia do rio Tibagi, ainda não informatizadas. A coleção dos tipos nomenclaturais conta com isótipos e parátipos, com as imagens disponibilizadas na rede.

	Os dados das exsicatas foram inicialmente incluídos em um banco de dados, desenvolvido pelo antigo Núcleo de Processamento de Dados da Universidade, a partir de 1999. O banco de dados foi migrado para o programa BRAHMS (atualmente na versão 7) e o acervo está todo informatizado.

 	Desde 2006, o herbário está localizado em prédio onde conta com quatro espaços mobiliados e climatizados: acervo, sala de computadores, biblioteca e laboratório de apoio e a sala de preparação (cerca de 38m2). Uma sala em prédio separado com cerca de 15m2 é utilizada para secagem e desinfecção de material botânico, onde estão dispostas estufas para secagem e um freezer. Em outra sala, de mesma dimensão fica o laboratório de algas e a coleção em meio líquido. A sala do acervo para exsicatas, com cerca 75m2, acomoda um total de 66 armários de aço. A sala dos computadores (cerca 29m2) conta com cinco computadores, três impressoras e dois escaners em rede. O laboratório, 45m2, conta com lupa e lupa com câmara clara. O acervo bibliográfico (livros, separatas e periódicos de uso coletivo) está incluído em quatro estantes de metal.

	O herbário conta hoje com os serviços dos docentes do departamento e de um auxiliar técnico que é responsável pela condução de diferentes atividades (apoio de coletas, secagem e montagem de exsicatas, controle sanitário). A informatização, confecção de etiquetas, identificação de amostras e acomodação no acervo são atribuições de bolsistas e alunos de graduação e pós-graduação executam e/ou colaboram nestas tarefas como parte de suas atividades.

	O herbário FUEL apresenta uma série de intercâmbios de material com mais de 200 instituições nacionais e estrangeiras, além receber de visitas de pesquisadores. Os intercâmbios de material englobam a permuta de duplicatas visando identificação por pesquisadores ou somente incremento no acervo. Amostras da coleção podem ser emprestadas a especialistas, por períodos determinados, através das curadorias dos herbários onde trabalham.</para>
    </abstract>
        <keywordSet>
              <keyword>Occurrence</keyword>
              <keywordThesaurus>GBIF Dataset Type Vocabulary: http://rs.gbif.org/vocabulary/gbif/dataset_type.xml</keywordThesaurus>
        </keywordSet>
        <keywordSet>
              <keyword>Specimen</keyword>
              <keywordThesaurus>GBIF Dataset Subtype Vocabulary: http://rs.gbif.org/vocabulary/gbif/dataset_subtype.xml</keywordThesaurus>
        </keywordSet>
        <keywordSet>
              <keyword>Occurrence</keyword>
              <keywordThesaurus>GBIF Dataset Type Vocabulary: http://rs.gbif.org/vocabulary/gbif/dataset_type_2015-07-10.xml</keywordThesaurus>
        </keywordSet>
      <intellectualRights>
        <para>This work is licensed under a <ulink url="http://creativecommons.org/licenses/by-nc/4.0/legalcode"><citetitle>Creative Commons Attribution Non Commercial (CC-BY-NC) 4.0 License</citetitle></ulink>.</para>
      </intellectualRights>
      <distribution scope="document">
          <online>
              <url function="information">http://splink.cria.org.br/manager/detail?resource=FUEL</url>
          </online>
      </distribution>
      <coverage>
            <geographicCoverage>
                  <geographicDescription>Predominantemente Brasil</geographicDescription>
                  <boundingCoordinates>
                      <westBoundingCoordinate>-74</westBoundingCoordinate>
                      <eastBoundingCoordinate>-30</eastBoundingCoordinate>
                      <northBoundingCoordinate>5.27</northBoundingCoordinate>
                      <southBoundingCoordinate>-33.75</southBoundingCoordinate>
                  </boundingCoordinates>
            </geographicCoverage>
              <taxonomicCoverage>
                    <taxonomicClassification>
                          <taxonRankName>Kingdom</taxonRankName>
                        <taxonRankValue>Plantae</taxonRankValue>
                    </taxonomicClassification>
              </taxonomicCoverage>
      </coverage>
      <maintenance>
          <description>
              <para></para>
          </description>
          <maintenanceUpdateFrequency>monthly</maintenanceUpdateFrequency>
      </maintenance>
      <contact>
    <individualName>
<givenName>Ana</givenName>          <surName>Odete Santos Vieira</surName>
    </individualName>
<organizationName>Universidade Estadual de Londrina (UEL)</organizationName><positionName>Curadora</positionName>    <address>
<deliveryPoint>Rodovia Celso Garcia Cid, PR 445 Km 380, Campus Universitário; Cx. Postal 10.011</deliveryPoint><city>Londrina</city><administrativeArea>Paraná</administrativeArea><postalCode>86057-970</postalCode><country>BRAZIL</country>    </address>
<phone>+55 43 3371-4946</phone><electronicMailAddress>aovieira@uel.br</electronicMailAddress><onlineUrl>http://splink.cria.org.br/manager/detail?resource=FUEL</onlineUrl>      </contact>
      <methods>
            <methodStep>
                <description>
                    <para></para>
                </description>
            </methodStep>
      </methods>

      <project >
          <title>INCT - Herbário Virtual da Flora e dos Fungos</title>
          <personnel>
    <individualName>
<givenName>Leonor</givenName>          <surName>Costa Maia</surName>
    </individualName>
    <role>DISTRIBUTOR</role>
          </personnel>
          <abstract>
              <para>O Instituto Nacional de Ciência e Tecnologia, INCT - Herbário Virtual da Flora e dos Fungos, financiado pelo Conselho Nacional de Desenvolvimento Científico e Tecnológico, CNPq, visa prover à sociedade, ao poder público e à comunidade científica infraestrutura de dados de acesso público e aberto integrando informações de acervos dos herbários do país e repatriando dados sobre coletas realizadas em solo brasileiro depositadas no exterior</para>
          </abstract>
          <funding>
              <para>Conselho Nacional de Desenvolvimento Científico e Tecnológico, CNPq</para>
          </funding>
            <studyAreaDescription>
                <descriptor name="generic" citableClassificationSystem="false">
                    <descriptorValue>Ocorrência de espécies de plantas e fungos no Brasil</descriptorValue>
                </descriptor>
            </studyAreaDescription>
      </project>
</dataset>

<additionalMetadata>
    <metadata>
      <gbif>
        <dateStamp>2021-08-03T09:06:52Z</dateStamp>
      <citation identifier="  http://splink.cria.org.br/manager/detail?resource=FUEL">Odete Santos Vieira A (2021). FUEL - Herbário da Universidade Estadual de Londrina. Version 1.79. Universidade Estadual de Londrina. Occurrence dataset https://doi.org/10.15468/6b6axv accessed via GBIF.org on 2021-08-03.</citation>
              <resourceLogoUrl>http://ipt1.cria.org.br/ipt/logo.do?r=fuel</resourceLogoUrl>
      </gbif>
    </metadata>
</additionalMetadata>

</eml:eml>
