<?xml version="1.0" encoding="utf-8"?>
<eml:eml xmlns:eml="eml://ecoinformatics.org/eml-2.1.1" xmlns:xsi="http://www.w3.org/2001/XMLSchema-instance"
         xsi:schemaLocation="eml://ecoinformatics.org/eml-2.1.1 http://rs.gbif.org/schema/eml-gbif-profile/1.1/eml.xsd"
        packageId="7a2660bc-f762-11e1-a439-00145eb45e9a"  system="http://gbif.org" scope="system"
  xml:lang="en">

<dataset>
      <alternateIdentifier>10.15468/fhmwzv</alternateIdentifier>
        <alternateIdentifier>10968</alternateIdentifier>
    <title>The Fungal Collection at the Senckenberg Museum für Naturkunde Görlitz</title>
    <associatedParty>
    <individualName>
          <surName>Staatliche Naturwissenschaftliche Sammlungen Bayerns – SNSB IT Center, München</surName>
    </individualName>
<electronicMailAddress>snsb-it-center@snsb.de</electronicMailAddress>    <role>TECHNICAL_POINT_OF_CONTACT</role>
    </associatedParty>
    <language>en</language>
    <abstract>
        <para>http://www.gbif-mycology.de/DatabaseClients/GLMcoll/About.cfm</para>
    </abstract>
      <intellectualRights>
        <para>This work is licensed under a <ulink url="http://creativecommons.org/licenses/by/4.0/legalcode"><citetitle>Creative Commons Attribution (CC-BY) 4.0 License</citetitle></ulink>.</para>
      </intellectualRights>
      <distribution scope="document">
          <online>
              <url function="information">http://www.gbif-mycology.de/DatabaseClients/GLMcoll/About.cfm</url>
          </online>
      </distribution>
      <contact>
    <individualName>
          <surName>Herbert Boyle</surName>
    </individualName>
<electronicMailAddress>herbert.boyle@senckenberg.de</electronicMailAddress>      </contact>

</dataset>

<additionalMetadata>
    <metadata>
      <gbif>
        <dateStamp>2021-08-03T09:06:57Z</dateStamp>
      <citation>Staatliche Naturwissenschaftliche Sammlungen Bayerns. The Fungal Collection at the Senckenberg Museum für Naturkunde Görlitz. Occurrence dataset https://doi.org/10.15468/fhmwzv accessed via GBIF.org on 2021-08-03.</citation>
              <resourceLogoUrl>http://www.gbif-mycology.de/Pictures/Goerl_Logo.gif</resourceLogoUrl>
      </gbif>
    </metadata>
</additionalMetadata>

</eml:eml>
