<?xml version="1.0" encoding="utf-8"?>
<eml:eml xmlns:eml="eml://ecoinformatics.org/eml-2.1.1" xmlns:xsi="http://www.w3.org/2001/XMLSchema-instance"
         xsi:schemaLocation="eml://ecoinformatics.org/eml-2.1.1 http://rs.gbif.org/schema/eml-gbif-profile/1.1/eml.xsd"
        packageId="7a4856d6-f762-11e1-a439-00145eb45e9a"  system="http://gbif.org" scope="system"
  xml:lang="en">

<dataset>
      <alternateIdentifier>10.15468/kqz3uc</alternateIdentifier>
        <alternateIdentifier>https://ipt.gbif.es/resource?r=bcn-seeds</alternateIdentifier>
        <alternateIdentifier>7a4856d6-f762-11e1-a439-00145eb45e9a</alternateIdentifier>
        <alternateIdentifier>11142</alternateIdentifier>
    <title>CeDoc de Biodiversitat Vegetal: BCN-Seeds</title>
    <creator>
<organizationName>CeDoc of Plant Biodiversity (CeDocBIV), Univ. Barcelona</organizationName>    </creator>
    <creator>
    <individualName>
<givenName>Katia</givenName>          <surName>Cezón</surName>
    </individualName>
<organizationName>GBIF Spain</organizationName><electronicMailAddress>katia.gbif@gmail.com</electronicMailAddress>    </creator>
    <metadataProvider>
    <individualName>
<givenName>Katia</givenName>          <surName>Cezón</surName>
    </individualName>
<organizationName>GBIF Spain</organizationName><electronicMailAddress>katia.gbif@gmail.com</electronicMailAddress>    </metadataProvider>
      <pubDate>
      2018-11-30
      </pubDate>
    <language>ENGLISH</language>
    <abstract>
        <para>Seeds and fruits collection of the Herbarium of the Barcelona University.</para>
        <para>Note: this dataset was previously orphaned. It has been rescued by ① extracting it from the GBIF.org index (see GBIF Download in External Data) and ② republishing it on this IPT data hosting centre as version 1.0.</para>
    </abstract>
        <keywordSet>
              <keyword>Occurrence</keyword>
              <keywordThesaurus>GBIF Dataset Type Vocabulary: http://rs.gbif.org/vocabulary/gbif/dataset_type.xml</keywordThesaurus>
        </keywordSet>
      <intellectualRights>
        <para>This work is licensed under a <ulink url="http://creativecommons.org/licenses/by-nc/4.0/legalcode"><citetitle>Creative Commons Attribution Non Commercial (CC-BY-NC) 4.0 License</citetitle></ulink>.</para>
      </intellectualRights>
      <distribution scope="document">
          <online>
              <url function="information">http://www.ub.es/cedocbiv/</url>
          </online>
      </distribution>
      <maintenance>
          <description>
              <para></para>
          </description>
          <maintenanceUpdateFrequency>unkown</maintenanceUpdateFrequency>
      </maintenance>
      <contact>
    <individualName>
<givenName>Katia</givenName>          <surName>Cezón</surName>
    </individualName>
<organizationName>GBIF Spain</organizationName><electronicMailAddress>katia.gbif@gmail.com</electronicMailAddress>      </contact>

</dataset>

<additionalMetadata>
    <metadata>
      <gbif>
        <dateStamp>2021-08-03T09:06:57Z</dateStamp>
      <citation>Cezón K (2018). CeDoc de Biodiversitat Vegetal: BCN-Seeds. CeDoc of Plant Biodiversity (CeDocBIV), Univ. Barcelona. Occurrence dataset https://doi.org/10.15468/kqz3uc accessed via GBIF.org on 2021-08-03.</citation>
              <physical>
                  <objectName>GBIF Occurrence Download</objectName>
                  <characterEncoding>UTF-8</characterEncoding>
                  <dataFormat>
                      <externallyDefinedFormat>
                          <formatName>Darwin Core Archive</formatName>
                      </externallyDefinedFormat>
                  </dataFormat>
                  <distribution>
                      <online>
                          <url function="download">http://api.gbif.org/v1/occurrence/download/request/0002037-180131172636756.zip</url>
                      </online>
                  </distribution>
              </physical>
      </gbif>
    </metadata>
</additionalMetadata>

</eml:eml>
