<?xml version="1.0" encoding="utf-8"?>
<eml:eml xmlns:eml="eml://ecoinformatics.org/eml-2.1.1" xmlns:xsi="http://www.w3.org/2001/XMLSchema-instance"
         xsi:schemaLocation="eml://ecoinformatics.org/eml-2.1.1 http://rs.gbif.org/schema/eml-gbif-profile/1.1/eml.xsd"
        packageId="7e285238-f762-11e1-a439-00145eb45e9a"  system="http://gbif.org" scope="system"
  xml:lang="en">

<dataset>
      <alternateIdentifier>10.15468/l0wmu8</alternateIdentifier>
        <alternateIdentifier>12677</alternateIdentifier>
    <title>Naturhistorisches Museum Mainz, Botanical Collection</title>
    <associatedParty>
    <individualName>
          <surName>Jörg Holetschek</surName>
    </individualName>
    <address>
<deliveryPoint>BGBM, Königin-Luise-Str. 6-8, 14195 Berlin, Germany</deliveryPoint>    </address>
<electronicMailAddress>biodiversitydata@bgbm.org</electronicMailAddress>    <role>TECHNICAL_POINT_OF_CONTACT</role>
    </associatedParty>
    <language>en</language>
    <abstract>
        <para>The herbarium MNHM contains about 27.000 specimens. Special collections of 5.000 each are the herbarium of Herbert Frankenhäuser from Rwanda (c. 5000 specimens), the Herbarium of Albert Oesau from Rhineland-Palatinate(c. 5000 specimens), and the collection of mosses and liverworts from Ruprecht Düll (c. 10.000 specimens). Meinhard Grubert gathered Podostemaceae (preserved in alcohol) from waterfalls in Venezuela. A worldwide seed and fruit collection with 16.500 specimens came from Ulrich Hecker. In 2009 the remaining parts of the Herbarium of the University of Cologne (KOELN) were transfered to Mainz. This herbarium contains vouchers from the Rhineland which were collected at the beginning of the 20th century by Paul Thyssen, Ludwig Laven and August Schlickum. Another important historical collection is (the part of) the Herbarium Ludwig Geisenheyner which came to Mainz in 1990. This collection contains approx. 3.500 specimens of Pteridophyta, Poaceae and Caryophyllaceae.</para>
    </abstract>
      <intellectualRights>
        <para>This work is licensed under a <ulink url="http://creativecommons.org/licenses/by/4.0/legalcode"><citetitle>Creative Commons Attribution (CC-BY) 4.0 License</citetitle></ulink>.</para>
      </intellectualRights>
      <contact>
    <individualName>
          <surName>Dr. Carsten Renker</surName>
    </individualName>
    <address>
<deliveryPoint>Naturhistorisches Museum Mainz, Reichklarastr. 10; 5116 Mainz, Germany</deliveryPoint>    </address>
<electronicMailAddress>carsten.renker@stadt.mainz.de</electronicMailAddress>      </contact>

</dataset>

<additionalMetadata>
    <metadata>
      <gbif>
        <dateStamp>2021-08-03T09:06:46Z</dateStamp>
      <citation>Naturhistorisches Museum Mainz. Naturhistorisches Museum Mainz, Botanical Collection. Occurrence dataset https://doi.org/10.15468/l0wmu8 accessed via GBIF.org on 2021-08-03.</citation>
              <resourceLogoUrl>http://ww3.bgbm.org/providerResources/Logo-nhm-2010.png</resourceLogoUrl>
      </gbif>
    </metadata>
</additionalMetadata>

</eml:eml>
