<?xml version="1.0" encoding="utf-8"?>
<eml:eml xmlns:eml="eml://ecoinformatics.org/eml-2.1.1" xmlns:xsi="http://www.w3.org/2001/XMLSchema-instance"
         xsi:schemaLocation="eml://ecoinformatics.org/eml-2.1.1 http://rs.gbif.org/schema/eml-gbif-profile/1.1/eml.xsd"
        packageId="80b9fe97-d586-49e0-bb4b-c3cc0c3212cf"  system="http://gbif.org" scope="system"
  xml:lang="en">

<dataset>
      <alternateIdentifier>10.15468/yqocrg</alternateIdentifier>
    <title>West African Vegetation Database</title>
    <associatedParty>
    <individualName>
          <surName>SGN Data Center</surName>
    </individualName>
    <address>
<deliveryPoint>Senckenberg, Senckenberganlage 25, D-60325 Frankfurt am Main, Germany</deliveryPoint>    </address>
<electronicMailAddress>sgn-datacenter@senckenberg.de</electronicMailAddress>    <role>TECHNICAL_POINT_OF_CONTACT</role>
    </associatedParty>
    <language>en</language>
    <abstract>
        <para>Vascular plant observations from inventories and relevés.</para>
    </abstract>
      <intellectualRights>
        <para>This work is licensed under a <ulink url="http://creativecommons.org/licenses/by/4.0/legalcode"><citetitle>Creative Commons Attribution (CC-BY) 4.0 License</citetitle></ulink>.</para>
      </intellectualRights>
      <distribution scope="document">
          <online>
              <url function="information">http://www.westafricanvegetation.org</url>
          </online>
      </distribution>
      <contact>
    <individualName>
          <surName>Marco Schmidt</surName>
    </individualName>
<electronicMailAddress>westafricanvegetation@senckenberg.de</electronicMailAddress>      </contact>

</dataset>

<additionalMetadata>
    <metadata>
      <gbif>
        <dateStamp>2021-08-03T09:07:04Z</dateStamp>
      <citation>Senckenberg. West African Vegetation Database. Occurrence dataset https://doi.org/10.15468/yqocrg accessed via GBIF.org on 2021-08-03.</citation>
              <resourceLogoUrl>http://biocase.senckenberg.de/Senckenberg_Logo.png</resourceLogoUrl>
      </gbif>
    </metadata>
</additionalMetadata>

</eml:eml>
