<?xml version="1.0" encoding="utf-8"?>
<eml:eml xmlns:eml="eml://ecoinformatics.org/eml-2.1.1" xmlns:xsi="http://www.w3.org/2001/XMLSchema-instance"
         xsi:schemaLocation="eml://ecoinformatics.org/eml-2.1.1 http://rs.gbif.org/schema/eml-gbif-profile/1.1/eml.xsd"
        packageId="8112b722-f762-11e1-a439-00145eb45e9a"  system="http://gbif.org" scope="system"
  xml:lang="en">

<dataset>
      <alternateIdentifier>10.15468/10zm7v</alternateIdentifier>
        <alternateIdentifier>https://ipt.gbif.es/resource?r=ub-geoveg-vascular</alternateIdentifier>
        <alternateIdentifier>8112b722-f762-11e1-a439-00145eb45e9a</alternateIdentifier>
        <alternateIdentifier>13465</alternateIdentifier>
    <title>Universidad de Barcelona (Facultad de Biología): Plantas vasculares del valle de Son del Pi y áreas colindantes</title>
    <creator>
    <individualName>
<givenName>Josep M</givenName>          <surName>Ninot Sugrañes</surName>
    </individualName>
<organizationName>Faculty of Biology, University of Barcelona</organizationName>    <address>
<country>SPAIN</country>    </address>
<electronicMailAddress>jninot@ub.edu</electronicMailAddress>    </creator>
    <metadataProvider>
    <individualName>
<givenName>Josep M</givenName>          <surName>Ninot Sugrañes</surName>
    </individualName>
<organizationName>Faculty of Biology, University of Barcelona</organizationName>    <address>
<country>SPAIN</country>    </address>
<electronicMailAddress>jninot@ub.edu</electronicMailAddress>    </metadataProvider>
    <associatedParty>
    <individualName>
          <surName>Josep M Ninot Sugrañes</surName>
    </individualName>
<phone>+34 934 021476</phone><electronicMailAddress>jninot@ub.edu</electronicMailAddress>    <role>TECHNICAL_POINT_OF_CONTACT</role>
    </associatedParty>
      <pubDate>
      2020-06-18
      </pubDate>
    <language>ENGLISH</language>
    <abstract>
        <para>Datos de flora vascular incluidos en la colección Flora de Son i la Mata de València; algunos de los registros corresponden a muestras de herbario (depositadas en BCN), y el resto a observaciones de campo.</para>
        <para>Note: this dataset was previously orphaned. It has been rescued by ① extracting it from the GBIF.org index (see GBIF Download in External Data) and ② republishing it on this IPT data hosting centre as version 1.0.</para>
    </abstract>
        <keywordSet>
              <keyword>Occurrence</keyword>
              <keywordThesaurus>GBIF Dataset Type Vocabulary: http://rs.gbif.org/vocabulary/gbif/dataset_type.xml</keywordThesaurus>
        </keywordSet>
      <intellectualRights>
        <para>This work is licensed under a <ulink url="http://creativecommons.org/licenses/by/4.0/legalcode"><citetitle>Creative Commons Attribution (CC-BY) 4.0 License</citetitle></ulink>.</para>
      </intellectualRights>
      <distribution scope="document">
          <online>
              <url function="information">http://www.ub.edu/geoveg</url>
          </online>
      </distribution>
      <maintenance>
          <description>
              <para></para>
          </description>
          <maintenanceUpdateFrequency>unkown</maintenanceUpdateFrequency>
      </maintenance>
      <contact>
    <individualName>
<givenName>Josep M</givenName>          <surName>Ninot Sugrañes</surName>
    </individualName>
<organizationName>Faculty of Biology, University of Barcelona</organizationName>    <address>
<country>SPAIN</country>    </address>
<electronicMailAddress>jninot@ub.edu</electronicMailAddress>      </contact>

</dataset>

<additionalMetadata>
    <metadata>
      <gbif>
        <dateStamp>2021-08-03T09:07:10Z</dateStamp>
      <citation>Ninot Sugrañes J M (2020). Universidad de Barcelona (Facultad de Biología): Plantas vasculares del valle de Son del Pi y áreas colindantes. Faculty of Biology, University of Barcelona. Occurrence dataset https://doi.org/10.15468/10zm7v accessed via GBIF.org on 2021-08-03.</citation>
              <physical>
                  <objectName>GBIF Occurrence Download</objectName>
                  <characterEncoding>UTF-8</characterEncoding>
                  <dataFormat>
                      <externallyDefinedFormat>
                          <formatName>Darwin Core Archive</formatName>
                      </externallyDefinedFormat>
                  </dataFormat>
                  <distribution>
                      <online>
                          <url function="download">http://api.gbif.org/v1/occurrence/download/request/0002012-180131172636756.zip</url>
                      </online>
                  </distribution>
              </physical>
      </gbif>
    </metadata>
</additionalMetadata>

</eml:eml>
