<?xml version="1.0" encoding="utf-8"?>
<eml:eml xmlns:eml="eml://ecoinformatics.org/eml-2.1.1" xmlns:xsi="http://www.w3.org/2001/XMLSchema-instance"
         xsi:schemaLocation="eml://ecoinformatics.org/eml-2.1.1 http://rs.gbif.org/schema/eml-gbif-profile/1.1/eml.xsd"
        packageId="815b2469-2686-4abd-8406-27ebe778a684"  system="http://gbif.org" scope="system"
  xml:lang="en">

<dataset>
      <alternateIdentifier>10.15468/bgfxdc</alternateIdentifier>
        <alternateIdentifier>https://bryophyteportal.org/portal/collections/misc/collprofiles.php?collid=6</alternateIdentifier>
        <alternateIdentifier>https://bryophyteportal.org:443/portal/collections/misc/collprofiles.php?collid=6</alternateIdentifier>
        <alternateIdentifier>http://bryophyteportal.org/portal/collections/misc/collprofiles.php?collid=6</alternateIdentifier>
    <title>Duke University Herbarium Bryophyte Collection</title>
    <creator>
<organizationName>CNABH Portal</organizationName><electronicMailAddress>CNABH.help@gmail.com</electronicMailAddress><onlineUrl>https://bryophyteportal.org/portal/index.php</onlineUrl>    </creator>
    <metadataProvider>
<organizationName>CNABH Portal</organizationName><electronicMailAddress>CNABH.help@gmail.com</electronicMailAddress><onlineUrl>https://bryophyteportal.org/portal/index.php</onlineUrl>    </metadataProvider>
    <associatedParty>
    <individualName>
<givenName>Jonathan</givenName>          <surName>Shaw</surName>
    </individualName>
<positionName>Curator of Bryophytes</positionName><electronicMailAddress>shaw@duke.edu</electronicMailAddress>    <role>CONTENT_PROVIDER</role>
    </associatedParty>
    <associatedParty>
    <individualName>
<givenName>Blanka</givenName>          <surName>Aguero</surName>
    </individualName>
<positionName>Collections manager</positionName><electronicMailAddress>blanka@duke.edu</electronicMailAddress>    <role>CONTENT_PROVIDER</role>
    </associatedParty>
      <pubDate>
      2021-07-01
      </pubDate>
    <language>ENGLISH</language>
    <abstract>
        <para>The L. E. Anderson Bryophyte Herbarium includes approximately 230,000 specimens, of which some 160,000 are mosses. With about 50,000 moss collections from the southeastern United States, the DUKE collection is one of, if not the most important, resource for documenting the southeastern moss flora. Important collections of bryophytes include those of L.E. Anderson, H.L. Blomquist, M. Crosby, A.J. Grout, B.D. Mishler, W.B. Schofield, R. Schuster, A.J. Shaw, 48 bryophyte exsiccatae collections, and over 900 bryophyte type specimens.</para>
    </abstract>
      <intellectualRights>
        <para>This work is licensed under a <ulink url="http://creativecommons.org/licenses/by/4.0/legalcode"><citetitle>Creative Commons Attribution (CC-BY) 4.0 License</citetitle></ulink>.</para>
      </intellectualRights>
      <contact>
<organizationName>Duke University Herbarium Bryophyte Collection</organizationName><electronicMailAddress>shaw@duke.edu</electronicMailAddress><onlineUrl>https://herbarium.duke.edu</onlineUrl>      </contact>

</dataset>

<additionalMetadata>
    <metadata>
      <gbif>
        <dateStamp>2021-08-03T09:06:46Z</dateStamp>
      <citation>Duke University Herbarium (2021). Duke University Herbarium Bryophyte Collection. Occurrence dataset https://doi.org/10.15468/bgfxdc accessed via GBIF.org on 2021-08-03.</citation>
      </gbif>
    </metadata>
</additionalMetadata>

</eml:eml>
