<?xml version="1.0" encoding="utf-8"?>
<eml:eml xmlns:eml="eml://ecoinformatics.org/eml-2.1.1" xmlns:xsi="http://www.w3.org/2001/XMLSchema-instance"
         xsi:schemaLocation="eml://ecoinformatics.org/eml-2.1.1 http://rs.gbif.org/schema/eml-gbif-profile/1.1/eml.xsd"
        packageId="8346c3a8-f762-11e1-a439-00145eb45e9a"  system="http://gbif.org" scope="system"
  xml:lang="en">

<dataset>
      <alternateIdentifier>10.15468/aj41tg</alternateIdentifier>
        <alternateIdentifier>https://ipt.gbif.es/resource?r=ma-musci</alternateIdentifier>
        <alternateIdentifier>http://ipt.gbif.es/resource?r=ma-musci</alternateIdentifier>
        <alternateIdentifier>8346c3a8-f762-11e1-a439-00145eb45e9a</alternateIdentifier>
        <alternateIdentifier>235</alternateIdentifier>
    <title>CSIC-Real Jardín Botánico-Colección de Musgos (MA-Musci)</title>
    <creator>
    <individualName>
<givenName>Margarita</givenName>          <surName>Dueñas</surName>
    </individualName>
<organizationName>Real Jardín Botánico</organizationName><positionName>Curator</positionName>    <address>
<deliveryPoint>Real Jardín Botánico</deliveryPoint><city>Madrid</city><administrativeArea>Madrid</administrativeArea><postalCode>28014</postalCode><country>SPAIN</country>    </address>
<phone>+34 914203017</phone><electronicMailAddress>mduenas@rjb.csic.es</electronicMailAddress>    </creator>
    <metadataProvider>
    <individualName>
<givenName>Margarita</givenName>          <surName>Dueñas</surName>
    </individualName>
<organizationName>Real Jardín Botánico</organizationName><positionName>Curator</positionName>    <address>
<deliveryPoint>Real Jardín Botánico</deliveryPoint><city>Madrid</city><administrativeArea>Madrid</administrativeArea><postalCode>28014</postalCode><country>SPAIN</country>    </address>
<phone>+34 914203017</phone><electronicMailAddress>mduenas@rjb.csic.es</electronicMailAddress>    </metadataProvider>
      <pubDate>
      2021-07-29
      </pubDate>
    <language>ENGLISH</language>
    <abstract>
        <para>English: The Collection of Mosses belonging to the Cryptogamc Herbarium of the Royal Botanic Garden of Madrid contains specimens of basically Iberian origin. The database has 27,206 records corresponding to 840 genera and 5,244 species.</para>
        <para>Español: La Colección de Musgos perteneciente al Herbario de Criptogamia del Real Jardín Botánico de Madrid contiene ejemplares básicamente de origen ibérico. La base de datos cuenta con 27.206 registros correspondientes a 840 géneros y 5.244 especies.</para>
    </abstract>
        <keywordSet>
              <keyword>Occurrence</keyword>
              <keywordThesaurus>GBIF Dataset Type Vocabulary: http://rs.gbif.org/vocabulary/gbif/dataset_type.xml</keywordThesaurus>
        </keywordSet>
        <keywordSet>
              <keyword>Specimen</keyword>
              <keywordThesaurus>GBIF Dataset Subtype Vocabulary: http://rs.gbif.org/vocabulary/gbif/dataset_subtype.xml</keywordThesaurus>
        </keywordSet>
        <keywordSet>
              <keyword>Occurrence</keyword>
              <keywordThesaurus>GBIF Dataset Type Vocabulary: http://rs.gbif.org/vocabulary/gbif/dataset_type_2015-07-10.xml</keywordThesaurus>
        </keywordSet>
      <intellectualRights>
        <para>This work is licensed under a <ulink url="http://creativecommons.org/licenses/by-nc/4.0/legalcode"><citetitle>Creative Commons Attribution Non Commercial (CC-BY-NC) 4.0 License</citetitle></ulink>.</para>
      </intellectualRights>
      <distribution scope="document">
          <online>
              <url function="information">http://www.rjb.csic.es/jardinbotanico/jardin/index.php?Cab=109&amp;len=es&amp;Pag=189&amp;Pag=411&amp;Pag=190&amp;Pag=191&amp;Pag=411</url>
          </online>
      </distribution>
      <maintenance>
          <description>
              <para></para>
          </description>
          <maintenanceUpdateFrequency>asNeeded</maintenanceUpdateFrequency>
      </maintenance>
      <contact>
    <individualName>
<givenName>Margarita</givenName>          <surName>Dueñas</surName>
    </individualName>
<organizationName>Real Jardín Botánico-CSIC</organizationName><positionName>Curator</positionName>    <address>
<deliveryPoint>Plaza de Murillo, 2. 28014 Madrid</deliveryPoint><city>Madrid</city><administrativeArea>MADRID</administrativeArea><postalCode>28014</postalCode><country>SPAIN</country>    </address>
<phone>914203017</phone><electronicMailAddress>mduenas@rjb.csic.es</electronicMailAddress>      </contact>
      <contact>
    <individualName>
<givenName>Margarita</givenName>          <surName>Dueñas</surName>
    </individualName>
<organizationName>Real Jardín Botánico</organizationName><positionName>Curator</positionName>    <address>
<deliveryPoint>Real Jardín Botánico</deliveryPoint><city>Madrid</city><administrativeArea>Madrid</administrativeArea><postalCode>28014</postalCode><country>SPAIN</country>    </address>
<phone>+34 914203017</phone><electronicMailAddress>mduenas@rjb.csic.es</electronicMailAddress>      </contact>

</dataset>

<additionalMetadata>
    <metadata>
      <gbif>
        <dateStamp>2021-08-03T09:06:32Z</dateStamp>
      <citation>Dueñas M (2021). CSIC-Real Jardín Botánico-Colección de Musgos (MA-Musci). CSIC-Real Jardín Botánico. Occurrence dataset https://doi.org/10.15468/aj41tg accessed via GBIF.org on 2021-08-03.</citation>
      </gbif>
    </metadata>
</additionalMetadata>

</eml:eml>
