<?xml version="1.0" encoding="utf-8"?>
<eml:eml xmlns:eml="eml://ecoinformatics.org/eml-2.1.1" xmlns:xsi="http://www.w3.org/2001/XMLSchema-instance"
         xsi:schemaLocation="eml://ecoinformatics.org/eml-2.1.1 http://rs.gbif.org/schema/eml-gbif-profile/1.1/eml.xsd"
        packageId="8354ecee-f762-11e1-a439-00145eb45e9a"  system="http://gbif.org" scope="system"
  xml:lang="en">

<dataset>
      <alternateIdentifier>10.15468/jxs9rn</alternateIdentifier>
        <alternateIdentifier>https://ipt.gbif.es/resource?r=aran</alternateIdentifier>
        <alternateIdentifier>8354ecee-f762-11e1-a439-00145eb45e9a</alternateIdentifier>
        <alternateIdentifier>248</alternateIdentifier>
    <title>Aranzadi Zientzi Elkartea</title>
    <creator>
    <individualName>
<givenName>Iñaki</givenName>          <surName>Aizpuru</surName>
    </individualName>
<organizationName>Aranzadi Science Society</organizationName>    <address>
<country>SPAIN</country>    </address>
<electronicMailAddress>botanika@aranzadi-zientziak.org</electronicMailAddress>    </creator>
    <metadataProvider>
    <individualName>
<givenName>Iñaki</givenName>          <surName>Aizpuru</surName>
    </individualName>
<organizationName>Aranzadi Science Society</organizationName>    <address>
<country>SPAIN</country>    </address>
<electronicMailAddress>botanika@aranzadi-zientziak.org</electronicMailAddress>    </metadataProvider>
      <pubDate>
      2020-06-18
      </pubDate>
    <language>ENGLISH</language>
    <abstract>
        <para>Aranzadi Zientzi Elkartea. Donostia-San SebastiÃ¡n. ARAN Herbarioa</para>
        <para>Note: this dataset was previously orphaned. It has been rescued by ① extracting it from the GBIF.org index (see GBIF Download in External Data) and ② republishing it on this IPT data hosting centre as version 1.0.</para>
    </abstract>
        <keywordSet>
              <keyword>Occurrence</keyword>
              <keywordThesaurus>GBIF Dataset Type Vocabulary: http://rs.gbif.org/vocabulary/gbif/dataset_type.xml</keywordThesaurus>
        </keywordSet>
      <intellectualRights>
        <para>This work is licensed under a <ulink url="http://creativecommons.org/licenses/by/4.0/legalcode"><citetitle>Creative Commons Attribution (CC-BY) 4.0 License</citetitle></ulink>.</para>
      </intellectualRights>
      <maintenance>
          <description>
              <para></para>
          </description>
          <maintenanceUpdateFrequency>unkown</maintenanceUpdateFrequency>
      </maintenance>
      <contact>
    <individualName>
<givenName>Iñaki</givenName>          <surName>Aizpuru</surName>
    </individualName>
<organizationName>Aranzadi Science Society</organizationName>    <address>
<country>SPAIN</country>    </address>
<electronicMailAddress>botanika@aranzadi-zientziak.org</electronicMailAddress>      </contact>

</dataset>

<additionalMetadata>
    <metadata>
      <gbif>
        <dateStamp>2021-08-03T09:07:13Z</dateStamp>
      <citation>Aizpuru I (2020). Aranzadi Zientzi Elkartea. Aranzadi Science Society. Occurrence dataset https://doi.org/10.15468/jxs9rn accessed via GBIF.org on 2021-08-03.</citation>
              <physical>
                  <objectName>GBIF Occurrence Download</objectName>
                  <characterEncoding>UTF-8</characterEncoding>
                  <dataFormat>
                      <externallyDefinedFormat>
                          <formatName>Darwin Core Archive</formatName>
                      </externallyDefinedFormat>
                  </dataFormat>
                  <distribution>
                      <online>
                          <url function="download">http://api.gbif.org/v1/occurrence/download/request/0002111-180131172636756.zip</url>
                      </online>
                  </distribution>
              </physical>
      </gbif>
    </metadata>
</additionalMetadata>

</eml:eml>
