<?xml version="1.0" encoding="utf-8"?>
<eml:eml xmlns:eml="eml://ecoinformatics.org/eml-2.1.1" xmlns:xsi="http://www.w3.org/2001/XMLSchema-instance"
         xsi:schemaLocation="eml://ecoinformatics.org/eml-2.1.1 http://rs.gbif.org/schema/eml-gbif-profile/1.1/eml.xsd"
        packageId="83b9c52f-c787-4b5d-ab38-51623c47bef9"  system="http://gbif.org" scope="system"
  xml:lang="en">

<dataset>
      <alternateIdentifier>10.15468/2cdsuw</alternateIdentifier>
        <alternateIdentifier>http://science-net.kahaku.go.jp/ipt2/resource?r=snet-1015-101</alternateIdentifier>
    <title>Kitami Region Museum of Science History and Art(KIRM)</title>
    <creator>
    <individualName>
<givenName>Takuhiko</givenName>          <surName>Yanagiya</surName>
    </individualName>
<organizationName>Kitami Region Museum of Science History and Art</organizationName><positionName>Chief of cultural assets and natural history</positionName>    <address>
<country>JAPAN</country>    </address>
<electronicMailAddress>Takuhiko.yanagiya@city.kitami.lg.jp</electronicMailAddress>    </creator>
    <metadataProvider>
    <individualName>
<givenName>Takuhiko</givenName>          <surName>Yanagiya</surName>
    </individualName>
<organizationName>Kitami Region Museum of Science History and Art</organizationName><positionName>Chief of cultural assets and natural history</positionName>    <address>
<country>JAPAN</country>    </address>
<electronicMailAddress>Takuhiko.yanagiya@city.kitami.lg.jp</electronicMailAddress>    </metadataProvider>
      <pubDate>
      2021-07-16
      </pubDate>
    <language>ENGLISH</language>
    <abstract>
        <para>Plants specimens deposited at Kitami Region Museum of Science History and Art(KIRM)</para>
    </abstract>
        <keywordSet>
              <keyword>Occurrence</keyword>
              <keywordThesaurus>GBIF Dataset Type Vocabulary: http://rs.gbif.org/vocabulary/gbif/dataset_type_2015-07-10.xml</keywordThesaurus>
        </keywordSet>
      <intellectualRights>
        <para>This work is licensed under a <ulink url="http://creativecommons.org/licenses/by/4.0/legalcode"><citetitle>Creative Commons Attribution (CC-BY) 4.0 License</citetitle></ulink>.</para>
      </intellectualRights>
      <maintenance>
          <description>
              <para></para>
          </description>
          <maintenanceUpdateFrequency>unkown</maintenanceUpdateFrequency>
      </maintenance>
      <contact>
    <individualName>
<givenName>Takuhiko</givenName>          <surName>Yanagiya</surName>
    </individualName>
<organizationName>Kitami Region Museum of Science History and Art</organizationName><positionName>Chief of cultural assets and natural history</positionName>    <address>
<country>JAPAN</country>    </address>
<electronicMailAddress>Takuhiko.yanagiya@city.kitami.lg.jp</electronicMailAddress><onlineUrl>https://hokumouken.com/</onlineUrl>      </contact>

</dataset>

<additionalMetadata>
    <metadata>
      <gbif>
        <dateStamp>2021-08-03T09:07:04Z</dateStamp>
      <citation>Yanagiya T (2021). Kitami Region Museum of Science History and Art(KIRM). National Museum of Nature and Science, Japan. Occurrence dataset https://doi.org/10.15468/2cdsuw accessed via GBIF.org on 2021-08-03.</citation>
      </gbif>
    </metadata>
</additionalMetadata>

</eml:eml>
