<?xml version="1.0" encoding="utf-8"?>
<eml:eml xmlns:eml="eml://ecoinformatics.org/eml-2.1.1" xmlns:xsi="http://www.w3.org/2001/XMLSchema-instance"
         xsi:schemaLocation="eml://ecoinformatics.org/eml-2.1.1 http://rs.gbif.org/schema/eml-gbif-profile/1.1/eml.xsd"
        packageId="8766db9d-86a9-4db5-81ff-d3632826d5b9"  system="http://gbif.org" scope="system"
  xml:lang="pt">

<dataset>
      <alternateIdentifier>10.15468/4b74v2</alternateIdentifier>
        <alternateIdentifier>8766db9d-86a9-4db5-81ff-d3632826d5b9</alternateIdentifier>
        <alternateIdentifier>http://ipt.jbrj.gov.br/reflora/resource?r=hcf</alternateIdentifier>
    <title>HCF herbarium - Universidade Tecnológica Federal do Paraná - Campus Campo Mourão - Herbário Virtual REFLORA</title>
    <creator>
    <individualName>
<givenName>Marcelo</givenName>          <surName>Caxambú</surName>
    </individualName>
<positionName>Curator</positionName>    <address>
<deliveryPoint>Via Rosalina Maria dos Santos</deliveryPoint><city>Campo Mourão</city><administrativeArea>PR</administrativeArea><country>BRAZIL</country>    </address>
<electronicMailAddress>mcaxambu@utfpr.edu.br</electronicMailAddress>    </creator>
    <metadataProvider>
    <individualName>
<givenName>Marcelo</givenName>          <surName>Caxambú</surName>
    </individualName>
<positionName>Curator</positionName>    <address>
<deliveryPoint>Via Rosalina Maria dos Santos</deliveryPoint><city>Campo Mourão</city><administrativeArea>PR</administrativeArea><country>BRAZIL</country>    </address>
<electronicMailAddress>mcaxambu@utfpr.edu.br</electronicMailAddress>    </metadataProvider>
      <pubDate>
      2021-07-13
      </pubDate>
    <language>PORTUGUESE</language>
    <abstract>
        <para>Herbário da Universidade Tecnológica Federal do Paraná</para>
    </abstract>
        <keywordSet>
              <keyword>Occurrence</keyword>
              <keywordThesaurus>GBIF Dataset Type Vocabulary: http://rs.gbif.org/vocabulary/gbif/dataset_type.xml</keywordThesaurus>
        </keywordSet>
        <keywordSet>
              <keyword>Specimen</keyword>
              <keywordThesaurus>GBIF Dataset Subtype Vocabulary: http://rs.gbif.org/vocabulary/gbif/dataset_subtype.xml</keywordThesaurus>
        </keywordSet>
      <intellectualRights>
        <para>This work is licensed under a <ulink url="http://creativecommons.org/licenses/by/4.0/legalcode"><citetitle>Creative Commons Attribution (CC-BY) 4.0 License</citetitle></ulink>.</para>
      </intellectualRights>
      <maintenance>
          <description>
              <para></para>
          </description>
          <maintenanceUpdateFrequency>monthly</maintenanceUpdateFrequency>
      </maintenance>
      <contact>
    <individualName>
<givenName>Marcelo</givenName>          <surName>Caxambú</surName>
    </individualName>
<positionName>Curator</positionName>    <address>
<deliveryPoint>Via Rosalina Maria dos Santos</deliveryPoint><city>Campo Mourão</city><administrativeArea>PR</administrativeArea><country>BRAZIL</country>    </address>
<electronicMailAddress>mcaxambu@utfpr.edu.br</electronicMailAddress>      </contact>
      <contact>
    <individualName>
<givenName>Rafaela</givenName>          <surName>Forzza</surName>
    </individualName>
<organizationName>Rio de Janeiro Botanical Garden</organizationName><positionName>REFLORA - coordinator</positionName>    <address>
<deliveryPoint>Rua Pacheco Leão - 915</deliveryPoint><city>Rio de Janeiro</city><administrativeArea>RJ</administrativeArea><postalCode>22460-030</postalCode><country>BRAZIL</country>    </address>
<phone>+552132042082</phone><electronicMailAddress>reflora@jbrj.gov.br</electronicMailAddress>      </contact>

</dataset>

<additionalMetadata>
    <metadata>
      <gbif>
        <dateStamp>2021-08-03T09:06:53Z</dateStamp>
      <citation>Caxambú M (2021). HCF herbarium - Universidade Tecnológica Federal do Paraná - Campus Campo Mourão - Herbário Virtual REFLORA. Version 1.101. Instituto de Pesquisas Jardim Botanico do Rio de Janeiro. Occurrence dataset https://doi.org/10.15468/4b74v2 accessed via GBIF.org on 2021-08-03.</citation>
              <resourceLogoUrl>http://ipt.jbrj.gov.br/reflora/logo.do?r=hcf</resourceLogoUrl>
      </gbif>
    </metadata>
</additionalMetadata>

</eml:eml>
