<?xml version="1.0" encoding="utf-8"?>
<eml:eml xmlns:eml="eml://ecoinformatics.org/eml-2.1.1" xmlns:xsi="http://www.w3.org/2001/XMLSchema-instance"
         xsi:schemaLocation="eml://ecoinformatics.org/eml-2.1.1 http://rs.gbif.org/schema/eml-gbif-profile/1.1/eml.xsd"
        packageId="880f942a-d574-46e7-b781-2a101a922d2e"  system="http://gbif.org" scope="system"
  xml:lang="pt">

<dataset>
      <alternateIdentifier>10.15468/kz6y6z</alternateIdentifier>
        <alternateIdentifier>880f942a-d574-46e7-b781-2a101a922d2e</alternateIdentifier>
        <alternateIdentifier>http://ipt.jbrj.gov.br/reflora/resource?r=hvasf</alternateIdentifier>
    <title>HVASF herbarium - Fundação Universidade Federal do Vale do São Francisco - Herbário Virtual REFLORA</title>
    <creator>
    <individualName>
<givenName>José</givenName>          <surName>Siqueira Filho</surName>
    </individualName>
<organizationName>Fundação Universidade Federal do Vale do São Francisco - Univasf</organizationName><positionName>Curator</positionName>    <address>
<deliveryPoint>Campus Ciências Agrárias, BR 407, km 12, lote 543</deliveryPoint><city>Petrolina</city><administrativeArea>PE</administrativeArea><country>BRAZIL</country>    </address>
<electronicMailAddress>pcicjas@superig.com.br</electronicMailAddress>    </creator>
    <metadataProvider>
    <individualName>
<givenName>José</givenName>          <surName>Siqueira Filho</surName>
    </individualName>
<organizationName>Fundação Universidade Federal do Vale do São Francisco - Univasf</organizationName><positionName>Curator</positionName>    <address>
<deliveryPoint>Campus Ciências Agrárias, BR 407, km 12, lote 543</deliveryPoint><city>Petrolina</city><administrativeArea>PE</administrativeArea><country>BRAZIL</country>    </address>
<electronicMailAddress>pcicjas@superig.com.br</electronicMailAddress>    </metadataProvider>
      <pubDate>
      2021-07-14
      </pubDate>
    <language>PORTUGUESE</language>
    <abstract>
        <para>Herbário Vale do São Francisco - Fundação Universidade Federal do Vale do São Francisco - Univasf</para>
    </abstract>
        <keywordSet>
              <keyword>Occurrence</keyword>
              <keywordThesaurus>GBIF Dataset Type Vocabulary: http://rs.gbif.org/vocabulary/gbif/dataset_type.xml</keywordThesaurus>
        </keywordSet>
        <keywordSet>
              <keyword>Specimen</keyword>
              <keywordThesaurus>GBIF Dataset Subtype Vocabulary: http://rs.gbif.org/vocabulary/gbif/dataset_subtype.xml</keywordThesaurus>
        </keywordSet>
      <intellectualRights>
        <para>This work is licensed under a <ulink url="http://creativecommons.org/licenses/by/4.0/legalcode"><citetitle>Creative Commons Attribution (CC-BY) 4.0 License</citetitle></ulink>.</para>
      </intellectualRights>
      <maintenance>
          <description>
              <para></para>
          </description>
          <maintenanceUpdateFrequency>monthly</maintenanceUpdateFrequency>
      </maintenance>
      <contact>
    <individualName>
<givenName>José</givenName>          <surName>Siqueira Filho</surName>
    </individualName>
<organizationName>Fundação Universidade Federal do Vale do São Francisco - Univasf</organizationName><positionName>Curator</positionName>    <address>
<deliveryPoint>Campus Ciências Agrárias, BR 407, km 12, lote 543</deliveryPoint><city>Petrolina</city><administrativeArea>PE</administrativeArea><country>BRAZIL</country>    </address>
<electronicMailAddress>pcicjas@superig.com.br</electronicMailAddress>      </contact>
      <contact>
    <individualName>
<givenName>Rafaela</givenName>          <surName>Forzza</surName>
    </individualName>
<organizationName>JBRJ</organizationName><positionName>REFLORA - coordinator</positionName>    <address>
<deliveryPoint>Rua Pacheco Leão - 915</deliveryPoint><city>Rio de Janeiro</city><administrativeArea>RJ</administrativeArea><postalCode>22460-030</postalCode><country>BRAZIL</country>    </address>
<phone>+552132042082</phone><electronicMailAddress>rafaela@jbrj.gov.br</electronicMailAddress>      </contact>

</dataset>

<additionalMetadata>
    <metadata>
      <gbif>
        <dateStamp>2021-08-03T09:06:53Z</dateStamp>
      <citation>Siqueira Filho J (2021). HVASF herbarium - Fundação Universidade Federal do Vale do São Francisco - Herbário Virtual REFLORA. Version 1.101. Instituto de Pesquisas Jardim Botanico do Rio de Janeiro. Occurrence dataset https://doi.org/10.15468/kz6y6z accessed via GBIF.org on 2021-08-03.</citation>
              <resourceLogoUrl>http://ipt.jbrj.gov.br/reflora/logo.do?r=hvasf</resourceLogoUrl>
      </gbif>
    </metadata>
</additionalMetadata>

</eml:eml>
