<?xml version="1.0" encoding="utf-8"?>
<eml:eml xmlns:eml="eml://ecoinformatics.org/eml-2.1.1" xmlns:xsi="http://www.w3.org/2001/XMLSchema-instance"
         xsi:schemaLocation="eml://ecoinformatics.org/eml-2.1.1 http://rs.gbif.org/schema/eml-gbif-profile/1.1/eml.xsd"
        packageId="93788243-3b92-47f5-8658-d04868b5b00e"  system="http://gbif.org" scope="system"
  xml:lang="en">

<dataset>
      <alternateIdentifier>10.15468/jp5pv3</alternateIdentifier>
        <alternateIdentifier>93788243-3b92-47f5-8658-d04868b5b00e</alternateIdentifier>
        <alternateIdentifier>https://collections.ala.org.au/public/show/dr3392</alternateIdentifier>
        <alternateIdentifier>4b84047e-47be-36b2-872e-6e622860bdec</alternateIdentifier>
    <title>Working Wonders on Weeds  -  Community of Denmark W.A.</title>
    <creator>
<organizationName>Working Wonders on Weeds  -  Community of Denmark W.A.</organizationName><electronicMailAddress>louiseduxbury@westnet.com.au</electronicMailAddress><onlineUrl>http://www.denmarkenvironmentcentre.org.au</onlineUrl>    </creator>
    <metadataProvider>
<organizationName>Working Wonders on Weeds  -  Community of Denmark W.A.</organizationName><electronicMailAddress>louiseduxbury@westnet.com.au</electronicMailAddress><onlineUrl>http://www.denmarkenvironmentcentre.org.au</onlineUrl>    </metadataProvider>
    <associatedParty>
<organizationName>Atlas of Living Australia</organizationName>    <address>
<deliveryPoint>CSIRO Ecosystems Services</deliveryPoint><city>Canberra</city><administrativeArea>ACT</administrativeArea><postalCode>2601</postalCode><country>AUSTRALIA</country>    </address>
<electronicMailAddress>info@ala.org.au</electronicMailAddress>    <role>DISTRIBUTOR</role>
    </associatedParty>
      <pubDate>
      2021-06-05
      </pubDate>
    <language>ENGLISH</language>
    <abstract>
        <para>The targeted weeds are:
*  Sydney Golden Wattle (Acacia longifolia), 
*  Arum Lily (Zantedeschia aethiopica), and 
*  Blackberry (Two species: Rubus anglocandicans &amp;amp; Rubus laudatus)

Check the Resources section for photos and information on identification and treatment options for each of the target weeds.</para>
    </abstract>
      <intellectualRights>
        <para>This work is licensed under a <ulink url="http://creativecommons.org/licenses/by/4.0/legalcode"><citetitle>Creative Commons Attribution (CC-BY) 4.0 License</citetitle></ulink>.</para>
      </intellectualRights>
      <distribution scope="document">
          <online>
              <url function="information">https://collections.ala.org.au/public/show/dr3392</url>
          </online>
      </distribution>
      <contact>
<organizationName>Atlas of Living Australia</organizationName>    <address>
<deliveryPoint>CSIRO Ecosystems Services</deliveryPoint><city>Canberra</city><administrativeArea>ACT</administrativeArea><postalCode>2601</postalCode><country>AUSTRALIA</country>    </address>
<electronicMailAddress>info@ala.org.au</electronicMailAddress>      </contact>
      <methods>
      </methods>

</dataset>

<additionalMetadata>
    <metadata>
      <gbif>
        <dateStamp>2021-08-03T09:06:34Z</dateStamp>
      <citation>Working Wonders on Weeds  -  Community of Denmark W.A. (2021). Working Wonders on Weeds  -  Community of Denmark W.A.. Occurrence dataset https://doi.org/10.15468/jp5pv3 accessed via GBIF.org on 2021-08-03.</citation>
      </gbif>
    </metadata>
</additionalMetadata>

</eml:eml>
