<?xml version="1.0" encoding="utf-8"?>
<eml:eml xmlns:eml="eml://ecoinformatics.org/eml-2.1.1" xmlns:xsi="http://www.w3.org/2001/XMLSchema-instance"
         xsi:schemaLocation="eml://ecoinformatics.org/eml-2.1.1 http://rs.gbif.org/schema/eml-gbif-profile/1.1/eml.xsd"
        packageId="93c02d72-d8ac-4396-8522-bd7c8dbbd62d"  system="http://gbif.org" scope="system"
  xml:lang="en">

<dataset>
      <alternateIdentifier>10.15468/ifnznl</alternateIdentifier>
        <alternateIdentifier>https://www.ebi.ac.uk/metagenomics/studies/MGYS00004488</alternateIdentifier>
    <title>Temporal effect of plant diversity and oiling on nitrogen cycling in marsh sediments</title>
    <creator>
<organizationName>University of Alabama</organizationName>    </creator>
    <metadataProvider>
<organizationName>University of Alabama</organizationName>    </metadataProvider>
      <pubDate>
      2019-11-07
      </pubDate>
    <language>ENGLISH</language>
    <abstract>
        <para>The effect of plant diversity on ecosystem recovery from oil spills and temporal effects on biogeochemical cycles needs to be investigated to identify key ecosystem processes as well as the various challenges associated with coastal ecosystem recovery. Oil spill effects on nitrogen cycling caused by either changes in species composition of primary producers or microbial community composition have also been documented. Although low to moderate oiling of coastal wetlands has been shown to impact ecosystem functions, studies focused on determining long term impacts of oil spills on marsh vegetation, microbial community composition and associated effects on nitrogen cycling are relatively limited. This project investigated temporal effects of plant diversity on denitrification and microbial community dynamics through mesocosm experiments. The mesocosms consisted of the black mangrove, Avicennia germinans, along with either a monoculture or polyculture of the smooth cord grass, Spartina alterniflora. The results presented were obtained using DNA extracted from replicate sediment cores sampled in April 2016, 6 months after the mesocosms were treated with oil to achieve a final concentration of 4000 ppm.</para>
    </abstract>
        <keywordSet>
              <keyword>Metagenomics</keyword>
              <keyword>environmental genomics</keyword>
              <keywordThesaurus>N/A</keywordThesaurus>
        </keywordSet>
      <intellectualRights>
        <para>This work is licensed under a <ulink url="http://creativecommons.org/licenses/by/4.0/legalcode"><citetitle>Creative Commons Attribution (CC-BY) 4.0 License</citetitle></ulink>.</para>
      </intellectualRights>
      <distribution scope="document">
          <online>
              <url function="information">https://www.ebi.ac.uk/metagenomics/studies/MGYS00004488</url>
          </online>
      </distribution>
      <maintenance>
          <description>
              <para></para>
          </description>
          <maintenanceUpdateFrequency>unkown</maintenanceUpdateFrequency>
      </maintenance>
      <contact>
<organizationName>University of Alabama</organizationName>      </contact>
      <methods>
            <methodStep>
                <description>
                    <para>Pipeline used: https://www.ebi.ac.uk/metagenomics/pipelines/4.1</para>
                </description>
            </methodStep>
            <sampling>
                <studyExtent>
                    <description>
                        <para></para>
                    </description>
                </studyExtent>
                <samplingDescription>
                    <para>The effect of plant diversity on ecosystem recovery from oil spills and temporal effects on biogeochemical cycles needs to be investigated to identify key ecosystem processes as well as the various challenges associated with coastal ecosystem recovery. Oil spill effects on nitrogen cycling caused by either changes in species composition of primary producers or microbial community composition have also been documented. Although low to moderate oiling of coastal wetlands has been shown to impact ecosystem functions, studies focused on determining long term impacts of oil spills on marsh vegetation, microbial community composition and associated effects on nitrogen cycling are relatively limited. This project investigated temporal effects of plant diversity on denitrification and microbial community dynamics through mesocosm experiments. The mesocosms consisted of the black mangrove, Avicennia germinans, along with either a monoculture or polyculture of the smooth cord grass, Spartina alterniflora. The results presented were obtained using DNA extracted from replicate sediment cores sampled in April 2016, 6 months after the mesocosms were treated with oil to achieve a final concentration of 4000 ppm.</para>
                </samplingDescription>
            </sampling>
      </methods>

      <project >
          <title>Temporal effect of plant diversity and oiling on nitrogen cycling in marsh sediments</title>
          <abstract>
              <para></para>
          </abstract>
          <funding>
              <para></para>
          </funding>
      </project>
</dataset>

<additionalMetadata>
    <metadata>
      <gbif>
        <dateStamp>2021-08-03T09:06:34Z</dateStamp>
      <citation>MGnify (2019). Temporal effect of plant diversity and oiling on nitrogen cycling in marsh sediments. Sampling event dataset https://doi.org/10.15468/ifnznl accessed via GBIF.org on 2021-08-03.</citation>
      </gbif>
    </metadata>
</additionalMetadata>

</eml:eml>
