<?xml version="1.0" encoding="utf-8"?>
<eml:eml xmlns:eml="eml://ecoinformatics.org/eml-2.1.1" xmlns:xsi="http://www.w3.org/2001/XMLSchema-instance"
         xsi:schemaLocation="eml://ecoinformatics.org/eml-2.1.1 http://rs.gbif.org/schema/eml-gbif-profile/1.1/eml.xsd"
        packageId="95d672e8-f762-11e1-a439-00145eb45e9a"  system="http://gbif.org" scope="system"
  xml:lang="en">

<dataset>
      <alternateIdentifier>10.15468/4z4hto</alternateIdentifier>
        <alternateIdentifier>7949</alternateIdentifier>
    <title>EDIT - ATBI in Mercantour/Alpi Marittime (France/Italy)</title>
    <associatedParty>
    <individualName>
          <surName>Data Integration Team</surName>
    </individualName>
    <address>
<deliveryPoint>Museum fuer Naturkunde. Invalidenstr. 43. 10115 Berlin. Germany</deliveryPoint>    </address>
<electronicMailAddress>biocase@mfn-berlin.de</electronicMailAddress>    <role>TECHNICAL_POINT_OF_CONTACT</role>
    </associatedParty>
    <language>en</language>
    <abstract>
        <para>The data provided have been collected under the scope of the European Distributed Institute of Taxonomy (EDIT), a network of more than 20 European, North American and Russian taxonomic institutions with support from the European Commission (Project no. 018340). As part of EDIT&amp;#39;s activities to strengthen the input of taxonomy for biodiversity conservation, the Museum fuer Naturkunde Berlin (MfN) and the State Museum of Natural History Stuttgart (SMNS), Germany, coordinates and supports the participation of taxonomic experts in &amp;#34;All Taxa and Biodiversity Inventory and Monitoring&amp;#34; (ATBI&amp;#43;M) projects at designated areas of conservation value. ATBI&amp;#43;M efforts are large-scale, longer-term field surveys to record, identify, and document the entire biodiversity of specific (conservation) areas, which will form the basis for subsequent monitoring biodiversity changes over time. All data presented here originate either directly from field surveys undertaken by many individual EDIT researchers and participants at designated ATBI&amp;#43;M sites or from published literature and other records referring to the same areas.</para>
    </abstract>
      <intellectualRights>
        <para>This work is licensed under a <ulink url="http://creativecommons.org/licenses/by/4.0/legalcode"><citetitle>Creative Commons Attribution (CC-BY) 4.0 License</citetitle></ulink>.</para>
      </intellectualRights>
      <distribution scope="document">
          <online>
              <url function="information">http://www.atbi.eu/mercantour-marittime/</url>
          </online>
      </distribution>
      <contact>
    <individualName>
          <surName>Christoph Häuser</surName>
    </individualName>
    <address>
<deliveryPoint>Museum fuer Naturkunde. Invalidenstr. 43. 10115 Berlin. Germany</deliveryPoint>    </address>
<phone>+ 49 30 2093 8479</phone><electronicMailAddress>christoph.haeuser@mfn-berlin.de</electronicMailAddress>      </contact>

</dataset>

<additionalMetadata>
    <metadata>
      <gbif>
        <dateStamp>2021-08-03T09:06:53Z</dateStamp>
      <citation>Museum für Naturkunde Berlin. EDIT - ATBI in Mercantour/Alpi Marittime (France/Italy). Occurrence dataset https://doi.org/10.15468/4z4hto accessed via GBIF.org on 2021-08-03.</citation>
      </gbif>
    </metadata>
</additionalMetadata>

</eml:eml>
