<?xml version="1.0" encoding="utf-8"?>
<eml:eml xmlns:eml="eml://ecoinformatics.org/eml-2.1.1" xmlns:xsi="http://www.w3.org/2001/XMLSchema-instance"
         xsi:schemaLocation="eml://ecoinformatics.org/eml-2.1.1 http://rs.gbif.org/schema/eml-gbif-profile/1.1/eml.xsd"
        packageId="9603ec46-f762-11e1-a439-00145eb45e9a"  system="http://gbif.org" scope="system"
  xml:lang="en">

<dataset>
      <alternateIdentifier>10.15468/gbvjsx</alternateIdentifier>
        <alternateIdentifier>http://science-net.kahaku.go.jp/ipt2/resource?r=snet-1058-102</alternateIdentifier>
        <alternateIdentifier>http://gbif.science-net.kahaku.go.jp:8081/ipt2/resource?r=snet-1058-102</alternateIdentifier>
        <alternateIdentifier>9603ec46-f762-11e1-a439-00145eb45e9a</alternateIdentifier>
        <alternateIdentifier>8034</alternateIdentifier>
    <title>Vascular plants collection of Hiratsuka City Museum</title>
    <creator>
    <individualName>
<givenName>Noriiko</givenName>          <surName>Matsumoto</surName>
    </individualName>
<organizationName>Hiratsuka City Museum</organizationName><positionName>Curator</positionName>    <address>
<country>JAPAN</country>    </address>
<electronicMailAddress>muse@city.hiratsuka.kanagawa.jp</electronicMailAddress>    </creator>
    <metadataProvider>
    <individualName>
<givenName>Noriiko</givenName>          <surName>Matsumoto</surName>
    </individualName>
<organizationName>Hiratsuka City Museum</organizationName><positionName>Curator</positionName>    <address>
<country>JAPAN</country>    </address>
<electronicMailAddress>muse@city.hiratsuka.kanagawa.jp</electronicMailAddress>    </metadataProvider>
      <pubDate>
      2020-03-06
      </pubDate>
    <language>ENGLISH</language>
    <abstract>
        <para>Vascular plants collection deposited in Hiratsuka City Museum</para>
    </abstract>
        <keywordSet>
              <keyword>Occurrence</keyword>
              <keywordThesaurus>GBIF Dataset Type Vocabulary: http://rs.gbif.org/vocabulary/gbif/dataset_type.xml</keywordThesaurus>
        </keywordSet>
      <intellectualRights>
        <para>This work is licensed under a <ulink url="http://creativecommons.org/licenses/by/4.0/legalcode"><citetitle>Creative Commons Attribution (CC-BY) 4.0 License</citetitle></ulink>.</para>
      </intellectualRights>
      <distribution scope="document">
          <online>
              <url function="information">http://www.hirahaku.jp/english/</url>
          </online>
      </distribution>
      <maintenance>
          <description>
              <para></para>
          </description>
          <maintenanceUpdateFrequency>unkown</maintenanceUpdateFrequency>
      </maintenance>
      <contact>
    <individualName>
<givenName>Noriiko</givenName>          <surName>Matsumoto</surName>
    </individualName>
<organizationName>Hiratsuka City Museum</organizationName><positionName>Curator</positionName>    <address>
<country>JAPAN</country>    </address>
<electronicMailAddress>muse@city.hiratsuka.kanagawa.jp</electronicMailAddress><onlineUrl>http://www.hirahaku.jp/english/</onlineUrl>      </contact>

</dataset>

<additionalMetadata>
    <metadata>
      <gbif>
        <dateStamp>2021-08-03T09:06:34Z</dateStamp>
      <citation>Matsumoto N (2020). Vascular plants collection of Hiratsuka City Museum. National Museum of Nature and Science, Japan. Occurrence dataset https://doi.org/10.15468/gbvjsx accessed via GBIF.org on 2021-08-03.</citation>
      </gbif>
    </metadata>
</additionalMetadata>

</eml:eml>
