<?xml version="1.0" encoding="utf-8"?>
<eml:eml xmlns:eml="eml://ecoinformatics.org/eml-2.1.1" xmlns:xsi="http://www.w3.org/2001/XMLSchema-instance"
         xsi:schemaLocation="eml://ecoinformatics.org/eml-2.1.1 http://rs.gbif.org/schema/eml-gbif-profile/1.1/eml.xsd"
        packageId="96b7961a-f762-11e1-a439-00145eb45e9a"  system="http://gbif.org" scope="system"
  xml:lang="en">

<dataset>
      <alternateIdentifier>10.15468/ciuxge</alternateIdentifier>
        <alternateIdentifier>https://ipt.gbif.es/resource?r=fco-briof</alternateIdentifier>
        <alternateIdentifier>96b7961a-f762-11e1-a439-00145eb45e9a</alternateIdentifier>
        <alternateIdentifier>8404</alternateIdentifier>
    <title>Universidad de Oviedo. Departamento de Biología de Organismos y Sistemas: FCO-Briof</title>
    <creator>
    <individualName>
<givenName>Miguel A.</givenName>          <surName>Fernández Márquez</surName>
    </individualName>
<organizationName>Department of Organisms and Systems Biology. University of Oviedo</organizationName><electronicMailAddress>fmarquez@uniovi.es</electronicMailAddress>    </creator>
    <metadataProvider>
    <individualName>
<givenName>Miguel A.</givenName>          <surName>Fernández Márquez</surName>
    </individualName>
<organizationName>Department of Organisms and Systems Biology. University of Oviedo</organizationName><electronicMailAddress>fmarquez@uniovi.es</electronicMailAddress>    </metadataProvider>
    <associatedParty>
    <individualName>
          <surName>Miguel A. Fernández Márquez</surName>
    </individualName>
<phone>+34 985 10 48 25</phone><electronicMailAddress>fmarquez@uniovi.es</electronicMailAddress>    <role>TECHNICAL_POINT_OF_CONTACT</role>
    </associatedParty>
      <pubDate>
      2020-06-18
      </pubDate>
    <language>ENGLISH</language>
    <abstract>
        <para>Colección de briófitos con más de 10000 registros (1126 especies ) y con especial representación de la Reserva Natural Integral de Muniellos (Asturias). Toda la colección se pone en red.</para>
        <para>Note: this dataset was previously orphaned. It has been rescued by ① extracting it from the GBIF.org index (see GBIF Download in External Data) and ② republishing it on this IPT data hosting centre as version 1.0.</para>
    </abstract>
        <keywordSet>
              <keyword>Occurrence</keyword>
              <keywordThesaurus>GBIF Dataset Type Vocabulary: http://rs.gbif.org/vocabulary/gbif/dataset_type.xml</keywordThesaurus>
        </keywordSet>
      <intellectualRights>
        <para>This work is licensed under a <ulink url="http://creativecommons.org/licenses/by-nc/4.0/legalcode"><citetitle>Creative Commons Attribution Non Commercial (CC-BY-NC) 4.0 License</citetitle></ulink>.</para>
      </intellectualRights>
      <distribution scope="document">
          <online>
              <url function="information">http://www.uniovi.es/BOS/Herbario/index.html</url>
          </online>
      </distribution>
      <maintenance>
          <description>
              <para></para>
          </description>
          <maintenanceUpdateFrequency>unkown</maintenanceUpdateFrequency>
      </maintenance>
      <contact>
    <individualName>
<givenName>Miguel A.</givenName>          <surName>Fernández Márquez</surName>
    </individualName>
<organizationName>Department of Organisms and Systems Biology. University of Oviedo</organizationName><electronicMailAddress>fmarquez@uniovi.es</electronicMailAddress>      </contact>
      <contact>
    <individualName>
<givenName>Carmen</givenName>          <surName>Fernández-Carvajal Álvarez</surName>
    </individualName>
<organizationName>Department of Organisms and Systems Biology. University of Oviedo</organizationName>      </contact>

</dataset>

<additionalMetadata>
    <metadata>
      <gbif>
        <dateStamp>2021-08-03T09:07:11Z</dateStamp>
      <citation>Fernández Márquez M A (2020). Universidad de Oviedo. Departamento de Biología de Organismos y Sistemas: FCO-Briof. Department of Organisms and Systems Biology. University of Oviedo. Occurrence dataset https://doi.org/10.15468/ciuxge accessed via GBIF.org on 2021-08-03.</citation>
              <physical>
                  <objectName>GBIF Occurrence Download</objectName>
                  <characterEncoding>UTF-8</characterEncoding>
                  <dataFormat>
                      <externallyDefinedFormat>
                          <formatName>Darwin Core Archive</formatName>
                      </externallyDefinedFormat>
                  </dataFormat>
                  <distribution>
                      <online>
                          <url function="download">http://api.gbif.org/v1/occurrence/download/request/0002056-180131172636756.zip</url>
                      </online>
                  </distribution>
              </physical>
      </gbif>
    </metadata>
</additionalMetadata>

</eml:eml>
