<?xml version="1.0" encoding="utf-8"?>
<eml:eml xmlns:eml="eml://ecoinformatics.org/eml-2.1.1" xmlns:xsi="http://www.w3.org/2001/XMLSchema-instance"
         xsi:schemaLocation="eml://ecoinformatics.org/eml-2.1.1 http://rs.gbif.org/schema/eml-gbif-profile/1.1/eml.xsd"
        packageId="97802be9-3e72-4468-8611-0c9cd3a905a7"  system="http://gbif.org" scope="system"
  xml:lang="pt">

<dataset>
      <alternateIdentifier>10.15468/ztzkde</alternateIdentifier>
        <alternateIdentifier>97802be9-3e72-4468-8611-0c9cd3a905a7</alternateIdentifier>
        <alternateIdentifier>http://ipt.jbrj.gov.br/reflora/resource?r=hstm</alternateIdentifier>
    <title>HSTM herbarium - Universidade Federal do Oeste do Pará - Herbário Virtual REFLORA</title>
    <creator>
    <individualName>
<givenName>Thaís</givenName>          <surName>Almeida</surName>
    </individualName>
<organizationName>Universidade Federal do Oeste do Pará</organizationName><positionName>Curator</positionName>    <address>
<deliveryPoint>Endereço físico: Campus Tapajós, Rua Vera Paz, s.n. - Santarém, PA. Endereço paracorrespondência: Programa de Ciências Naturais, Av. Marechal Rondon, s.n. - Santarém</deliveryPoint><city>Santarém</city><administrativeArea>PA</administrativeArea><country>BRAZIL</country>    </address>
    </creator>
    <creator>
    <individualName>
<givenName>João</givenName>          <surName>Lanna</surName>
    </individualName>
<organizationName>Jardim Botânico do Rio de Janeiro</organizationName><positionName>Data Manager</positionName>    <address>
<deliveryPoint>Rua Pacheco Leão - 915</deliveryPoint><city>Rio de Janeiro</city><administrativeArea>RJ</administrativeArea><postalCode>22411-030</postalCode><country>BRAZIL</country>    </address>
<electronicMailAddress>joaomlanna@gmail.com</electronicMailAddress>    </creator>
    <metadataProvider>
    <individualName>
<givenName>Thaís</givenName>          <surName>Almeida</surName>
    </individualName>
<organizationName>Universidade Federal do Oeste do Pará</organizationName><positionName>Curator</positionName>    <address>
<deliveryPoint>Endereço físico: Campus Tapajós, Rua Vera Paz, s.n. - Santarém, PA. Endereço paracorrespondência: Programa de Ciências Naturais, Av. Marechal Rondon, s.n. - Santarém</deliveryPoint><city>Santarém</city><administrativeArea>PA</administrativeArea><country>BRAZIL</country>    </address>
    </metadataProvider>
      <pubDate>
      2021-07-08
      </pubDate>
    <language>PORTUGUESE</language>
    <abstract>
        <para>The dataset provides information on all digitized specimens from HSTM Herbarium (Herbário Engenheira Agronoma Fátima Meckedece, Santarém, Pará, Brasil).</para>
    </abstract>
        <keywordSet>
              <keyword>Occurrence</keyword>
              <keywordThesaurus>GBIF Dataset Type Vocabulary: http://rs.gbif.org/vocabulary/gbif/dataset_type.xml</keywordThesaurus>
        </keywordSet>
        <keywordSet>
              <keyword>Specimen</keyword>
              <keywordThesaurus>GBIF Dataset Subtype Vocabulary: http://rs.gbif.org/vocabulary/gbif/dataset_subtype.xml</keywordThesaurus>
        </keywordSet>
      <intellectualRights>
        <para>This work is licensed under a <ulink url="http://creativecommons.org/licenses/by/4.0/legalcode"><citetitle>Creative Commons Attribution (CC-BY) 4.0 License</citetitle></ulink>.</para>
      </intellectualRights>
      <maintenance>
          <description>
              <para></para>
          </description>
          <maintenanceUpdateFrequency>monthly</maintenanceUpdateFrequency>
      </maintenance>
      <contact>
    <individualName>
<givenName>Thaís</givenName>          <surName>Almeida</surName>
    </individualName>
<organizationName>Universidade Federal do Oeste do Pará</organizationName><positionName>Curator</positionName>    <address>
<deliveryPoint>Endereço físico: Campus Tapajós, Rua Vera Paz, s.n. - Santarém, PA. Endereço para correspondência: Programa de Ciências Naturais, Av. Marechal Rondon, s.n. - Santarém</deliveryPoint><city>Santarém</city><administrativeArea>PA</administrativeArea><country>BRAZIL</country>    </address>
      </contact>
      <contact>
    <individualName>
<givenName>Rafaela</givenName>          <surName>Forzza</surName>
    </individualName>
<organizationName>Jardim Botânico do Rio de Janeiro</organizationName><positionName>REFLORA - coordinator</positionName>    <address>
<deliveryPoint>Rua Pacheco Leão - 915</deliveryPoint><city>Rio de Janeiro</city><administrativeArea>RJ</administrativeArea><postalCode>22460-030</postalCode><country>BRAZIL</country>    </address>
<phone>+552132042082</phone><electronicMailAddress>reflora@jbrj.gov.br</electronicMailAddress>      </contact>

</dataset>

<additionalMetadata>
    <metadata>
      <gbif>
        <dateStamp>2021-08-03T09:06:35Z</dateStamp>
      <citation>Almeida T, Lanna J (2021). HSTM herbarium - Universidade Federal do Oeste do Pará - Herbário Virtual REFLORA. Version 1.28. Instituto de Pesquisas Jardim Botanico do Rio de Janeiro. Occurrence dataset https://doi.org/10.15468/ztzkde accessed via GBIF.org on 2021-08-03.</citation>
              <resourceLogoUrl>http://ipt.jbrj.gov.br/reflora/logo.do?r=hstm</resourceLogoUrl>
      </gbif>
    </metadata>
</additionalMetadata>

</eml:eml>
