<?xml version="1.0" encoding="utf-8"?>
<eml:eml xmlns:eml="eml://ecoinformatics.org/eml-2.1.1" xmlns:xsi="http://www.w3.org/2001/XMLSchema-instance"
         xsi:schemaLocation="eml://ecoinformatics.org/eml-2.1.1 http://rs.gbif.org/schema/eml-gbif-profile/1.1/eml.xsd"
        packageId="99482781-3e53-4ab4-8463-3fbdd7b0888a"  system="http://gbif.org" scope="system"
  xml:lang="en">

<dataset>
      <alternateIdentifier>10.15468/sptcl6</alternateIdentifier>
        <alternateIdentifier>99482781-3e53-4ab4-8463-3fbdd7b0888a</alternateIdentifier>
        <alternateIdentifier>http://ipt.jbrj.gov.br/reflora/resource?r=brba</alternateIdentifier>
    <title>BRBA herbarium - Universidade Federal do Oeste da Bahia - Herbário Virtual Reflora</title>
    <creator>
    <individualName>
<givenName>Juliana</givenName>          <surName>Rando</surName>
    </individualName>
<organizationName>Federal University of Western Bahia</organizationName><positionName>Curator</positionName>    <address>
<deliveryPoint>Rua Prof. José Seabra</deliveryPoint><city>Barreiras</city><administrativeArea>Bahia</administrativeArea><country>BRAZIL</country>    </address>
    </creator>
    <creator>
    <individualName>
<givenName>João</givenName>          <surName>Lanna</surName>
    </individualName>
<organizationName>Jardim Botânico do Rio de Janeiro</organizationName><positionName>Data Manager</positionName>    <address>
<deliveryPoint>Rua Pacheco Leão - 915</deliveryPoint><city>Rio de Janeiro</city><administrativeArea>RJ</administrativeArea><country>BRAZIL</country>    </address>
<electronicMailAddress>joaomlanna@gmail.com</electronicMailAddress>    </creator>
    <metadataProvider>
    <individualName>
<givenName>Juliana</givenName>          <surName>Rando</surName>
    </individualName>
<organizationName>Universidade Federal do Oeste da Bahia</organizationName><positionName>Curator</positionName>    <address>
<deliveryPoint>Rua Prof. José Seabra</deliveryPoint><city>Barreiras</city><administrativeArea>BA</administrativeArea><country>BRAZIL</country>    </address>
    </metadataProvider>
      <pubDate>
      2021-07-08
      </pubDate>
    <language>PORTUGUESE</language>
    <abstract>
        <para>The dataset provides information on all digitized specimens from BRBA Herbarium (Herbário da Universidade Federal do Oeste da Bahia, Barreiras, Bahia, Brasil).</para>
    </abstract>
        <keywordSet>
              <keyword>Occurrence</keyword>
              <keywordThesaurus>GBIF Dataset Type Vocabulary: http://rs.gbif.org/vocabulary/gbif/dataset_type.xml</keywordThesaurus>
        </keywordSet>
        <keywordSet>
              <keyword>Specimen</keyword>
              <keywordThesaurus>GBIF Dataset Subtype Vocabulary: http://rs.gbif.org/vocabulary/gbif/dataset_subtype.xml</keywordThesaurus>
        </keywordSet>
      <intellectualRights>
        <para>This work is licensed under a <ulink url="http://creativecommons.org/licenses/by/4.0/legalcode"><citetitle>Creative Commons Attribution (CC-BY) 4.0 License</citetitle></ulink>.</para>
      </intellectualRights>
      <maintenance>
          <description>
              <para></para>
          </description>
          <maintenanceUpdateFrequency>weekly</maintenanceUpdateFrequency>
      </maintenance>
      <contact>
    <individualName>
<givenName>Juliana</givenName>          <surName>Rando</surName>
    </individualName>
<organizationName>Universidade Federal do Oeste da Bahia</organizationName><positionName>Curator</positionName>    <address>
<deliveryPoint>Rua Prof. José Seabra</deliveryPoint><city>Barreiras</city><administrativeArea>BA</administrativeArea><country>BRAZIL</country>    </address>
      </contact>
      <contact>
    <individualName>
<givenName>Rafaela</givenName>          <surName>Forzza</surName>
    </individualName>
<organizationName>Jardim Botânico do Rio de Janeiro</organizationName><positionName>REFLORA - coordinator</positionName>    <address>
<deliveryPoint>Rua Pacheco Leão - 915</deliveryPoint><city>Rio de Janeiro</city><administrativeArea>RJ</administrativeArea><postalCode>22460-030</postalCode><country>BRAZIL</country>    </address>
<phone>+552132042082</phone><electronicMailAddress>reflora@jbrj.gov.br</electronicMailAddress>      </contact>

</dataset>

<additionalMetadata>
    <metadata>
      <gbif>
        <dateStamp>2021-08-03T09:06:35Z</dateStamp>
      <citation>Rando J, Lanna J (2021). BRBA herbarium - Universidade Federal do Oeste da Bahia - Herbário Virtual Reflora. Version 1.73. Instituto de Pesquisas Jardim Botanico do Rio de Janeiro. Occurrence dataset https://doi.org/10.15468/sptcl6 accessed via GBIF.org on 2021-08-03.</citation>
              <resourceLogoUrl>http://ipt.jbrj.gov.br/reflora/logo.do?r=brba</resourceLogoUrl>
      </gbif>
    </metadata>
</additionalMetadata>

</eml:eml>
