<?xml version="1.0" encoding="utf-8"?>
<eml:eml xmlns:eml="eml://ecoinformatics.org/eml-2.1.1" xmlns:xsi="http://www.w3.org/2001/XMLSchema-instance"
         xsi:schemaLocation="eml://ecoinformatics.org/eml-2.1.1 http://rs.gbif.org/schema/eml-gbif-profile/1.1/eml.xsd"
        packageId="aa6c5ee6-d4d7-4a65-a04f-379cffbf4842"  system="http://gbif.org" scope="system"
  xml:lang="en">

<dataset>
      <alternateIdentifier>10.15468/jnnald</alternateIdentifier>
    <title>ArtenFinder</title>
    <associatedParty>
    <individualName>
          <surName>Falko Glöckler</surName>
    </individualName>
    <address>
<deliveryPoint>Museum für Naturkunde Berlin, Invalidenstraße 43, 10115 Berlin, Germany</deliveryPoint>    </address>
<phone>+49 30 2093 8672</phone><electronicMailAddress>gbif@mfn-berlin.de</electronicMailAddress>    <role>TECHNICAL_POINT_OF_CONTACT</role>
    </associatedParty>
    <language>en</language>
      <intellectualRights>
        <para>This work is licensed under a <ulink url="http://creativecommons.org/licenses/by/4.0/legalcode"><citetitle>Creative Commons Attribution (CC-BY) 4.0 License</citetitle></ulink>.</para>
      </intellectualRights>
      <distribution scope="document">
          <online>
              <url function="information">http://www.artenfinder.rlp.de</url>
          </online>
      </distribution>
      <contact>
    <individualName>
          <surName>Dr.Oliver Röller</surName>
    </individualName>
    <address>
<deliveryPoint>Bismarckstraße 33, 67433 Neustadt an der Weinstraße</deliveryPoint>    </address>
<phone>+49 6321 921768</phone><electronicMailAddress>roeller@pollichia.de</electronicMailAddress>      </contact>

</dataset>

<additionalMetadata>
    <metadata>
      <gbif>
        <dateStamp>2021-08-03T09:07:05Z</dateStamp>
      <citation>POLLICHIA – Verein für Naturforschung und Landespflege e.V.. ArtenFinder. Occurrence dataset https://doi.org/10.15468/jnnald accessed via GBIF.org on 2021-08-03.</citation>
      </gbif>
    </metadata>
</additionalMetadata>

</eml:eml>
