<?xml version="1.0" encoding="utf-8"?>
<eml:eml xmlns:eml="eml://ecoinformatics.org/eml-2.1.1" xmlns:xsi="http://www.w3.org/2001/XMLSchema-instance"
         xsi:schemaLocation="eml://ecoinformatics.org/eml-2.1.1 http://rs.gbif.org/schema/eml-gbif-profile/1.1/eml.xsd"
        packageId="ae7cf7d9-85dc-4578-9f5f-40d760ab013b"  system="http://gbif.org" scope="system"
  xml:lang="es">

<dataset>
      <alternateIdentifier>10.15472/wn1rtp</alternateIdentifier>
        <alternateIdentifier>10.15468/woxyio</alternateIdentifier>
        <alternateIdentifier>ae7cf7d9-85dc-4578-9f5f-40d760ab013b</alternateIdentifier>
        <alternateIdentifier>https://ipt.biodiversidad.co/sib/resource?r=hecasa_upamplona</alternateIdentifier>
    <title>Flora del Nororiente Colombiano: Colecciones del Herbario Regional Catatumbo Sarare</title>
    <creator>
    <individualName>
<givenName>Luis Roberto</givenName>          <surName>Sánchez Montaño</surName>
    </individualName>
<organizationName>Universidad de Pamplona</organizationName><positionName>Director - Herbario</positionName>    <address>
<deliveryPoint>Km 1 Vía Bucaramanga</deliveryPoint><city>Pamplona</city><administrativeArea>Norte de Santander</administrativeArea><postalCode>543050</postalCode><country>COLOMBIA</country>    </address>
<phone>3178958328</phone><electronicMailAddress>lrsanchez@unipamplona.edu.co</electronicMailAddress>    </creator>
    <creator>
    <individualName>
<givenName>Jessica</givenName>          <surName>Sarmiento</surName>
    </individualName>
<organizationName>Universidad de Pamplona</organizationName><positionName>Bióloga</positionName>    <address>
<deliveryPoint>Km 1 Vía Bucaramanga</deliveryPoint><city>Pamplona</city><administrativeArea>Norte de Santander</administrativeArea><postalCode>543050</postalCode><country>COLOMBIA</country>    </address>
<phone>3219180775</phone><electronicMailAddress>jessica.sarmiento@unipamplona.edu.co</electronicMailAddress>    </creator>
    <creator>
    <individualName>
<givenName>Carlos Mario</givenName>          <surName>Galván Cisneros</surName>
    </individualName>
<organizationName>Universidad de Pamplona</organizationName><positionName>Biólogo</positionName>    <address>
<deliveryPoint>Km 1 Vía Bucaramanga</deliveryPoint><city>Pamplona</city><administrativeArea>Norte de Santander</administrativeArea><postalCode>543050</postalCode><country>COLOMBIA</country>    </address>
<electronicMailAddress>cgalvanc@gmail.com</electronicMailAddress>    </creator>
    <creator>
    <individualName>
<givenName>Astrid Yesenia</givenName>          <surName>Araque</surName>
    </individualName>
<organizationName>Universidad de Pamplona</organizationName><positionName>Bióloga</positionName>    <address>
<deliveryPoint>Km 1 Vía Bucaramanga</deliveryPoint><city>Pamplona</city><administrativeArea>Norte de Santander</administrativeArea><postalCode>543050</postalCode><country>COLOMBIA</country>    </address>
<phone>3167250980</phone><electronicMailAddress>astridaraque14@gmail.com</electronicMailAddress>    </creator>
    <metadataProvider>
    <individualName>
<givenName>Luis Roberto</givenName>          <surName>Sánchez Montaño</surName>
    </individualName>
<organizationName>Universidad de Pamplona</organizationName><positionName>Director - Herbario</positionName>    <address>
<deliveryPoint>Km 1 Vía Bucaramanga</deliveryPoint><city>Pamplona</city><administrativeArea>Norte de Santander</administrativeArea><postalCode>543050</postalCode><country>COLOMBIA</country>    </address>
<phone>3178958328</phone><electronicMailAddress>lrsanchez@unipamplona.edu.co</electronicMailAddress>    </metadataProvider>
    <metadataProvider>
    <individualName>
<givenName>Jessica</givenName>          <surName>Sarmiento</surName>
    </individualName>
<organizationName>Universidad de Pamplona</organizationName>    <address>
<deliveryPoint>Km 1 Vía Bucaramanga</deliveryPoint><city>Pamplona</city><administrativeArea>Norte de Santander</administrativeArea><postalCode>543050</postalCode><country>COLOMBIA</country>    </address>
<phone>3219180775</phone><electronicMailAddress>jessica.sarmiento@unipamplona.edu.co</electronicMailAddress>    </metadataProvider>
    <associatedParty>
    <individualName>
<givenName>Luis Roberto</givenName>          <surName>Sánchez Montaño</surName>
    </individualName>
<organizationName>Universidad de Pamplona</organizationName><positionName>Director - Herbario</positionName>    <address>
<deliveryPoint>Km 1 Vía Bucaramanga</deliveryPoint><city>Pamplona</city><administrativeArea>Norte de Santander</administrativeArea><postalCode>543050</postalCode><country>COLOMBIA</country>    </address>
<phone>3178958328</phone><electronicMailAddress>lrsanchez@unipamplona.edu.co</electronicMailAddress>    <role>USER</role>
    </associatedParty>
      <pubDate>
      2020-11-10
      </pubDate>
    <language>SPANISH</language>
    <abstract>
        <para>La colección biológica del Herbario Regional Catatumbo Sarare (HECASA) de la Universidad de Pamplona, se encuentra inscrita ante el Registro Nacional de Colecciones (RNC:18) desde el 10 de agosto de 2001. Hasta la actualidad cuenta con aproximadamente 18000 ejemplares en proceso de sistematización y catalogación. El objetivo del Herbario HECASA es contribuir con el inventario taxonómico de la flora de Norte de Santander, conocer la distribución de los taxa y actualizar su nomenclatura botánica a través de la consolidación de una colección de ejemplares de referencia que fortalezcan los principios de conocer, conservar y utilizar los recursos vegetales de manera responsable como estrategia para lograr un desarrollo sostenible en los ámbitos local, regional y nacional. El Herbario HECASA busca convertirse en la principal colección botánica de referencia que lidere el inventario de la flora del Nororiente Colombiano y contar con la más importante fuente de información relacionada con la taxonomía, morfología, anatomía, fitogeografía y conservación de las especies vegetales propias de los ecosistemas de la región nororiental colombiana. La colección alberga ejemplares botánicos secos de angiospermas, gimnospermas, helechos y licófitas, briófitas y líquenes. También se preservan muestras de frutos y semillas (Carpoteca) y láminas con montajes de polen (Palinoteca). El HECASA apoya activamente la elaboración y ejecución de proyectos de investigación, incluidos trabajos de grado de pregrado y maestría, principalmente de la universidad de Pamplona y proyección social de diferentes actores públicos y privados de la región. Esta publicación aporta un listado de 2735 registros que será periódicamente actualizado con más información de los ejemplares presentes en la colección.</para>
    </abstract>
        <keywordSet>
              <keyword>Occurrence</keyword>
              <keywordThesaurus>GBIF Dataset Type Vocabulary: http://rs.gbif.org/vocabulary/gbif/dataset_type.xml</keywordThesaurus>
        </keywordSet>
        <keywordSet>
              <keyword>Specimen</keyword>
              <keywordThesaurus>GBIF Dataset Subtype Vocabulary: http://rs.gbif.org/vocabulary/gbif/dataset_subtype.xml</keywordThesaurus>
        </keywordSet>
        <keywordSet>
              <keyword>Angiospermas; Gimnospermas; Helechos; Briófitas; Líquenes; Bosques; Andes; Botánica; Nororiente</keyword>
              <keywordThesaurus>NA</keywordThesaurus>
        </keywordSet>
        <keywordSet>
              <keyword>PERMISO_COLECTA</keyword>
              <keywordThesaurus>SiB Colombia</keywordThesaurus>
        </keywordSet>
      <intellectualRights>
        <para>This work is licensed under a <ulink url="http://creativecommons.org/licenses/by/4.0/legalcode"><citetitle>Creative Commons Attribution (CC-BY) 4.0 License</citetitle></ulink>.</para>
      </intellectualRights>
      <coverage>
            <geographicCoverage>
                  <geographicDescription>Los ejemplares se recolectaron en ecosistemas de bosques: seco y húmedo tropicales, andino, subandino, altoandino y páramos pertenecientes a veredas ubicadas en diferentes municipios de Santander y Norte de Santander como Bochalema, Chitagá, Convención, Cucutilla, La Playa de Belén, Ocaña, Pamplona, entre otros.</geographicDescription>
                  <boundingCoordinates>
                      <westBoundingCoordinate>-73.44</westBoundingCoordinate>
                      <eastBoundingCoordinate>-72.16</eastBoundingCoordinate>
                      <northBoundingCoordinate>8.57</northBoundingCoordinate>
                      <southBoundingCoordinate>6.01</southBoundingCoordinate>
                  </boundingCoordinates>
            </geographicCoverage>
          <temporalCoverage>
            <rangeOfDates>
              <beginDate>
                <calendarDate>      1997-11-01
</calendarDate>
              </beginDate>
              <endDate>
                <calendarDate>      2019-12-21
</calendarDate>
              </endDate>
            </rangeOfDates>
          </temporalCoverage>
              <taxonomicCoverage>
                    <generalTaxonomicCoverage>Se reportan 3487 registros pertenecientes a 183 familias de los cuales el 39% están determinados hasta el especie, el 57.3% hasta género y el 3% hasta familia. Las familias con más registros son Ericaceae, Primulaceae, Asteraceae, Fabaceae y Melastomataceae.</generalTaxonomicCoverage>
                    <taxonomicClassification>
                          <taxonRankName>Family</taxonRankName>
                        <taxonRankValue>Acanthaceae</taxonRankValue>
                    </taxonomicClassification>
                    <taxonomicClassification>
                          <taxonRankName>Family</taxonRankName>
                        <taxonRankValue>Actinidiaceae</taxonRankValue>
                    </taxonomicClassification>
                    <taxonomicClassification>
                          <taxonRankName>Family</taxonRankName>
                        <taxonRankValue>Adoxaceae</taxonRankValue>
                    </taxonomicClassification>
                    <taxonomicClassification>
                          <taxonRankName>Family</taxonRankName>
                        <taxonRankValue>Alismataceae</taxonRankValue>
                    </taxonomicClassification>
                    <taxonomicClassification>
                          <taxonRankName>Family</taxonRankName>
                        <taxonRankValue>Amaranthaceae</taxonRankValue>
                    </taxonomicClassification>
                    <taxonomicClassification>
                          <taxonRankName>Family</taxonRankName>
                        <taxonRankValue>Anacardiaceae</taxonRankValue>
                    </taxonomicClassification>
                    <taxonomicClassification>
                          <taxonRankName>Family</taxonRankName>
                        <taxonRankValue>Annonaceae</taxonRankValue>
                    </taxonomicClassification>
                    <taxonomicClassification>
                          <taxonRankName>Family</taxonRankName>
                        <taxonRankValue>Apocynaceae</taxonRankValue>
                    </taxonomicClassification>
                    <taxonomicClassification>
                          <taxonRankName>Family</taxonRankName>
                        <taxonRankValue>Asteraceae</taxonRankValue>
                    </taxonomicClassification>
                    <taxonomicClassification>
                          <taxonRankName>Family</taxonRankName>
                        <taxonRankValue>Bignoniaceae</taxonRankValue>
                    </taxonomicClassification>
                    <taxonomicClassification>
                          <taxonRankName>Family</taxonRankName>
                        <taxonRankValue>Boraginaceae</taxonRankValue>
                    </taxonomicClassification>
                    <taxonomicClassification>
                          <taxonRankName>Family</taxonRankName>
                        <taxonRankValue>Bromeliaceae</taxonRankValue>
                    </taxonomicClassification>
                    <taxonomicClassification>
                          <taxonRankName>Family</taxonRankName>
                        <taxonRankValue>Celastraceae</taxonRankValue>
                    </taxonomicClassification>
                    <taxonomicClassification>
                          <taxonRankName>Family</taxonRankName>
                        <taxonRankValue>Clethraceae</taxonRankValue>
                    </taxonomicClassification>
                    <taxonomicClassification>
                          <taxonRankName>Family</taxonRankName>
                        <taxonRankValue>Clusiaceae</taxonRankValue>
                    </taxonomicClassification>
                    <taxonomicClassification>
                          <taxonRankName>Family</taxonRankName>
                        <taxonRankValue>Costaceae</taxonRankValue>
                    </taxonomicClassification>
                    <taxonomicClassification>
                          <taxonRankName>Family</taxonRankName>
                        <taxonRankValue>Cyperaceae</taxonRankValue>
                    </taxonomicClassification>
                    <taxonomicClassification>
                          <taxonRankName>Family</taxonRankName>
                        <taxonRankValue>Ericaceae</taxonRankValue>
                    </taxonomicClassification>
                    <taxonomicClassification>
                          <taxonRankName>Family</taxonRankName>
                        <taxonRankValue>Eriocaulaceae</taxonRankValue>
                    </taxonomicClassification>
                    <taxonomicClassification>
                          <taxonRankName>Family</taxonRankName>
                        <taxonRankValue>Erythroxylaceae</taxonRankValue>
                    </taxonomicClassification>
                    <taxonomicClassification>
                          <taxonRankName>Family</taxonRankName>
                        <taxonRankValue>Euphorbiaceae</taxonRankValue>
                    </taxonomicClassification>
                    <taxonomicClassification>
                          <taxonRankName>Phylum</taxonRankName>
                        <taxonRankValue>Fabaceae</taxonRankValue>
                    </taxonomicClassification>
                    <taxonomicClassification>
                          <taxonRankName>Family</taxonRankName>
                        <taxonRankValue>Gentianaceae</taxonRankValue>
                    </taxonomicClassification>
                    <taxonomicClassification>
                          <taxonRankName>Family</taxonRankName>
                        <taxonRankValue>Heliconiaceae</taxonRankValue>
                    </taxonomicClassification>
                    <taxonomicClassification>
                          <taxonRankName>Family</taxonRankName>
                        <taxonRankValue>Hypericaceae</taxonRankValue>
                    </taxonomicClassification>
                    <taxonomicClassification>
                          <taxonRankName>Family</taxonRankName>
                        <taxonRankValue>Juncaceae</taxonRankValue>
                    </taxonomicClassification>
                    <taxonomicClassification>
                          <taxonRankName>Family</taxonRankName>
                        <taxonRankValue>Lamiaceae</taxonRankValue>
                    </taxonomicClassification>
                    <taxonomicClassification>
                          <taxonRankName>Family</taxonRankName>
                        <taxonRankValue>Lauraceae</taxonRankValue>
                    </taxonomicClassification>
                    <taxonomicClassification>
                          <taxonRankName>Family</taxonRankName>
                        <taxonRankValue>Malpighiaceae</taxonRankValue>
                    </taxonomicClassification>
                    <taxonomicClassification>
                          <taxonRankName>Family</taxonRankName>
                        <taxonRankValue>Malvaceae</taxonRankValue>
                    </taxonomicClassification>
                    <taxonomicClassification>
                          <taxonRankName>Family</taxonRankName>
                        <taxonRankValue>Melastomataceae</taxonRankValue>
                    </taxonomicClassification>
                    <taxonomicClassification>
                          <taxonRankName>Family</taxonRankName>
                        <taxonRankValue>Meliaceae</taxonRankValue>
                    </taxonomicClassification>
                    <taxonomicClassification>
                          <taxonRankName>Family</taxonRankName>
                        <taxonRankValue>Moraceae</taxonRankValue>
                    </taxonomicClassification>
                    <taxonomicClassification>
                          <taxonRankName>Family</taxonRankName>
                        <taxonRankValue>Myrtaceae</taxonRankValue>
                    </taxonomicClassification>
                    <taxonomicClassification>
                          <taxonRankName>Family</taxonRankName>
                        <taxonRankValue>Nyctaginaceae</taxonRankValue>
                    </taxonomicClassification>
                    <taxonomicClassification>
                          <taxonRankName>Family</taxonRankName>
                        <taxonRankValue>Passifloraceae</taxonRankValue>
                    </taxonomicClassification>
                    <taxonomicClassification>
                          <taxonRankName>Family</taxonRankName>
                        <taxonRankValue>Phyllantaceae</taxonRankValue>
                    </taxonomicClassification>
                    <taxonomicClassification>
                          <taxonRankName>Family</taxonRankName>
                        <taxonRankValue>Piperaceae</taxonRankValue>
                    </taxonomicClassification>
                    <taxonomicClassification>
                          <taxonRankName>Family</taxonRankName>
                        <taxonRankValue>Poaceae</taxonRankValue>
                    </taxonomicClassification>
                    <taxonomicClassification>
                          <taxonRankName>Family</taxonRankName>
                        <taxonRankValue>Polypodiaceae</taxonRankValue>
                    </taxonomicClassification>
                    <taxonomicClassification>
                          <taxonRankName>Family</taxonRankName>
                        <taxonRankValue>Pteridaceae</taxonRankValue>
                    </taxonomicClassification>
                    <taxonomicClassification>
                          <taxonRankName>Family</taxonRankName>
                        <taxonRankValue>Rosaceae</taxonRankValue>
                    </taxonomicClassification>
                    <taxonomicClassification>
                          <taxonRankName>Family</taxonRankName>
                        <taxonRankValue>Rubiaceae</taxonRankValue>
                    </taxonomicClassification>
                    <taxonomicClassification>
                          <taxonRankName>Family</taxonRankName>
                        <taxonRankValue>Rutaceae</taxonRankValue>
                    </taxonomicClassification>
                    <taxonomicClassification>
                          <taxonRankName>Family</taxonRankName>
                        <taxonRankValue>Salicaceae</taxonRankValue>
                    </taxonomicClassification>
                    <taxonomicClassification>
                          <taxonRankName>Family</taxonRankName>
                        <taxonRankValue>Solanaceae</taxonRankValue>
                    </taxonomicClassification>
                    <taxonomicClassification>
                          <taxonRankName>Family</taxonRankName>
                        <taxonRankValue>Thelypteridaceae</taxonRankValue>
                    </taxonomicClassification>
                    <taxonomicClassification>
                          <taxonRankName>Family</taxonRankName>
                        <taxonRankValue>Verbenaceae</taxonRankValue>
                    </taxonomicClassification>
                    <taxonomicClassification>
                          <taxonRankName>Family</taxonRankName>
                        <taxonRankValue>Achatocarpaceae</taxonRankValue>
                    </taxonomicClassification>
                    <taxonomicClassification>
                          <taxonRankName>Family</taxonRankName>
                        <taxonRankValue>Alstroemeriaceae</taxonRankValue>
                    </taxonomicClassification>
                    <taxonomicClassification>
                          <taxonRankName>Family</taxonRankName>
                        <taxonRankValue>Aneuraceae</taxonRankValue>
                    </taxonomicClassification>
                    <taxonomicClassification>
                          <taxonRankName>Family</taxonRankName>
                        <taxonRankValue>Apiaceae</taxonRankValue>
                    </taxonomicClassification>
                    <taxonomicClassification>
                          <taxonRankName>Family</taxonRankName>
                        <taxonRankValue>Aquifoliaceae</taxonRankValue>
                    </taxonomicClassification>
                    <taxonomicClassification>
                          <taxonRankName>Family</taxonRankName>
                        <taxonRankValue>Araceae</taxonRankValue>
                    </taxonomicClassification>
                    <taxonomicClassification>
                          <taxonRankName>Family</taxonRankName>
                        <taxonRankValue>Araliaceae</taxonRankValue>
                    </taxonomicClassification>
                    <taxonomicClassification>
                          <taxonRankName>Family</taxonRankName>
                        <taxonRankValue>Arecaceae</taxonRankValue>
                    </taxonomicClassification>
                    <taxonomicClassification>
                          <taxonRankName>Family</taxonRankName>
                        <taxonRankValue>Aristolochiaceae</taxonRankValue>
                    </taxonomicClassification>
                    <taxonomicClassification>
                          <taxonRankName>Family</taxonRankName>
                        <taxonRankValue>Asparagaceae</taxonRankValue>
                    </taxonomicClassification>
                    <taxonomicClassification>
                          <taxonRankName>Family</taxonRankName>
                        <taxonRankValue>Asphodelaceae</taxonRankValue>
                    </taxonomicClassification>
                    <taxonomicClassification>
                          <taxonRankName>Family</taxonRankName>
                        <taxonRankValue>Aspleniaceae</taxonRankValue>
                    </taxonomicClassification>
                    <taxonomicClassification>
                          <taxonRankName>Family</taxonRankName>
                        <taxonRankValue>Balsaminaceae</taxonRankValue>
                    </taxonomicClassification>
                    <taxonomicClassification>
                          <taxonRankName>Family</taxonRankName>
                        <taxonRankValue>Bartramiaceae</taxonRankValue>
                    </taxonomicClassification>
                    <taxonomicClassification>
                          <taxonRankName>Family</taxonRankName>
                        <taxonRankValue>Begoniaceae</taxonRankValue>
                    </taxonomicClassification>
                    <taxonomicClassification>
                          <taxonRankName>Family</taxonRankName>
                        <taxonRankValue>Berberidaceae</taxonRankValue>
                    </taxonomicClassification>
                    <taxonomicClassification>
                          <taxonRankName>Family</taxonRankName>
                        <taxonRankValue>Blechnaceae</taxonRankValue>
                    </taxonomicClassification>
                    <taxonomicClassification>
                          <taxonRankName>Family</taxonRankName>
                        <taxonRankValue>Brassicaceae</taxonRankValue>
                    </taxonomicClassification>
                    <taxonomicClassification>
                          <taxonRankName>Family</taxonRankName>
                        <taxonRankValue>Brunelliaceae</taxonRankValue>
                    </taxonomicClassification>
                    <taxonomicClassification>
                          <taxonRankName>Family</taxonRankName>
                        <taxonRankValue>Burseraceae</taxonRankValue>
                    </taxonomicClassification>
                    <taxonomicClassification>
                          <taxonRankName>Family</taxonRankName>
                        <taxonRankValue>Cactaceae</taxonRankValue>
                    </taxonomicClassification>
                    <taxonomicClassification>
                          <taxonRankName>Family</taxonRankName>
                        <taxonRankValue>Calceolariaceae</taxonRankValue>
                    </taxonomicClassification>
                    <taxonomicClassification>
                          <taxonRankName>Family</taxonRankName>
                        <taxonRankValue>Calophyllaceae</taxonRankValue>
                    </taxonomicClassification>
                    <taxonomicClassification>
                          <taxonRankName>Family</taxonRankName>
                        <taxonRankValue>Campanulaceae</taxonRankValue>
                    </taxonomicClassification>
                    <taxonomicClassification>
                          <taxonRankName>Family</taxonRankName>
                        <taxonRankValue>Cannabaceae</taxonRankValue>
                    </taxonomicClassification>
                    <taxonomicClassification>
                          <taxonRankName>Family</taxonRankName>
                        <taxonRankValue>Cannaceae</taxonRankValue>
                    </taxonomicClassification>
                    <taxonomicClassification>
                          <taxonRankName>Family</taxonRankName>
                        <taxonRankValue>Capparaceae</taxonRankValue>
                    </taxonomicClassification>
                    <taxonomicClassification>
                          <taxonRankName>Family</taxonRankName>
                        <taxonRankValue>Caprifoliaceae</taxonRankValue>
                    </taxonomicClassification>
                    <taxonomicClassification>
                          <taxonRankName>Family</taxonRankName>
                        <taxonRankValue>Cardiopteridaceae</taxonRankValue>
                    </taxonomicClassification>
                    <taxonomicClassification>
                          <taxonRankName>Family</taxonRankName>
                        <taxonRankValue>Caricaceae</taxonRankValue>
                    </taxonomicClassification>
                    <taxonomicClassification>
                          <taxonRankName>Family</taxonRankName>
                        <taxonRankValue>Caryophyllaceae</taxonRankValue>
                    </taxonomicClassification>
                    <taxonomicClassification>
                          <taxonRankName>Family</taxonRankName>
                        <taxonRankValue>Characeae</taxonRankValue>
                    </taxonomicClassification>
                    <taxonomicClassification>
                          <taxonRankName>Family</taxonRankName>
                        <taxonRankValue>Chloranthaceae</taxonRankValue>
                    </taxonomicClassification>
                    <taxonomicClassification>
                          <taxonRankName>Family</taxonRankName>
                        <taxonRankValue>Chrysobalanaceae</taxonRankValue>
                    </taxonomicClassification>
                    <taxonomicClassification>
                          <taxonRankName>Family</taxonRankName>
                        <taxonRankValue>Cleomaceae</taxonRankValue>
                    </taxonomicClassification>
                    <taxonomicClassification>
                          <taxonRankName>Family</taxonRankName>
                        <taxonRankValue>Combretaceae</taxonRankValue>
                    </taxonomicClassification>
                    <taxonomicClassification>
                          <taxonRankName>Family</taxonRankName>
                        <taxonRankValue>Commelinaceae</taxonRankValue>
                    </taxonomicClassification>
                    <taxonomicClassification>
                          <taxonRankName>Family</taxonRankName>
                        <taxonRankValue>Convolvulaceae</taxonRankValue>
                    </taxonomicClassification>
                    <taxonomicClassification>
                          <taxonRankName>Family</taxonRankName>
                        <taxonRankValue>Crassulaceae</taxonRankValue>
                    </taxonomicClassification>
                    <taxonomicClassification>
                          <taxonRankName>Family</taxonRankName>
                        <taxonRankValue>Cucurbitaceae</taxonRankValue>
                    </taxonomicClassification>
                    <taxonomicClassification>
                          <taxonRankName>Family</taxonRankName>
                        <taxonRankValue>Cunoniaceae</taxonRankValue>
                    </taxonomicClassification>
                    <taxonomicClassification>
                          <taxonRankName>Family</taxonRankName>
                        <taxonRankValue>Cyatheaceae</taxonRankValue>
                    </taxonomicClassification>
                    <taxonomicClassification>
                          <taxonRankName>Family</taxonRankName>
                        <taxonRankValue>Cyclanthaceae</taxonRankValue>
                    </taxonomicClassification>
                    <taxonomicClassification>
                          <taxonRankName>Family</taxonRankName>
                        <taxonRankValue>Dilleniaceae</taxonRankValue>
                    </taxonomicClassification>
                    <taxonomicClassification>
                          <taxonRankName>Family</taxonRankName>
                        <taxonRankValue>Dioscoreaceae</taxonRankValue>
                    </taxonomicClassification>
                    <taxonomicClassification>
                          <taxonRankName>Family</taxonRankName>
                        <taxonRankValue>Dryopteridaceae</taxonRankValue>
                    </taxonomicClassification>
                    <taxonomicClassification>
                          <taxonRankName>Family</taxonRankName>
                        <taxonRankValue>Ebenaceae</taxonRankValue>
                    </taxonomicClassification>
                    <taxonomicClassification>
                          <taxonRankName>Family</taxonRankName>
                        <taxonRankValue>Ehretiaceae</taxonRankValue>
                    </taxonomicClassification>
                    <taxonomicClassification>
                          <taxonRankName>Family</taxonRankName>
                        <taxonRankValue>Elaeocarpaceae</taxonRankValue>
                    </taxonomicClassification>
                    <taxonomicClassification>
                          <taxonRankName>Family</taxonRankName>
                        <taxonRankValue>Elatinaceae</taxonRankValue>
                    </taxonomicClassification>
                    <taxonomicClassification>
                          <taxonRankName>Family</taxonRankName>
                        <taxonRankValue>Equisetaceae</taxonRankValue>
                    </taxonomicClassification>
                    <taxonomicClassification>
                          <taxonRankName>Family</taxonRankName>
                        <taxonRankValue>Eriocaulaceae</taxonRankValue>
                    </taxonomicClassification>
                    <taxonomicClassification>
                          <taxonRankName>Family</taxonRankName>
                        <taxonRankValue>Erythroxylaceae</taxonRankValue>
                    </taxonomicClassification>
                    <taxonomicClassification>
                          <taxonRankName>Family</taxonRankName>
                        <taxonRankValue>Geraniaceae</taxonRankValue>
                    </taxonomicClassification>
                    <taxonomicClassification>
                          <taxonRankName>Family</taxonRankName>
                        <taxonRankValue>Gesneriaceae</taxonRankValue>
                    </taxonomicClassification>
                    <taxonomicClassification>
                          <taxonRankName>Family</taxonRankName>
                        <taxonRankValue>Gleicheniaceae</taxonRankValue>
                    </taxonomicClassification>
                    <taxonomicClassification>
                          <taxonRankName>Family</taxonRankName>
                        <taxonRankValue>Haemodoraceae</taxonRankValue>
                    </taxonomicClassification>
                    <taxonomicClassification>
                          <taxonRankName>Family</taxonRankName>
                        <taxonRankValue>Haloragaceae</taxonRankValue>
                    </taxonomicClassification>
                    <taxonomicClassification>
                          <taxonRankName>Family</taxonRankName>
                        <taxonRankValue>Hydroleaceae</taxonRankValue>
                    </taxonomicClassification>
                    <taxonomicClassification>
                          <taxonRankName>Family</taxonRankName>
                        <taxonRankValue>Hymenophyllaceae</taxonRankValue>
                    </taxonomicClassification>
                    <taxonomicClassification>
                          <taxonRankName>Family</taxonRankName>
                        <taxonRankValue>Hypoxidaceae</taxonRankValue>
                    </taxonomicClassification>
                    <taxonomicClassification>
                          <taxonRankName>Family</taxonRankName>
                        <taxonRankValue>Icacinaceae</taxonRankValue>
                    </taxonomicClassification>
                    <taxonomicClassification>
                          <taxonRankName>Family</taxonRankName>
                        <taxonRankValue>Iridaceae</taxonRankValue>
                    </taxonomicClassification>
                    <taxonomicClassification>
                          <taxonRankName>Family</taxonRankName>
                        <taxonRankValue>Isoetaceae</taxonRankValue>
                    </taxonomicClassification>
                    <taxonomicClassification>
                          <taxonRankName>Family</taxonRankName>
                        <taxonRankValue>Lacistemataceae</taxonRankValue>
                    </taxonomicClassification>
                    <taxonomicClassification>
                          <taxonRankName>Family</taxonRankName>
                        <taxonRankValue>Lecythidaceae</taxonRankValue>
                    </taxonomicClassification>
                    <taxonomicClassification>
                          <taxonRankName>Family</taxonRankName>
                        <taxonRankValue>Lentibulariaceae</taxonRankValue>
                    </taxonomicClassification>
                    <taxonomicClassification>
                          <taxonRankName>Family</taxonRankName>
                        <taxonRankValue>Lichinaceae</taxonRankValue>
                    </taxonomicClassification>
                    <taxonomicClassification>
                          <taxonRankName>Family</taxonRankName>
                        <taxonRankValue>Loganiaceae</taxonRankValue>
                    </taxonomicClassification>
                    <taxonomicClassification>
                          <taxonRankName>Family</taxonRankName>
                        <taxonRankValue>Loranthaceae</taxonRankValue>
                    </taxonomicClassification>
                    <taxonomicClassification>
                          <taxonRankName>Family</taxonRankName>
                        <taxonRankValue>Lycopodiaceae</taxonRankValue>
                    </taxonomicClassification>
                    <taxonomicClassification>
                          <taxonRankName>Family</taxonRankName>
                        <taxonRankValue>Lythraceae</taxonRankValue>
                    </taxonomicClassification>
                    <taxonomicClassification>
                          <taxonRankName>Family</taxonRankName>
                        <taxonRankValue>Marantaceae</taxonRankValue>
                    </taxonomicClassification>
                    <taxonomicClassification>
                          <taxonRankName>Family</taxonRankName>
                        <taxonRankValue>Marcgraviaceae</taxonRankValue>
                    </taxonomicClassification>
                    <taxonomicClassification>
                          <taxonRankName>Family</taxonRankName>
                        <taxonRankValue>Menispermaceae</taxonRankValue>
                    </taxonomicClassification>
                    <taxonomicClassification>
                          <taxonRankName>Family</taxonRankName>
                        <taxonRankValue>Microteaceae</taxonRankValue>
                    </taxonomicClassification>
                    <taxonomicClassification>
                          <taxonRankName>Family</taxonRankName>
                        <taxonRankValue>Myricaceae</taxonRankValue>
                    </taxonomicClassification>
                    <taxonomicClassification>
                          <taxonRankName>Family</taxonRankName>
                        <taxonRankValue>Nephrolepidaceae</taxonRankValue>
                    </taxonomicClassification>
                    <taxonomicClassification>
                          <taxonRankName>Family</taxonRankName>
                        <taxonRankValue>Onagraceae</taxonRankValue>
                    </taxonomicClassification>
                    <taxonomicClassification>
                          <taxonRankName>Family</taxonRankName>
                        <taxonRankValue>Ophioglossaceae</taxonRankValue>
                    </taxonomicClassification>
                    <taxonomicClassification>
                          <taxonRankName>Family</taxonRankName>
                        <taxonRankValue>Opiliaceae</taxonRankValue>
                    </taxonomicClassification>
                    <taxonomicClassification>
                          <taxonRankName>Family</taxonRankName>
                        <taxonRankValue>Orchidaceae</taxonRankValue>
                    </taxonomicClassification>
                    <taxonomicClassification>
                          <taxonRankName>Family</taxonRankName>
                        <taxonRankValue>Orobanchaceae</taxonRankValue>
                    </taxonomicClassification>
                    <taxonomicClassification>
                          <taxonRankName>Family</taxonRankName>
                        <taxonRankValue>Oxalidaceae</taxonRankValue>
                    </taxonomicClassification>
                    <taxonomicClassification>
                          <taxonRankName>Family</taxonRankName>
                        <taxonRankValue>Papaveraceae</taxonRankValue>
                    </taxonomicClassification>
                    <taxonomicClassification>
                          <taxonRankName>Family</taxonRankName>
                        <taxonRankValue>Pentaphylacaceae</taxonRankValue>
                    </taxonomicClassification>
                    <taxonomicClassification>
                          <taxonRankName>Family</taxonRankName>
                        <taxonRankValue>Peraceae</taxonRankValue>
                    </taxonomicClassification>
                    <taxonomicClassification>
                          <taxonRankName>Family</taxonRankName>
                        <taxonRankValue>Petiveriaceae</taxonRankValue>
                    </taxonomicClassification>
                    <taxonomicClassification>
                          <taxonRankName>Family</taxonRankName>
                        <taxonRankValue>Phrymaceae</taxonRankValue>
                    </taxonomicClassification>
                    <taxonomicClassification>
                          <taxonRankName>Family</taxonRankName>
                        <taxonRankValue>Phytolaccaceae</taxonRankValue>
                    </taxonomicClassification>
                    <taxonomicClassification>
                          <taxonRankName>Family</taxonRankName>
                        <taxonRankValue>Picramniaceae</taxonRankValue>
                    </taxonomicClassification>
                    <taxonomicClassification>
                          <taxonRankName>Family</taxonRankName>
                        <taxonRankValue>Picrodendraceae</taxonRankValue>
                    </taxonomicClassification>
                    <taxonomicClassification>
                          <taxonRankName>Family</taxonRankName>
                        <taxonRankValue>Plantaginaceae</taxonRankValue>
                    </taxonomicClassification>
                    <taxonomicClassification>
                          <taxonRankName>Family</taxonRankName>
                        <taxonRankValue>Podocarpaceae</taxonRankValue>
                    </taxonomicClassification>
                    <taxonomicClassification>
                          <taxonRankName>Family</taxonRankName>
                        <taxonRankValue>Polemoniaceae</taxonRankValue>
                    </taxonomicClassification>
                    <taxonomicClassification>
                          <taxonRankName>Family</taxonRankName>
                        <taxonRankValue>Polygalaceae</taxonRankValue>
                    </taxonomicClassification>
                    <taxonomicClassification>
                          <taxonRankName>Family</taxonRankName>
                        <taxonRankValue>Polygonaceae</taxonRankValue>
                    </taxonomicClassification>
                    <taxonomicClassification>
                          <taxonRankName>Family</taxonRankName>
                        <taxonRankValue>Pontederiaceae</taxonRankValue>
                    </taxonomicClassification>
                    <taxonomicClassification>
                          <taxonRankName>Family</taxonRankName>
                        <taxonRankValue>Primulaceae</taxonRankValue>
                    </taxonomicClassification>
                    <taxonomicClassification>
                          <taxonRankName>Family</taxonRankName>
                        <taxonRankValue>Proteaceae</taxonRankValue>
                    </taxonomicClassification>
                    <taxonomicClassification>
                          <taxonRankName>Family</taxonRankName>
                        <taxonRankValue>Ranunculaceae</taxonRankValue>
                    </taxonomicClassification>
                    <taxonomicClassification>
                          <taxonRankName>Family</taxonRankName>
                        <taxonRankValue>Rhamnaceae</taxonRankValue>
                    </taxonomicClassification>
                    <taxonomicClassification>
                          <taxonRankName>Family</taxonRankName>
                        <taxonRankValue>Sabiaceae</taxonRankValue>
                    </taxonomicClassification>
                    <taxonomicClassification>
                          <taxonRankName>Family</taxonRankName>
                        <taxonRankValue>Santalaceae</taxonRankValue>
                    </taxonomicClassification>
                    <taxonomicClassification>
                          <taxonRankName>Family</taxonRankName>
                        <taxonRankValue>Sapindaceae</taxonRankValue>
                    </taxonomicClassification>
                    <taxonomicClassification>
                          <taxonRankName>Family</taxonRankName>
                        <taxonRankValue>Sapotaceae</taxonRankValue>
                    </taxonomicClassification>
                    <taxonomicClassification>
                          <taxonRankName>Family</taxonRankName>
                        <taxonRankValue>Schizaeaceae</taxonRankValue>
                    </taxonomicClassification>
                    <taxonomicClassification>
                          <taxonRankName>Family</taxonRankName>
                        <taxonRankValue>Scrophulariaceae</taxonRankValue>
                    </taxonomicClassification>
                    <taxonomicClassification>
                          <taxonRankName>Family</taxonRankName>
                        <taxonRankValue>Selaginellaceae</taxonRankValue>
                    </taxonomicClassification>
                    <taxonomicClassification>
                          <taxonRankName>Family</taxonRankName>
                        <taxonRankValue>Sematophyllaceae</taxonRankValue>
                    </taxonomicClassification>
                    <taxonomicClassification>
                          <taxonRankName>Family</taxonRankName>
                        <taxonRankValue>Siparunaceae</taxonRankValue>
                    </taxonomicClassification>
                    <taxonomicClassification>
                          <taxonRankName>Family</taxonRankName>
                        <taxonRankValue>Staphyleaceae</taxonRankValue>
                    </taxonomicClassification>
                    <taxonomicClassification>
                          <taxonRankName>Family</taxonRankName>
                        <taxonRankValue>Styracaceae</taxonRankValue>
                    </taxonomicClassification>
                    <taxonomicClassification>
                          <taxonRankName>Family</taxonRankName>
                        <taxonRankValue>Symplocaceae</taxonRankValue>
                    </taxonomicClassification>
                    <taxonomicClassification>
                          <taxonRankName>Family</taxonRankName>
                        <taxonRankValue>Talinaceae</taxonRankValue>
                    </taxonomicClassification>
                    <taxonomicClassification>
                          <taxonRankName>Family</taxonRankName>
                        <taxonRankValue>Theaceae</taxonRankValue>
                    </taxonomicClassification>
                    <taxonomicClassification>
                          <taxonRankName>Family</taxonRankName>
                        <taxonRankValue>Tropaeolaceae</taxonRankValue>
                    </taxonomicClassification>
                    <taxonomicClassification>
                          <taxonRankName>Family</taxonRankName>
                        <taxonRankValue>Urticaceae</taxonRankValue>
                    </taxonomicClassification>
                    <taxonomicClassification>
                          <taxonRankName>Family</taxonRankName>
                        <taxonRankValue>Violaceae</taxonRankValue>
                    </taxonomicClassification>
                    <taxonomicClassification>
                          <taxonRankName>Family</taxonRankName>
                        <taxonRankValue>Vochysiaceae</taxonRankValue>
                    </taxonomicClassification>
                    <taxonomicClassification>
                          <taxonRankName>Family</taxonRankName>
                        <taxonRankValue>Winteraceae</taxonRankValue>
                    </taxonomicClassification>
                    <taxonomicClassification>
                          <taxonRankName>Family</taxonRankName>
                        <taxonRankValue>Xyridaceae</taxonRankValue>
                    </taxonomicClassification>
                    <taxonomicClassification>
                          <taxonRankName>Family</taxonRankName>
                        <taxonRankValue>Zingiberaceae</taxonRankValue>
                    </taxonomicClassification>
                    <taxonomicClassification>
                          <taxonRankName>Family</taxonRankName>
                        <taxonRankValue>Zygophyllaceae</taxonRankValue>
                    </taxonomicClassification>
              </taxonomicCoverage>
      </coverage>
      <purpose>
          <para>Facilitar el acceso a la información de la flora de Norte de Santander y contribuir con la difusión del inventario taxonómico de la flora nororiental del país. Dar a conocer la distribución de los taxa y fortalecer los principios de conocer, conservar y utilizar los recursos vegetales de manera responsable como estrategia para lograr un desarrollo sostenible en los ámbitos local, regional y nacional.</para>
      </purpose>
      <maintenance>
          <description>
              <para>Se realizarán actualizaciones periódicas de este recurso a medida que se vaya ingresando, actualizando nomenclaturalmente, depurando y estandarizando la información de la base de datos de los ejemplares de la colección.</para>
          </description>
          <maintenanceUpdateFrequency>asNeeded</maintenanceUpdateFrequency>
      </maintenance>
      <contact>
    <individualName>
<givenName>Luis Roberto</givenName>          <surName>Sánchez Montaño</surName>
    </individualName>
<organizationName>Universidad de Pamplona</organizationName><positionName>Director - Herbario</positionName>    <address>
<deliveryPoint>Km 1 Vía Bucaramanga</deliveryPoint><city>Pamplona</city><administrativeArea>Norte de Santander</administrativeArea><postalCode>543050</postalCode><country>COLOMBIA</country>    </address>
<phone>3178958328</phone><electronicMailAddress>lrsanchez@unipamplona.edu.co</electronicMailAddress>      </contact>
      <contact>
    <individualName>
<givenName>Jessica</givenName>          <surName>Sarmiento</surName>
    </individualName>
<organizationName>Universidad de Pamplona</organizationName><positionName>Bióloga - herbario</positionName>    <address>
<deliveryPoint>Km 1 Vía Bucaramanga</deliveryPoint><city>Pamplona</city><administrativeArea>Norte de Santander</administrativeArea><postalCode>543050</postalCode><country>COLOMBIA</country>    </address>
<phone>3219180775</phone><electronicMailAddress>jessica.sarmiento@unipamplona.edu.co</electronicMailAddress>      </contact>
      <methods>
            <methodStep>
                <description>
                    <para>1. Recolección y procesamiento de ejemplares:  Se desarrolla mediante recorridos por las diferentes localidades tomando muestras de las distintas especies de cada sitio, usualmente 2 o 3 ejemplares por individuo con sus respectivos datos de campo. Las muestras son transportadas al herbario donde se someten a deshidratación en el horno a 60° durante 48h. O mediante parcelas o transectos de diferente tamaño, según el tipo de vegetación y el área de muestreo.</para>
                </description>
            </methodStep>
            <methodStep>
                <description>
                    <para>2. Identificación taxonómica y selección de ejemplares para montaje: A través del uso de claves taxonómicas y comparación con ejemplares de herbario se hace la determinación taxonómica y se selecciona el material para montar.</para>
                </description>
            </methodStep>
            <methodStep>
                <description>
                    <para>3. Montaje y asignación de número de catálogo: Una vez seleccionado el material fértil se realiza el montaje y se asigna un número consecutivo propio del herbario.</para>
                </description>
            </methodStep>
            <methodStep>
                <description>
                    <para>4. Ingreso a la base de datos: La información de los ejemplares con número de catálogo es ingresada a la base de datos oficial.</para>
                </description>
            </methodStep>
            <methodStep>
                <description>
                    <para>5. Ingreso a la colección: Una vez ingresados a la base de datos los ejemplares quedan listos para ingresar a la colección física.</para>
                </description>
            </methodStep>
            <sampling>
                <studyExtent>
                    <description>
                        <para>Ecosistemas de distintas localidades de Norte de Santander incluyendo bosques secos tropicales, bosques andinos, subandinos, altoandinos y páramos.</para>
                    </description>
                </studyExtent>
                <samplingDescription>
                    <para>La recolección de ejemplares corresponde a distintas actividades académicas, investigativas, de consultoría, entre otras. Por tal motivo los diseños de muestreo son variados y obedecen a cada objetivo particular.</para>
                </samplingDescription>
            </sampling>
            <qualityControl>
                <description>
                    <para>La información de los ejemplares del herbario se sistematiza a través del programa Microsoft Excel 2010 y la base de datos se ajusta al estándar internacional DarwinCore, donde se verifica la calidad de los datos taxonómicos, geográficos y ambientales y se actualiza en conjunto con la información presente en las etiquetas de los ejemplares revisados por expertos.</para>
                </description>
            </qualityControl>
      </methods>

</dataset>

<additionalMetadata>
    <metadata>
      <gbif>
        <dateStamp>2021-08-03T09:06:36Z</dateStamp>
      <citation identifier="https://doi.org/10.15472/wn1rtp">Sánchez Montaño L R, Sarmiento J, Galván Cisneros C M, Araque A Y (2020). Flora del Nororiente Colombiano: Colecciones del Herbario Regional Catatumbo Sarare. Version 2.4. Universidad de Pamplona. Occurrence dataset https://doi.org/10.15472/wn1rtp accessed via GBIF.org on 2021-08-03.</citation>
              <physical>
                  <objectName>200_flora-nortedesantander_20170729</objectName>
                  <characterEncoding>UTF-8</characterEncoding>
                  <dataFormat>
                      <externallyDefinedFormat>
                          <formatName>csv</formatName>
                      </externallyDefinedFormat>
                  </dataFormat>
                  <distribution>
                      <online>
                          <url function="download">https://ipt.biodiversidad.co/cr-sib/resource.do?r=200_flora-nortedesantander_20170729</url>
                      </online>
                  </distribution>
              </physical>
              <physical>
                  <objectName>200_floranortedesantander_20181220</objectName>
                  <characterEncoding>UTF-8</characterEncoding>
                  <dataFormat>
                      <externallyDefinedFormat>
                          <formatName>csv</formatName>
                      </externallyDefinedFormat>
                  </dataFormat>
                  <distribution>
                      <online>
                          <url function="download">https://ipt.biodiversidad.co/cr-sib/resource.do?r=200_floranortedesantander_20181220</url>
                      </online>
                  </distribution>
              </physical>
              <physical>
                  <objectName>200_floranortedesantander_2018_07_23</objectName>
                  <characterEncoding>UTF-8</characterEncoding>
                  <dataFormat>
                      <externallyDefinedFormat>
                          <formatName>csv</formatName>
                      </externallyDefinedFormat>
                  </dataFormat>
                  <distribution>
                      <online>
                          <url function="download">https://ipt.biodiversidad.co/cr-sib/resource.do?r=200_floranortedesantander_2018_07_23</url>
                      </online>
                  </distribution>
              </physical>
              <physical>
                  <objectName>200_hecasanorte_20161118</objectName>
                  <characterEncoding>UTF-8</characterEncoding>
                  <dataFormat>
                      <externallyDefinedFormat>
                          <formatName>csv</formatName>
                      </externallyDefinedFormat>
                  </dataFormat>
                  <distribution>
                      <online>
                          <url function="download">https://ipt.biodiversidad.co/cr-sib/resource.do?r=200_hecasanorte_20161118</url>
                      </online>
                  </distribution>
              </physical>
              <physical>
                  <objectName>200_upamflora2020i_20200706</objectName>
                  <characterEncoding>UTF-8</characterEncoding>
                  <dataFormat>
                      <externallyDefinedFormat>
                          <formatName>DWC-A</formatName>
                            <formatVersion>1</formatVersion>
                      </externallyDefinedFormat>
                  </dataFormat>
                  <distribution>
                      <online>
                          <url function="download">https://ipt.biodiversidad.co/cr-sib/resource.do?r=200_upamflora2020i_20200706</url>
                      </online>
                  </distribution>
              </physical>
              <resourceLogoUrl>https://statics.sibcolombia.net/sib-resources/images/logos-socios/portal-sib/Logo-universidad-pamplona.png</resourceLogoUrl>
              <collection>
                <parentCollectionIdentifier>HECASA</parentCollectionIdentifier>
                <collectionIdentifier>Registro Nacional de Colecciones Biológicas: 018</collectionIdentifier>
                <collectionName>Herbario Regional Catatumbo Sarare</collectionName>
              </collection>
                <specimenPreservationMethod>ALCOHOL</specimenPreservationMethod>
      </gbif>
    </metadata>
</additionalMetadata>

</eml:eml>
