<?xml version="1.0" encoding="utf-8"?>
<eml:eml xmlns:eml="eml://ecoinformatics.org/eml-2.1.1" xmlns:xsi="http://www.w3.org/2001/XMLSchema-instance"
         xsi:schemaLocation="eml://ecoinformatics.org/eml-2.1.1 http://rs.gbif.org/schema/eml-gbif-profile/1.1/eml.xsd"
        packageId="af6e6436-2507-43e7-b884-6838f655e14a"  system="http://gbif.org" scope="system"
  xml:lang="pt">

<dataset>
      <alternateIdentifier>10.15468/qqbh94</alternateIdentifier>
        <alternateIdentifier>af6e6436-2507-43e7-b884-6838f655e14a</alternateIdentifier>
        <alternateIdentifier>http://ipt.jbrj.gov.br/reflora/resource?r=flor_herbarium</alternateIdentifier>
    <title>FLOR herbarium - Universidade Federal de Santa Catarina - Herbário Virtual REFLORA</title>
    <creator>
    <individualName>
<givenName>Ana</givenName>          <surName>Zannin</surName>
    </individualName>
<organizationName>Santa Catarina Federal University</organizationName><positionName>Curator</positionName>    <address>
<deliveryPoint>Campus Universitário Reitor João David Ferreira Lima, Caixa Postal 476, Nº0 - Bairro: Trindade</deliveryPoint><city>Florianópolis</city><administrativeArea>Santa Catarina</administrativeArea><postalCode>88040-900</postalCode><country>BRAZIL</country>    </address>
<phone>+55(48)-3721-2905</phone><electronicMailAddress>ana.zannin@ufsc.br</electronicMailAddress>    </creator>
    <creator>
    <individualName>
<givenName>Maria Alice</givenName>          <surName>Neves</surName>
    </individualName>
<organizationName>Santa Catarina Federal University</organizationName><positionName>Subcurator</positionName>    <address>
<deliveryPoint>Campus Universitário Reitor João David Ferreira Lima, Caixa Postal 476, Nº0 - Bairro: Trindade</deliveryPoint><city>Florianópolis</city><administrativeArea>Santa Catarina</administrativeArea><postalCode>88040-900</postalCode><country>BRAZIL</country>    </address>
<phone>+55(48)-3721-2905</phone><electronicMailAddress>maliceneves@gmail.com</electronicMailAddress><onlineUrl>http://www.botanica.org.br/buscar_herbario_pub.php?opcoes=sigla&amp;busca=flor&amp;result_por_pagi=5&amp;Buscar.x=0&amp;Buscar.y=0&amp;Buscar=Buscar</onlineUrl>    </creator>
    <creator>
    <individualName>
<givenName>Sílvia</givenName>          <surName>Venturi</surName>
    </individualName>
<organizationName>Santa Catarina Federal University</organizationName><positionName>Técnica do Herbário (Bióloga)</positionName>    <address>
<deliveryPoint>Campus Universitário Reitor João David Ferreira Lima, Caixa Postal 476, Nº0 - Bairro: Trindade</deliveryPoint><city>Florianópolis</city><administrativeArea>Santa Catarina</administrativeArea><postalCode>88040-900</postalCode>    </address>
<phone>+55(48)-3721-2905</phone><electronicMailAddress>silvia.venturi@ufsc.br</electronicMailAddress>    </creator>
    <metadataProvider>
    <individualName>
<givenName>João</givenName>          <surName>Lanna</surName>
    </individualName>
<organizationName>Rio de Janeiro Botanic Garden</organizationName><positionName>SiBBr Felow</positionName>    <address>
<deliveryPoint>Rua Pacheco Leão 915</deliveryPoint><city>Rio de Janeiro</city><administrativeArea>Rio de Janeiro</administrativeArea><country>BRAZIL</country>    </address>
<electronicMailAddress>joaomlanna@gmail.com</electronicMailAddress>    </metadataProvider>
    <metadataProvider>
    <individualName>
<givenName>Ana</givenName>          <surName>Zannin</surName>
    </individualName>
<organizationName>Santa Catarina Federal University</organizationName><positionName>Curadora</positionName>    <address>
<deliveryPoint>Campus Universitário Reitor João David Ferreira Lima, Caixa Postal 476, Nº0 - Bairro: Trindade</deliveryPoint><city>Florianópolis</city><administrativeArea>Santa Catarina</administrativeArea><postalCode>88040-900</postalCode>    </address>
<phone>+55(48)-3721-2905</phone><electronicMailAddress>ana.zannin@ufsc.br</electronicMailAddress>    </metadataProvider>
    <associatedParty>
    <individualName>
<givenName>Vitor</givenName>          <surName>Monteiro</surName>
    </individualName>
<organizationName>Rio de Janeiro Botanic Garden</organizationName><positionName>REFLORA Felow</positionName>    <address>
<country>BRAZIL</country>    </address>
    <role>PROGRAMMER</role>
    </associatedParty>
    <associatedParty>
    <individualName>
<givenName>Eduardo</givenName>          <surName>Dalcin</surName>
    </individualName>
<organizationName>Rio de Janeiro Botanic Garden</organizationName><positionName>Núcleo de Computação Científica</positionName>    <address>
<country>BRAZIL</country>    </address>
    <role>EDITOR</role>
    </associatedParty>
      <pubDate>
      2021-06-11
      </pubDate>
    <language>PORTUGUESE</language>
    <abstract>
        <para>Herbarium Collection of the Santa Catarina Federal University\Brazil.</para>
    </abstract>
        <keywordSet>
              <keyword>Occurrence</keyword>
              <keywordThesaurus>GBIF Dataset Type Vocabulary: http://rs.gbif.org/vocabulary/gbif/dataset_type.xml</keywordThesaurus>
        </keywordSet>
        <keywordSet>
              <keyword>Specimen</keyword>
              <keywordThesaurus>GBIF Dataset Subtype Vocabulary: http://rs.gbif.org/vocabulary/gbif/dataset_subtype.xml</keywordThesaurus>
        </keywordSet>
      <intellectualRights>
        <para>This work is licensed under a <ulink url="http://creativecommons.org/licenses/by/4.0/legalcode"><citetitle>Creative Commons Attribution (CC-BY) 4.0 License</citetitle></ulink>.</para>
      </intellectualRights>
      <maintenance>
          <description>
              <para></para>
          </description>
          <maintenanceUpdateFrequency>weekly</maintenanceUpdateFrequency>
      </maintenance>
      <contact>
    <individualName>
<givenName>Ana</givenName>          <surName>Zannin</surName>
    </individualName>
<organizationName>Santa Catarina Federal University</organizationName><positionName>Curadora</positionName>    <address>
<deliveryPoint>Campus Universitário Reitor João David Ferreira Lima, Caixa Postal 476, Nº0 - Bairro: Trindade</deliveryPoint><city>Florianópolis</city><administrativeArea>Santa Catarina</administrativeArea><postalCode>88040-900</postalCode>    </address>
<phone>+55(48)-3721-2905</phone><electronicMailAddress>ana.zannin@ufsc.br</electronicMailAddress>      </contact>

</dataset>

<additionalMetadata>
    <metadata>
      <gbif>
        <dateStamp>2021-08-03T09:06:36Z</dateStamp>
      <citation>Zannin A, Neves M A, Venturi S, Lanna J (2021). FLOR herbarium - Universidade Federal de Santa Catarina - Herbário Virtual REFLORA. Version 1.252. Instituto de Pesquisas Jardim Botanico do Rio de Janeiro. Occurrence dataset https://doi.org/10.15468/qqbh94 accessed via GBIF.org on 2021-08-03.</citation>
              <resourceLogoUrl>http://ipt.jbrj.gov.br/reflora/logo.do?r=flor_herbarium</resourceLogoUrl>
      </gbif>
    </metadata>
</additionalMetadata>

</eml:eml>
