<?xml version="1.0" encoding="utf-8"?>
<eml:eml xmlns:eml="eml://ecoinformatics.org/eml-2.1.1" xmlns:xsi="http://www.w3.org/2001/XMLSchema-instance"
         xsi:schemaLocation="eml://ecoinformatics.org/eml-2.1.1 http://rs.gbif.org/schema/eml-gbif-profile/1.1/eml.xsd"
        packageId="b5b0b716-566e-4f29-81a1-15e9f42465b2"  system="http://gbif.org" scope="system"
  xml:lang="es">

<dataset>
      <alternateIdentifier>10.15472/dp6wp0</alternateIdentifier>
        <alternateIdentifier>https://ipt.biodiversidad.co/sib/resource?r=almacienagas2012</alternateIdentifier>
        <alternateIdentifier>http://ipt.biodiversidad.co/sib/resource?r=almacienagas2012</alternateIdentifier>
        <alternateIdentifier>10.15468/qrp6cs</alternateIdentifier>
        <alternateIdentifier>http://data.biodiversidad.co/sib/resource?r=almacienagas2012</alternateIdentifier>
        <alternateIdentifier>http://ipt.sibcolombia.net/sib/resource.do?r=almacienagas2012</alternateIdentifier>
        <alternateIdentifier>b5b0b716-566e-4f29-81a1-15e9f42465b2</alternateIdentifier>
        <alternateIdentifier>14741</alternateIdentifier>
    <title>Caracterización florística de las ciénagas en Gamarra y Barrancabermeja de 2012</title>
    <creator>
    <individualName>
<givenName>Juan Carlos</givenName>          <surName>Gutierrez Camargo</surName>
    </individualName>
<organizationName>Fundación Alma</organizationName><positionName>Subdirector</positionName>    <address>
<deliveryPoint>Parque Nacional, via Carabineros, Casa del Bosque</deliveryPoint><city>Bogotá D.C.</city><administrativeArea>Bogotá D.C.</administrativeArea><country>COLOMBIA</country>    </address>
<phone>+57 13380170</phone><electronicMailAddress>almafun8@gmail.com</electronicMailAddress><onlineUrl>http://www.fundacion-alma.org/</onlineUrl>    </creator>
    <metadataProvider>
    <individualName>
<givenName>Natasha Valentina</givenName>          <surName>Garzón Y.</surName>
    </individualName>
<organizationName>Fundación Alma</organizationName><positionName>Investigadora</positionName>    <address>
<deliveryPoint>Parque Nacional, via Carabineros, Casa del Bosque</deliveryPoint><city>Bogotá D.C.</city><administrativeArea>Bogotá D.C.</administrativeArea><country>COLOMBIA</country>    </address>
<phone>+57 13380170</phone><electronicMailAddress>cavendishia@gmail.com</electronicMailAddress><onlineUrl>http://www.fundacion-alma.org/</onlineUrl>    </metadataProvider>
    <associatedParty>
    <individualName>
<givenName>Natasha Valentina</givenName>          <surName>Garzón Y.</surName>
    </individualName>
<organizationName>Fundación Alma</organizationName><positionName>Investigadora</positionName>    <address>
<deliveryPoint>Parque Nacional, via Carabineros, Casa del Bosque</deliveryPoint><city>Bogotá D.C.</city><administrativeArea>Bogotá D.C.</administrativeArea><country>COLOMBIA</country>    </address>
<phone>+57 13380170</phone><electronicMailAddress>cavendishia@gmail.com</electronicMailAddress><onlineUrl>http://www.fundacion-alma.org/</onlineUrl>    <role>PUBLISHER</role>
    </associatedParty>
    <associatedParty>
    <individualName>
<givenName>Mireya Patricia</givenName>          <surName>Córdoba Sánchez</surName>
    </individualName>
<organizationName>Fundación Alma</organizationName><positionName>Consultor</positionName>    <address>
<deliveryPoint>Parque Nacional, via Carabineros, Casa del Bosque</deliveryPoint><city>Bogotá D.C.</city><administrativeArea>Bogotá D.C.</administrativeArea><country>COLOMBIA</country>    </address>
<phone>+57 13380170</phone><electronicMailAddress>almafun8@gmail.com</electronicMailAddress><onlineUrl>http://www.fundacion-alma.org/</onlineUrl>    <role>AUTHOR</role>
    </associatedParty>
      <pubDate>
      2020-12-21
      </pubDate>
    <language>SPANISH</language>
    <abstract>
        <para>En el marco del Proyecto &amp;#34;Acciones piloto de Restauración Ecológica con comunidades de pescadores artesanales como aporte a la conservación de la biodiversidad y ordenamiento ambiental de la Llanura aluvial de la cuenca Media del río Magdalena&amp;#34;, producto del convenio de  Colaboración No. 5211405 efectuado entre la Fundación Alma y Ecopetrol, se estableció como objetivo el desarrollo del método de Evaluación Rápida de Restauración Ecológica Participativa en complejos de humedales de la cuenca media del río Magdalena, para lo cual se llevaron a cabo 13 levantamientos de vegetación con el ánimo de caracterizar la flora del área de estudio, así como la selección de especies con potencial para la restauración ecológica para bosques inundables y riparios de los complejos cenagosos del Magdalena Medio. Se registraron en total de 176 morfoespecies, agrupadas en 169 géneros y 82 familias botánicas; adicionalmente, se seleccionaron 16 especies con potencial para la restauración ecológica de los sistemas ecológicos de estudio.</para>
    </abstract>
        <keywordSet>
              <keyword>Colombia</keyword>
              <keyword>ciénagas</keyword>
              <keyword>restauración</keyword>
              <keyword>flora</keyword>
              <keywordThesaurus>n/a</keywordThesaurus>
        </keywordSet>
        <keywordSet>
              <keyword>Occurrence</keyword>
              <keywordThesaurus>GBIF Dataset Type Vocabulary: http://rs.gbif.org/vocabulary/gbif/dataset_type.xml</keywordThesaurus>
        </keywordSet>
        <keywordSet>
              <keyword>Observation</keyword>
              <keywordThesaurus>GBIF Dataset Subtype Vocabulary: http://rs.gbif.org/vocabulary/gbif/dataset_subtype.xml</keywordThesaurus>
        </keywordSet>
      <intellectualRights>
        <para>To the extent possible under law, the publisher has waived all rights to these data and has dedicated them to the <ulink url="http://creativecommons.org/publicdomain/zero/1.0/legalcode"><citetitle>Public Domain (CC0 1.0)</citetitle></ulink>. Users may copy, modify, distribute and use the work, including for commercial purposes, without restriction.</para>
      </intellectualRights>
      <distribution scope="document">
          <online>
              <url function="information">http://ipt.sibcolombia.net/sib/resource.do?r=almacienagas2012</url>
          </online>
      </distribution>
      <coverage>
            <geographicCoverage>
                  <geographicDescription>Complejos cenagosos del sur del departamento del Cesar (Juncal - Baquero - Marisonga - Palenquillo) en el municipio de Gamarra; ciénaga El Dique, municipio de Morales (Bolívar), ciénaga El LLanito en Barrancabermeja Santander.</geographicDescription>
                  <boundingCoordinates>
                      <westBoundingCoordinate>-73.879</westBoundingCoordinate>
                      <eastBoundingCoordinate>-73.719</eastBoundingCoordinate>
                      <northBoundingCoordinate>8.43</northBoundingCoordinate>
                      <southBoundingCoordinate>7.153</southBoundingCoordinate>
                  </boundingCoordinates>
            </geographicCoverage>
          <temporalCoverage>
            <rangeOfDates>
              <beginDate>
                <calendarDate>      2012-08-09
</calendarDate>
              </beginDate>
              <endDate>
                <calendarDate>      2012-08-23
</calendarDate>
              </endDate>
            </rangeOfDates>
          </temporalCoverage>
              <taxonomicCoverage>
                    <generalTaxonomicCoverage>176 Especies pertenecientes a 169 géneros de 82 familias. El sistema de clasificación usado fué: Cronquist A. 1988. The Evolution and Classification of Flowering Plants. Second Edition. New York Botanical Garden. New York. 555p.</generalTaxonomicCoverage>
                    <taxonomicClassification>
                          <taxonRankName>Family</taxonRankName>
                        <taxonRankValue>Acanthaceae</taxonRankValue>
                    </taxonomicClassification>
                    <taxonomicClassification>
                          <taxonRankName>Family</taxonRankName>
                        <taxonRankValue>Alismataceae</taxonRankValue>
                    </taxonomicClassification>
                    <taxonomicClassification>
                          <taxonRankName>Family</taxonRankName>
                        <taxonRankValue>Amaranthaceae</taxonRankValue>
                    </taxonomicClassification>
                    <taxonomicClassification>
                          <taxonRankName>Family</taxonRankName>
                        <taxonRankValue>Anacardiaceae</taxonRankValue>
                    </taxonomicClassification>
                    <taxonomicClassification>
                          <taxonRankName>Family</taxonRankName>
                        <taxonRankValue>Annonaceae</taxonRankValue>
                    </taxonomicClassification>
                    <taxonomicClassification>
                          <taxonRankName>Family</taxonRankName>
                        <taxonRankValue>Apiaceae</taxonRankValue>
                    </taxonomicClassification>
                    <taxonomicClassification>
                          <taxonRankName>Family</taxonRankName>
                        <taxonRankValue>Apocynaceae</taxonRankValue>
                    </taxonomicClassification>
                    <taxonomicClassification>
                          <taxonRankName>Family</taxonRankName>
                        <taxonRankValue>Araceae</taxonRankValue>
                    </taxonomicClassification>
                    <taxonomicClassification>
                          <taxonRankName>Family</taxonRankName>
                        <taxonRankValue>Asclepiadaceae</taxonRankValue>
                    </taxonomicClassification>
                    <taxonomicClassification>
                          <taxonRankName>Family</taxonRankName>
                        <taxonRankValue>Asteraceae</taxonRankValue>
                    </taxonomicClassification>
                    <taxonomicClassification>
                          <taxonRankName>Family</taxonRankName>
                        <taxonRankValue>Bignoniaceae</taxonRankValue>
                    </taxonomicClassification>
                    <taxonomicClassification>
                          <taxonRankName>Family</taxonRankName>
                        <taxonRankValue>Bixaceae</taxonRankValue>
                    </taxonomicClassification>
                    <taxonomicClassification>
                          <taxonRankName>Family</taxonRankName>
                        <taxonRankValue>Bombacaceae</taxonRankValue>
                    </taxonomicClassification>
                    <taxonomicClassification>
                          <taxonRankName>Family</taxonRankName>
                        <taxonRankValue>Boraginaceae</taxonRankValue>
                    </taxonomicClassification>
                    <taxonomicClassification>
                          <taxonRankName>Family</taxonRankName>
                        <taxonRankValue>Bromeliaceae</taxonRankValue>
                    </taxonomicClassification>
                    <taxonomicClassification>
                          <taxonRankName>Family</taxonRankName>
                        <taxonRankValue>Cactaceae</taxonRankValue>
                    </taxonomicClassification>
                    <taxonomicClassification>
                          <taxonRankName>Family</taxonRankName>
                        <taxonRankValue>Caesalpiniaceae</taxonRankValue>
                    </taxonomicClassification>
                    <taxonomicClassification>
                          <taxonRankName>Family</taxonRankName>
                        <taxonRankValue>Capparaceae</taxonRankValue>
                    </taxonomicClassification>
                    <taxonomicClassification>
                          <taxonRankName>Family</taxonRankName>
                        <taxonRankValue>Cecropiaceae</taxonRankValue>
                    </taxonomicClassification>
                    <taxonomicClassification>
                          <taxonRankName>Family</taxonRankName>
                        <taxonRankValue>Chrysobalanaceae</taxonRankValue>
                    </taxonomicClassification>
                    <taxonomicClassification>
                          <taxonRankName>Family</taxonRankName>
                        <taxonRankValue>Clusiaceae</taxonRankValue>
                    </taxonomicClassification>
                    <taxonomicClassification>
                          <taxonRankName>Family</taxonRankName>
                        <taxonRankValue>Combretaceae</taxonRankValue>
                    </taxonomicClassification>
                    <taxonomicClassification>
                          <taxonRankName>Family</taxonRankName>
                        <taxonRankValue>Commelinaceae</taxonRankValue>
                    </taxonomicClassification>
                    <taxonomicClassification>
                          <taxonRankName>Family</taxonRankName>
                        <taxonRankValue>Convolvulaceae</taxonRankValue>
                    </taxonomicClassification>
                    <taxonomicClassification>
                          <taxonRankName>Family</taxonRankName>
                        <taxonRankValue>Costaceae</taxonRankValue>
                    </taxonomicClassification>
                    <taxonomicClassification>
                          <taxonRankName>Family</taxonRankName>
                        <taxonRankValue>Cucurbitaceae</taxonRankValue>
                    </taxonomicClassification>
                    <taxonomicClassification>
                          <taxonRankName>Family</taxonRankName>
                        <taxonRankValue>Cyperaceae</taxonRankValue>
                    </taxonomicClassification>
                    <taxonomicClassification>
                          <taxonRankName>Family</taxonRankName>
                        <taxonRankValue>Dichapetalaceae</taxonRankValue>
                    </taxonomicClassification>
                    <taxonomicClassification>
                          <taxonRankName>Family</taxonRankName>
                        <taxonRankValue>Dilleniaceae</taxonRankValue>
                    </taxonomicClassification>
                    <taxonomicClassification>
                          <taxonRankName>Family</taxonRankName>
                        <taxonRankValue>Erythroxylaceae</taxonRankValue>
                    </taxonomicClassification>
                    <taxonomicClassification>
                          <taxonRankName>Family</taxonRankName>
                        <taxonRankValue>Euphorbiaceae</taxonRankValue>
                    </taxonomicClassification>
                    <taxonomicClassification>
                          <taxonRankName>Family</taxonRankName>
                        <taxonRankValue>Fabaceae</taxonRankValue>
                    </taxonomicClassification>
                    <taxonomicClassification>
                          <taxonRankName>Family</taxonRankName>
                        <taxonRankValue>Flacourtiaceae</taxonRankValue>
                    </taxonomicClassification>
                    <taxonomicClassification>
                          <taxonRankName>Family</taxonRankName>
                        <taxonRankValue>Gentianaceae</taxonRankValue>
                    </taxonomicClassification>
                    <taxonomicClassification>
                          <taxonRankName>Family</taxonRankName>
                        <taxonRankValue>Gesneriaceae</taxonRankValue>
                    </taxonomicClassification>
                    <taxonomicClassification>
                          <taxonRankName>Family</taxonRankName>
                        <taxonRankValue>Gnetaceae</taxonRankValue>
                    </taxonomicClassification>
                    <taxonomicClassification>
                          <taxonRankName>Family</taxonRankName>
                        <taxonRankValue>Heliconiaceae</taxonRankValue>
                    </taxonomicClassification>
                    <taxonomicClassification>
                          <taxonRankName>Family</taxonRankName>
                        <taxonRankValue>Juncaceae</taxonRankValue>
                    </taxonomicClassification>
                    <taxonomicClassification>
                          <taxonRankName>Family</taxonRankName>
                        <taxonRankValue>Lamiaceae</taxonRankValue>
                    </taxonomicClassification>
                    <taxonomicClassification>
                          <taxonRankName>Family</taxonRankName>
                        <taxonRankValue>Lauraceae</taxonRankValue>
                    </taxonomicClassification>
                    <taxonomicClassification>
                          <taxonRankName>Family</taxonRankName>
                        <taxonRankValue>Lecythidaceae</taxonRankValue>
                    </taxonomicClassification>
                    <taxonomicClassification>
                          <taxonRankName>Family</taxonRankName>
                        <taxonRankValue>Loganiaceae</taxonRankValue>
                    </taxonomicClassification>
                    <taxonomicClassification>
                          <taxonRankName>Family</taxonRankName>
                        <taxonRankValue>Loranthaceae</taxonRankValue>
                    </taxonomicClassification>
                    <taxonomicClassification>
                          <taxonRankName>Family</taxonRankName>
                        <taxonRankValue>Lythraceae</taxonRankValue>
                    </taxonomicClassification>
                    <taxonomicClassification>
                          <taxonRankName>Family</taxonRankName>
                        <taxonRankValue>Malpighiaceae</taxonRankValue>
                    </taxonomicClassification>
                    <taxonomicClassification>
                          <taxonRankName>Family</taxonRankName>
                        <taxonRankValue>Malvaceae</taxonRankValue>
                    </taxonomicClassification>
                    <taxonomicClassification>
                          <taxonRankName>Family</taxonRankName>
                        <taxonRankValue>Marantaceae</taxonRankValue>
                    </taxonomicClassification>
                    <taxonomicClassification>
                          <taxonRankName>Family</taxonRankName>
                        <taxonRankValue>Marsileaceae</taxonRankValue>
                    </taxonomicClassification>
                    <taxonomicClassification>
                          <taxonRankName>Family</taxonRankName>
                        <taxonRankValue>Melastomataceae</taxonRankValue>
                    </taxonomicClassification>
                    <taxonomicClassification>
                          <taxonRankName>Family</taxonRankName>
                        <taxonRankValue>Meliaceae</taxonRankValue>
                    </taxonomicClassification>
                    <taxonomicClassification>
                          <taxonRankName>Family</taxonRankName>
                        <taxonRankValue>Mimosaceae</taxonRankValue>
                    </taxonomicClassification>
                    <taxonomicClassification>
                          <taxonRankName>Family</taxonRankName>
                        <taxonRankValue>Moraceae</taxonRankValue>
                    </taxonomicClassification>
                    <taxonomicClassification>
                          <taxonRankName>Family</taxonRankName>
                        <taxonRankValue>Muntingiaceae</taxonRankValue>
                    </taxonomicClassification>
                    <taxonomicClassification>
                          <taxonRankName>Family</taxonRankName>
                        <taxonRankValue>Myrsinaceae</taxonRankValue>
                    </taxonomicClassification>
                    <taxonomicClassification>
                          <taxonRankName>Family</taxonRankName>
                        <taxonRankValue>Myrtaceae</taxonRankValue>
                    </taxonomicClassification>
                    <taxonomicClassification>
                          <taxonRankName>Family</taxonRankName>
                        <taxonRankValue>Nymphaeaceae</taxonRankValue>
                    </taxonomicClassification>
                    <taxonomicClassification>
                          <taxonRankName>Family</taxonRankName>
                        <taxonRankValue>Ochnaceae</taxonRankValue>
                    </taxonomicClassification>
                    <taxonomicClassification>
                          <taxonRankName>Family</taxonRankName>
                        <taxonRankValue>Onagraceae</taxonRankValue>
                    </taxonomicClassification>
                    <taxonomicClassification>
                          <taxonRankName>Family</taxonRankName>
                        <taxonRankValue>Passifloraceae</taxonRankValue>
                    </taxonomicClassification>
                    <taxonomicClassification>
                          <taxonRankName>Family</taxonRankName>
                        <taxonRankValue>Piperaceae</taxonRankValue>
                    </taxonomicClassification>
                    <taxonomicClassification>
                          <taxonRankName>Family</taxonRankName>
                        <taxonRankValue>Poaceae</taxonRankValue>
                    </taxonomicClassification>
                    <taxonomicClassification>
                          <taxonRankName>Family</taxonRankName>
                        <taxonRankValue>Polygalaceae</taxonRankValue>
                    </taxonomicClassification>
                    <taxonomicClassification>
                          <taxonRankName>Family</taxonRankName>
                        <taxonRankValue>Polygonaceae</taxonRankValue>
                    </taxonomicClassification>
                    <taxonomicClassification>
                          <taxonRankName>Family</taxonRankName>
                        <taxonRankValue>Pontederiaceae</taxonRankValue>
                    </taxonomicClassification>
                    <taxonomicClassification>
                          <taxonRankName>Family</taxonRankName>
                        <taxonRankValue>Portulacaceae</taxonRankValue>
                    </taxonomicClassification>
                    <taxonomicClassification>
                          <taxonRankName>Family</taxonRankName>
                        <taxonRankValue>Pteridaceae</taxonRankValue>
                    </taxonomicClassification>
                    <taxonomicClassification>
                          <taxonRankName>Family</taxonRankName>
                        <taxonRankValue>Rubiaceae</taxonRankValue>
                    </taxonomicClassification>
                    <taxonomicClassification>
                          <taxonRankName>Family</taxonRankName>
                        <taxonRankValue>Salviniaceae</taxonRankValue>
                    </taxonomicClassification>
                    <taxonomicClassification>
                          <taxonRankName>Family</taxonRankName>
                        <taxonRankValue>Sapindaceae</taxonRankValue>
                    </taxonomicClassification>
                    <taxonomicClassification>
                          <taxonRankName>Family</taxonRankName>
                        <taxonRankValue>Schizaeaceae</taxonRankValue>
                    </taxonomicClassification>
                    <taxonomicClassification>
                          <taxonRankName>Family</taxonRankName>
                        <taxonRankValue>Scrophulariaceae</taxonRankValue>
                    </taxonomicClassification>
                    <taxonomicClassification>
                          <taxonRankName>Family</taxonRankName>
                        <taxonRankValue>Selaginellaceae</taxonRankValue>
                    </taxonomicClassification>
                    <taxonomicClassification>
                          <taxonRankName>Family</taxonRankName>
                        <taxonRankValue>Siparunaceae</taxonRankValue>
                    </taxonomicClassification>
                    <taxonomicClassification>
                          <taxonRankName>Family</taxonRankName>
                        <taxonRankValue>Smilacaceae</taxonRankValue>
                    </taxonomicClassification>
                    <taxonomicClassification>
                          <taxonRankName>Family</taxonRankName>
                        <taxonRankValue>Solanaceae</taxonRankValue>
                    </taxonomicClassification>
                    <taxonomicClassification>
                          <taxonRankName>Family</taxonRankName>
                        <taxonRankValue>Sterculiaceae</taxonRankValue>
                    </taxonomicClassification>
                    <taxonomicClassification>
                          <taxonRankName>Family</taxonRankName>
                        <taxonRankValue>Ulmaceae</taxonRankValue>
                    </taxonomicClassification>
                    <taxonomicClassification>
                          <taxonRankName>Family</taxonRankName>
                        <taxonRankValue>Verbenaceae</taxonRankValue>
                    </taxonomicClassification>
                    <taxonomicClassification>
                          <taxonRankName>Family</taxonRankName>
                        <taxonRankValue>Violaceae</taxonRankValue>
                    </taxonomicClassification>
                    <taxonomicClassification>
                          <taxonRankName>Family</taxonRankName>
                        <taxonRankValue>Viscaceae</taxonRankValue>
                    </taxonomicClassification>
                    <taxonomicClassification>
                          <taxonRankName>Family</taxonRankName>
                        <taxonRankValue>Vitaceae</taxonRankValue>
                    </taxonomicClassification>
                    <taxonomicClassification>
                          <taxonRankName>Family</taxonRankName>
                        <taxonRankValue>Zygophyllaceae</taxonRankValue>
                    </taxonomicClassification>
              </taxonomicCoverage>
      </coverage>
      <maintenance>
          <description>
              <para></para>
          </description>
          <maintenanceUpdateFrequency>unkown</maintenanceUpdateFrequency>
      </maintenance>
      <contact>
    <individualName>
<givenName>Juan Carlos</givenName>          <surName>Gutierrez Camargo</surName>
    </individualName>
<organizationName>Fundación Alma</organizationName><positionName>Subdirector</positionName>    <address>
<deliveryPoint>Parque Nacional, via Carabineros, Casa del Bosque</deliveryPoint><city>Bogotá D.C.</city><administrativeArea>Bogotá D.C.</administrativeArea><country>COLOMBIA</country>    </address>
<phone>+57 13380170</phone><electronicMailAddress>almafun8@gmail.com</electronicMailAddress><onlineUrl>http://www.fundacion-alma.org/</onlineUrl>      </contact>
      <methods>
            <methodStep>
                <description>
                    <para>Véase descripción del muestreo.</para>
                </description>
            </methodStep>
            <sampling>
                <studyExtent>
                    <description>
                        <para>Ciénagas de Juncal, C. Baquero,  C. Marisonga, C. El Dique,  y C. Palenquillo ubicados en el municipio de Gamarra, Cesar. Ciénaga del Llanito en el municipio de Barrancabermeja, Santander. Municipo de Morales en Bolivar.</para>
                    </description>
                </studyExtent>
                <samplingDescription>
                    <para>Colecciones botánicas:
Se realizaron recorridos en las ciénagas de Juncal, C. Baquero,  C. Marisonga, C. El Dique,  y C. Palenquillo ubicados en el municipio de Gamarra Cesar entre los días 9 al 19 de agosto. Posteriormente viajamos a la ciénaga del Llanito en el municipio de Barrancabermeja Santander entre los días 20 al 23 de agosto en estos lugares se realizaron dos levantamientos para caracterizar los pastizales alrededor de la ciénagas un levantamiento en matorrales denso y un levantamiento en un bosque secundario, debido a que la vegetación se encontró muy fragmentada no se pudo realizar replicas de levantamientos. Pero se realizaron inventarios generales de la vegetación presente en diferentes cobertura como Pastizales, vegetación acuática, relictos de bosque secundario y matorrales.

Muestreo de los diferentes tipos de cobertura:
En La zona se realizaron levantamiento detallados con el fin de caracterizar la diferente coberturas vegetales; En pastizales dos levantamiento cada uno con un transecto de 50m en donde se realizaron 10 subparcelas de 1x1, en los bordes de la ciénaga de Baquero y de El Llanito, en matorrales un levantamiento transecto de 50 x 2 100 m2, en la ciénaga de Baquero y en la ciénaga de El Dique se realizó un levantamiento para un parche de bosque secundario con un transecto de 50x 5  250m2, en general en la zona no se logro realizar más replicas debido al alto nivel de fragmentación de la vegetación.</para>
                </samplingDescription>
            </sampling>
            <qualityControl>
                <description>
                    <para>Para el proceso de identificación se contaron con la ayuda de claves taxonómicas como el trabajo de (Berry et al. 1995) publicado en nueve volúmenes y que presenta un tratamiento taxonómico extenso de todas las familias de pteridofitos y espermatofitos de la Guayana venezolana y (Duno de Stefano et al. 2007) Catálogo anotado e ilustrado de la Flora vascular de los llanos de Venezuela. Los listados se depuraron consultando las bases de datos del Missouri Botanical Garden http://www.tropicos.org/Home.aspx, http://www.theplantlist.org/ y la Base de datos del New York Botanical garden http://www.ipni.org/, con las cuales se actualizaron sus nombres científicos. El sistema de clasificación que se utilizara es el de (Cronquist, 1988).</para>
                </description>
            </qualityControl>
      </methods>

      <project >
          <title>Acciones piloto de restauración ecológica participativa con comunidades de pescadores artesanales como aporte a la conservación de la biodiversidad y al ordenamiento ambiental territorial de la llanura aluvial del magdalena medio</title>
          <personnel>
    <individualName>
<givenName>Juan Carlos</givenName>          <surName>Gutierrez Camargo</surName>
    </individualName>
    <role>POINT_OF_CONTACT</role>
          </personnel>
          <abstract>
              <para></para>
          </abstract>
          <funding>
              <para>Convenio de  Colaboración No. 5211405 Ecopetrol - Fundación Alma.</para>
          </funding>
            <studyAreaDescription>
                <descriptor name="generic" citableClassificationSystem="false">
                    <descriptorValue>Complejos cenagosos del sur del departamento del Cesar (Juncal - Baquero - Marisonga - Palenquillo) en el municipio de Gamarra; ciénaga El Dique, municipio de Morales (Bolívar), ciénaga El Llanito en Barrancabermeja Santander.</descriptorValue>
                </descriptor>
            </studyAreaDescription>
      </project>
</dataset>

<additionalMetadata>
    <metadata>
      <gbif>
        <dateStamp>2021-08-03T09:06:36Z</dateStamp>
      <citation identifier="http://doi.org/10.15472/dp6wp0">Gutierrez Camargo J C, Garzón Y. N V (2020). Caracterización florística de las ciénagas en Gamarra y Barrancabermeja de 2012. Version 3.3. Fundación Alma. Occurrence dataset https://doi.org/10.15472/dp6wp0 accessed via GBIF.org on 2021-08-03.</citation>
              <bibliography>
      <citation>Barrios, Y., J.O. Zambrano, D. Pacheco, M. Petrangeli &amp; J. Fuenmayor. 2007. Vegetación acuática de la ciénaga “El mene”, municipio Santa Rita. Estado Zulia, Venezuela. Revista Facultad de Agronomía (LUZ). 24 (1): 405-410.</citation>
      <citation>Berry, P.E., Huber, O. &amp; Holst, B.K. 1995. Floristic Analysis and Phytogeography. En: Flora of the Venezuelan Guayana, v.1,al 9 (J.A. Steyermark, P.E. Berry &amp; B.K. Holst, eds.). Missouri Botanical Garden / Timber Press, St. Louis / Portland.</citation>
      <citation>Carbonó-de la Hoz, E. &amp; H. García. 2010. La vegetación terrestre en la Ensenada de Neguanje, Parque Nacional Natural Tayrona (Magdalena, Colombia). Caldasia 32 (2): 235-256.</citation>
      <citation>Crow, G.E. 1993. Species diversity in aquatic angiosperms: latitudinal patterns. Aquatic Botany 44:229–258.</citation>
      <citation>Cronquist A. 1988. The Evolution and Classification of Flowering Plants. Second Edition. New York Botanical Garden. New York. 555p.</citation>
      <citation>Duno de Stefano R., G. Aymar &amp; O Huber (Editores). 2007. Catálogo Anotado e ilustrado de la Flora vascular de los llanos de Venezuela Edit. FUDENA- Fundación Empresas Polar- FIBV Caracas 738p.</citation>
      <citation>Gentry, A. H. 1982. Neotropical floristic diversity: phythogeographical connections between Central and South American, Pleistocene climatic fluctuations, or an accident of the Anden orogeny? Annals Missouri Botanical Garden 69 (3): 557-593.</citation>
      <citation>Gentry, A. H. 1995. Diversity and floristic composition of neotropical dry forest. In: Tropical deciduous Forest Ecosystem. S. Bullock, E. Medina &amp; H. A. Mooney (eds). Cambridge Univ. Press, Cambridge.</citation>
      <citation>Marulanda, L. O., P. Velásquez, M. A. Montoya, A. Idárraga, M. C. López &amp; J. M. López. 2003. Estructura y composición de la vegetación de un fragmento de bosque seco en San Sebastián, Magdalena (Colombia). I. Composición de plantas vasculares. Actualidades Biológicas 25 (78): 17-30</citation>
      <citation>Mendoza-C., H. 1999. Estructura y riqueza florística del bosque seco tropical en la región Caribe y el valle del río Magdalena, Colombia. Caldasia 21(1):70-94.</citation>
      <citation>Pennington R.T. Prado, D. E. &amp; C. A. Pendry. 2000. Neotropical seasonally dry forests and Quaternary vegetation changes. Journal of Biogeography 27:261-273</citation>
      <citation>Rodríguez-M., G. M. 2001. Inventario Florístico De Un Bosque Seco Tropical (Bs-T) En La Hacienda El Ceibal, Santa Catalina (Bolívar), Con Énfasis En Las Especies Asociadas A La Dieta Del Tití Cabeciblanco (Saguinus Oedipus). Trabajo De Grado. Universidad Nacional De Colombia. Facultad De Ciencias. Departamento De Biología.</citation>
      <citation>Castro S. 2012 Análisis florístico y fitogeográfico de ambientes asociados al complejo de ciénagas de Zapatosa (Cesar) en el caribe colombiano Trabajo de Grado Mastria. Universidad Nacional de Colombia. Facultad de Ciencias. Departamento de Biología.</citation>
      <citation identifier="http://www.ipni.org/">International Plant Names Index (IPNI). http://www.ipni.org/  Consultado entre diciembre 2011 a enero 2012.</citation>
      <citation identifier="http://www.tropicos.org/Home.aspx">Missouri Botanical Garden (Tropicos). http://www.tropicos.org/Home.aspx  Consultado entre diciembre 2011 a enero 2012.</citation>
      <citation identifier="http://www.theplantlist.org/">The Plant List (2010). Version 1. Published on the Internet; http://www.theplantlist.org/ Consultado entre diciembre 2011 a enero 2012.</citation>
              </bibliography>
              <resourceLogoUrl>https://statics.sibcolombia.net/sib-resources/images/logos-socios/500px/alma.jpg</resourceLogoUrl>
              <collection>
                <parentCollectionIdentifier>FMB</parentCollectionIdentifier>
                <collectionIdentifier>Registro Nacional de Colecciones Biológicas: 4</collectionIdentifier>
                <collectionName>Herbario Federico Meden Bogotá</collectionName>
              </collection>
                <specimenPreservationMethod>DRIED_AND_PRESSED</specimenPreservationMethod>
      </gbif>
    </metadata>
</additionalMetadata>

</eml:eml>
