<?xml version="1.0" encoding="utf-8"?>
<eml:eml xmlns:eml="eml://ecoinformatics.org/eml-2.1.1" xmlns:xsi="http://www.w3.org/2001/XMLSchema-instance"
         xsi:schemaLocation="eml://ecoinformatics.org/eml-2.1.1 http://rs.gbif.org/schema/eml-gbif-profile/1.1/eml.xsd"
        packageId="bf97ab5c-c909-4d0b-ae3c-7d34775770f9"  system="http://gbif.org" scope="system"
  xml:lang="en">

<dataset>
      <alternateIdentifier>10.15468/cfhmbw</alternateIdentifier>
    <title>Wikiplantbase #Italia</title>
    <creator>
<organizationName>Dipartimento di Biologia, Università di Pisa</organizationName>    </creator>
    <metadataProvider>
<organizationName>Gianni Bedini</organizationName>    <address>
<deliveryPoint>Dipartimento di Biologia, via Derna 1, I-56126 Pisa, Italia</deliveryPoint>    </address>
<phone>+390502211314</phone><electronicMailAddress>Gianni.bedini@unipi.it</electronicMailAddress>    </metadataProvider>
      <pubDate>
      2020-01-01
      </pubDate>
    <language>en</language>
    <abstract>
        <para>A project for the whole national territory</para>
    </abstract>
      <intellectualRights>
        <para>To the extent possible under law, the publisher has waived all rights to these data and has dedicated them to the <ulink url="http://creativecommons.org/publicdomain/zero/1.0/legalcode"><citetitle>Public Domain (CC0 1.0)</citetitle></ulink>. Users may copy, modify, distribute and use the work, including for commercial purposes, without restriction.</para>
      </intellectualRights>
      <contact>
    <individualName>
          <surName>Gianni Bedini</surName>
    </individualName>
    <address>
<deliveryPoint>Dipartimento di Biologia, via Derna 1, I-56126 Pisa, Italia</deliveryPoint>    </address>
<phone>+390502211314</phone><electronicMailAddress>Gianni.bedini@unipi.it</electronicMailAddress>      </contact>

</dataset>

<additionalMetadata>
    <metadata>
      <gbif>
        <dateStamp>2021-08-03T09:06:54Z</dateStamp>
      <citation>Dipartimento di Biologia, Università di Pisa (2020). Wikiplantbase #Italia. Occurrence dataset https://doi.org/10.15468/cfhmbw accessed via GBIF.org on 2021-08-03.</citation>
      </gbif>
    </metadata>
</additionalMetadata>

</eml:eml>
