<?xml version="1.0" encoding="utf-8"?>
<eml:eml xmlns:eml="eml://ecoinformatics.org/eml-2.1.1" xmlns:xsi="http://www.w3.org/2001/XMLSchema-instance"
         xsi:schemaLocation="eml://ecoinformatics.org/eml-2.1.1 http://rs.gbif.org/schema/eml-gbif-profile/1.1/eml.xsd"
        packageId="c64ea13f-f1a4-4d83-8409-d7da9b841b40"  system="http://gbif.org" scope="system"
  xml:lang="en">

<dataset>
      <alternateIdentifier>10.15468/qpakqo</alternateIdentifier>
        <alternateIdentifier>9e5ddd9b-5a1e-4739-8998-96e753c729f6</alternateIdentifier>
        <alternateIdentifier>https://doi.org/10.5281/zenodo.3467529</alternateIdentifier>
    <title>Chronicle of Nature - Phenology of Plants of FGBU National Park Kenozersky</title>
    <creator>
    <individualName>
<givenName>Nadezhda</givenName>          <surName>Cherenkova</surName>
    </individualName>
<organizationName>FGBU National Park Kenozersky</organizationName>    <address>
<deliveryPoint>163000, Arkhangelsk, Embankment of the Northern Dvina, 78</deliveryPoint><city>Arkhangelsk</city><country>RUSSIAN_FEDERATION</country>    </address>
<phone>+79268165388</phone><electronicMailAddress>biodiversity@kenozero.ru</electronicMailAddress>    </creator>
    <creator>
    <individualName>
<givenName>Svetlana</givenName>          <surName>Drovnina</surName>
    </individualName>
<organizationName>FGBU National Park Kenozersky</organizationName>    <address>
<deliveryPoint>163000, Arkhangelsk, Embankment of the Northern Dvina, 78</deliveryPoint><city>Arkhangelsk</city><country>RUSSIAN_FEDERATION</country>    </address>
<phone>+79539364366</phone><electronicMailAddress>priroda@kenozero.ru</electronicMailAddress>    </creator>
    <creator>
    <individualName>
<givenName>Gennady</givenName>          <surName>Dvoryankin</surName>
    </individualName>
<organizationName>FGBU National Park Kenozersky</organizationName>    <address>
<country>RUSSIAN_FEDERATION</country>    </address>
<electronicMailAddress>fish@kenozero.ru</electronicMailAddress>    </creator>
    <creator>
    <individualName>
<givenName>Alexandr</givenName>          <surName>Kozykin</surName>
    </individualName>
<organizationName>FGBU National Park Kenozersky</organizationName>    <address>
<country>RUSSIAN_FEDERATION</country>    </address>
<electronicMailAddress>gryllus2004@mail.ru</electronicMailAddress>    </creator>
    <creator>
    <individualName>
<givenName>Alexander</givenName>          <surName>Samoylov</surName>
    </individualName>
<organizationName>FGBU National Park Kenozersky</organizationName>    <address>
<deliveryPoint>163000, Arkhangelsk, Embankment of the Northern Dvina, 78</deliveryPoint><city>Arkhangelsk</city><country>RUSSIAN_FEDERATION</country>    </address>
<phone>+78182639074</phone><electronicMailAddress>samoilov.alexandr2017@yandex.ru</electronicMailAddress>    </creator>
    <creator>
    <individualName>
<givenName>Nadezhda</givenName>          <surName>Samoylova</surName>
    </individualName>
<organizationName>FGBU National Park Kenozersky</organizationName>    <address>
<deliveryPoint>163000, Arkhangelsk, Embankment of the Northern Dvina, 78</deliveryPoint><country>RUSSIAN_FEDERATION</country>    </address>
<phone>+78182639074</phone>    </creator>
    <creator>
    <individualName>
<givenName>Elena</givenName>          <surName>Shatkovskaya</surName>
    </individualName>
<organizationName>FGBU National Park Kenozersky</organizationName>    <address>
<deliveryPoint>163000, Arkhangelsk, Embankment of the Northern Dvina, 78</deliveryPoint><country>RUSSIAN_FEDERATION</country>    </address>
<electronicMailAddress>director@kenozero.ru</electronicMailAddress>    </creator>
    <creator>
    <individualName>
<givenName>Viacheslav</givenName>          <surName>Sobolev</surName>
    </individualName>
<organizationName>FGBU National Park Kenozersky</organizationName>    <address>
<country>RUSSIAN_FEDERATION</country>    </address>
<electronicMailAddress>ohotoved@kenozero.ru</electronicMailAddress>    </creator>
    <language>en</language>
    <abstract>
        <para>Plants Phenology dataset compiled in the context of Chronicle of Nature program in FGBU National Park Kenozersky (Russian Federation) consisting of 348 records collected during 15 years between 1994 and 2015.</para>
    </abstract>
      <intellectualRights>
        <para>This work is licensed under a <ulink url="http://creativecommons.org/licenses/by/4.0/legalcode"><citetitle>Creative Commons Attribution (CC-BY) 4.0 License</citetitle></ulink>.</para>
      </intellectualRights>

</dataset>

<additionalMetadata>
    <metadata>
      <gbif>
        <dateStamp>2021-08-03T09:07:07Z</dateStamp>
      <citation>Cherenkova N, Drovnina S, Dvoryankin G, Kozykin A, Samoylov A, Samoylova N, Shatkovskaya E, Sobolev V. Chronicle of Nature - Phenology of Plants of FGBU National Park Kenozersky. Federal State Budget Institution KENOZERO National Park. Occurrence dataset https://doi.org/10.15468/qpakqo accessed via GBIF.org on 2021-08-03.</citation>
      </gbif>
    </metadata>
</additionalMetadata>

</eml:eml>
