<?xml version="1.0" encoding="utf-8"?>
<eml:eml xmlns:eml="eml://ecoinformatics.org/eml-2.1.1" xmlns:xsi="http://www.w3.org/2001/XMLSchema-instance"
         xsi:schemaLocation="eml://ecoinformatics.org/eml-2.1.1 http://rs.gbif.org/schema/eml-gbif-profile/1.1/eml.xsd"
        packageId="c761f6ee-936f-40df-bc2a-d9084267bb7a"  system="http://gbif.org" scope="system"
  xml:lang="en">

<dataset>
      <alternateIdentifier>10.15468/bytwqk</alternateIdentifier>
        <alternateIdentifier>c761f6ee-936f-40df-bc2a-d9084267bb7a</alternateIdentifier>
        <alternateIdentifier>http://gbif.ru:8080/ipt/resource?r=occurrence_crowns</alternateIdentifier>
    <title>Floristic records in the Moscow and Novgorod regions</title>
    <creator>
    <individualName>
<givenName>Natalya</givenName>          <surName>Ivanova</surName>
    </individualName>
<organizationName>Institute of Mathematical Problems of Biology RAS – the Branch of Keldysh Institute of Applied Mathematics of Russian Academy of Sciences</organizationName><positionName>Researcher</positionName>    <address>
<city>Pushchino</city><administrativeArea>Moscow region</administrativeArea><postalCode>142290</postalCode><country>RUSSIAN_FEDERATION</country>    </address>
<electronicMailAddress>natalya.dryomys@gmail.com</electronicMailAddress>    </creator>
    <creator>
    <individualName>
<givenName>Vladimir</givenName>          <surName>Shanin</surName>
    </individualName>
<organizationName>Institute of Physicochemical and Biological Problems in Soil Science</organizationName><positionName>Senior Researcher</positionName>    <address>
<city>Pushchino</city><administrativeArea>Moscow region</administrativeArea><postalCode>142290</postalCode><country>RUSSIAN_FEDERATION</country>    </address>
<electronicMailAddress>shaninvn@gmail.com</electronicMailAddress>    </creator>
    <creator>
    <individualName>
<givenName>Maxim</givenName>          <surName>Shashkov</surName>
    </individualName>
<organizationName>Institute of Physicochemical and Biological Problems in Soil Science</organizationName><positionName>Researcher</positionName>    <address>
<city>Pushchino</city><administrativeArea>Moscow region</administrativeArea><postalCode>142290</postalCode><country>RUSSIAN_FEDERATION</country>    </address>
<electronicMailAddress>max.carabus@gmail.com</electronicMailAddress>    </creator>
    <metadataProvider>
    <individualName>
<givenName>Natalya</givenName>          <surName>Ivanova</surName>
    </individualName>
<organizationName>Institute of Mathematical Problems of Biology RAS – the Branch of Keldysh Institute of Applied Mathematics of Russian Academy of Sciences</organizationName><positionName>Researcher</positionName>    <address>
<city>Pushchino</city><administrativeArea>Moscow region</administrativeArea><postalCode>142290</postalCode><country>RUSSIAN_FEDERATION</country>    </address>
<electronicMailAddress>natalya.dryomys@gmail.com</electronicMailAddress>    </metadataProvider>
    <metadataProvider>
    <individualName>
<givenName>Vladimir</givenName>          <surName>Shanin</surName>
    </individualName>
<organizationName>Institute of Physicochemical and Biological Problems in Soil Science</organizationName><positionName>Senior Researcher</positionName>    <address>
<city>Pushchino</city><administrativeArea>Moscow region</administrativeArea><postalCode>142290</postalCode><country>RUSSIAN_FEDERATION</country>    </address>
<electronicMailAddress>shaninvn@gmail.com</electronicMailAddress>    </metadataProvider>
    <metadataProvider>
    <individualName>
<givenName>Maxim</givenName>          <surName>Shashkov</surName>
    </individualName>
<organizationName>Institute of Physicochemical and Biological Problems in Soil Science</organizationName><positionName>Researcher</positionName>    <address>
<city>Pushchino</city><administrativeArea>Moscow region</administrativeArea><postalCode>142290</postalCode><country>RUSSIAN_FEDERATION</country>    </address>
<electronicMailAddress>max.carabus@gmail.com</electronicMailAddress>    </metadataProvider>
    <associatedParty>
    <individualName>
<givenName>Maxim</givenName>          <surName>Shashkov</surName>
    </individualName>
<electronicMailAddress>max.carabus@gmail.com</electronicMailAddress>    <role>USER</role>
    </associatedParty>
      <pubDate>
      2017-10-27
      </pubDate>
    <language>RUSSIAN</language>
    <abstract>
        <para>This dataset contains information on the occurrences of vascular plants in the Moscow and Novgorod regions (European part of Russia). The species checklists were obtained as additional information of studying of the stand structure and crown measurements. Sample plots were located in middle-aged and mature spruce, pine and birch stands in mostly mesic habitats. We recorded species checklists on sample plots, and interesting or protected species on routes.</para>
    </abstract>
        <keywordSet>
              <keyword>Occurrence</keyword>
              <keywordThesaurus>GBIF Dataset Type Vocabulary: http://rs.gbif.org/vocabulary/gbif/dataset_type.xml</keywordThesaurus>
        </keywordSet>
        <keywordSet>
              <keyword>Observation</keyword>
              <keywordThesaurus>GBIF Dataset Subtype Vocabulary: http://rs.gbif.org/vocabulary/gbif/dataset_subtype.xml</keywordThesaurus>
        </keywordSet>
      <intellectualRights>
        <para>This work is licensed under a <ulink url="http://creativecommons.org/licenses/by/4.0/legalcode"><citetitle>Creative Commons Attribution (CC-BY) 4.0 License</citetitle></ulink>.</para>
      </intellectualRights>
      <maintenance>
          <description>
              <para></para>
          </description>
          <maintenanceUpdateFrequency>notPlanned</maintenanceUpdateFrequency>
      </maintenance>
      <contact>
    <individualName>
<givenName>Vladimir</givenName>          <surName>Shanin</surName>
    </individualName>
<organizationName>Institute of Physicochemical and Biological Problems in Soil Science</organizationName><positionName>Senior Researcher</positionName>    <address>
<city>Pushchino</city><administrativeArea>Moscow region</administrativeArea><postalCode>142290</postalCode><country>RUSSIAN_FEDERATION</country>    </address>
<electronicMailAddress>shaninvn@gmail.com</electronicMailAddress>      </contact>

      <project id="15-04-05400">
          <title>Models of competitive interactions between individual trees in mixed boreal forests: analysis and synthesis</title>
          <personnel>
    <individualName>
<givenName>Vladimir</givenName>          <surName>Shanin</surName>
    </individualName>
    <role>AUTHOR</role>
          </personnel>
          <abstract>
              <para></para>
          </abstract>
          <funding>
              <para>Russian fund for basic researches</para>
          </funding>
      </project>
</dataset>

<additionalMetadata>
    <metadata>
      <gbif>
        <dateStamp>2021-08-03T09:06:37Z</dateStamp>
      <citation>Ivanova N, Shanin V, Shashkov M (2017). Floristic records in the Moscow and Novgorod regions. Version 1.3. Institute of physicochemical and biological problems in soil science of the Russian Academy of Sciences. Occurrence dataset https://doi.org/10.15468/bytwqk accessed via GBIF.org on 2021-08-03.</citation>
              <bibliography>
      <citation>Shanin V.N., Shashkov M.P., Ivanova N.V., Grabarnik P.Ya. The effect of aboveground competition on spatial structure and crown shape of the dominating canopy species of forest stands of European Russia // RJEE. 2016. Vol. 1 (4). doi: 10.21685/2500-0578-2016-4-5</citation>
              </bibliography>
      </gbif>
    </metadata>
</additionalMetadata>

</eml:eml>
