<?xml version="1.0" encoding="utf-8"?>
<eml:eml xmlns:eml="eml://ecoinformatics.org/eml-2.1.1" xmlns:xsi="http://www.w3.org/2001/XMLSchema-instance"
         xsi:schemaLocation="eml://ecoinformatics.org/eml-2.1.1 http://rs.gbif.org/schema/eml-gbif-profile/1.1/eml.xsd"
        packageId="d3484430-8876-11dd-986c-b8a03c50a862"  system="http://gbif.org" scope="system"
  xml:lang="en">

<dataset>
      <alternateIdentifier>10.15468/yxy15v</alternateIdentifier>
        <alternateIdentifier>7910</alternateIdentifier>
    <title>New Zealand Biodiversity Recording Network</title>
    <associatedParty>
    <individualName>
          <surName>Colin Meurk</surName>
    </individualName>
<positionName>[system administrator]</positionName><electronicMailAddress>meurkc@landcareresearch.co.nz</electronicMailAddress>    </associatedParty>
    <associatedParty>
    <individualName>
          <surName>Adam Thomas</surName>
    </individualName>
<positionName>[system administrator]</positionName><electronicMailAddress>Thomasa@landcareresearch.co.nz</electronicMailAddress>    </associatedParty>
    <associatedParty>
    <individualName>
          <surName>Mark Fuglestad</surName>
    </individualName>
<positionName>[data administrator, system administrator]</positionName><electronicMailAddress>fuglestadm@landcareresearch.co.nz</electronicMailAddress>    </associatedParty>
    <language>en</language>
    <abstract>
        <para>A system by which the general public can enter their biodiversity observations, as well as view reports on existing observations. The portals are Birds, Plants, Fungi, Mammals, Frogs and Reptiles, and Invertebrates.</para>
    </abstract>
      <intellectualRights>
        <para>This work is licensed under a <ulink url="http://creativecommons.org/licenses/by/4.0/legalcode"><citetitle>Creative Commons Attribution (CC-BY) 4.0 License</citetitle></ulink>.</para>
      </intellectualRights>
      <distribution scope="document">
          <online>
              <url function="information">http://www.gbif.org.nz/tapirlink/tapir.php/NZBRN</url>
          </online>
      </distribution>

</dataset>

<additionalMetadata>
    <metadata>
      <gbif>
        <dateStamp>2021-08-03T09:06:49Z</dateStamp>
      <citation>GBIF New Zealand. New Zealand Biodiversity Recording Network. Occurrence dataset https://doi.org/10.15468/yxy15v accessed via GBIF.org on 2021-08-03.</citation>
      </gbif>
    </metadata>
</additionalMetadata>

</eml:eml>
