<?xml version="1.0" encoding="utf-8"?>
<eml:eml xmlns:eml="eml://ecoinformatics.org/eml-2.1.1" xmlns:xsi="http://www.w3.org/2001/XMLSchema-instance"
         xsi:schemaLocation="eml://ecoinformatics.org/eml-2.1.1 http://rs.gbif.org/schema/eml-gbif-profile/1.1/eml.xsd"
        packageId="d7c78847-d662-44c4-a550-5a812dbcc71b"  system="http://gbif.org" scope="system"
  xml:lang="en">

<dataset>
      <alternateIdentifier>10.15468/cerrll</alternateIdentifier>
        <alternateIdentifier>https://ipt.gbif.es/resource?r=pamp-vasculares</alternateIdentifier>
        <alternateIdentifier>d7c78847-d662-44c4-a550-5a812dbcc71b</alternateIdentifier>
        <alternateIdentifier>18bc7ff0-27c3-49d1-b153-64cfba97dc2b</alternateIdentifier>
        <alternateIdentifier>14699</alternateIdentifier>
    <title>Universidad de Navarra, Herbarium: PAMP-Vascular Plants</title>
    <creator>
    <individualName>
<givenName>Ricardo</givenName>          <surName>Ibáñez Gastón</surName>
    </individualName>
<organizationName>Universidad de Navarra</organizationName>    <address>
<deliveryPoint>Calle Irunlarrea, s/n</deliveryPoint><city>Pamplona</city><administrativeArea>Navarra</administrativeArea><postalCode>31080</postalCode><country>SPAIN</country>    </address>
<phone>(+34) 94 842 56 00 x 806532</phone><electronicMailAddress>ribanez@unav.es</electronicMailAddress>    </creator>
    <metadataProvider>
    <individualName>
<givenName>Ricardo</givenName>          <surName>Ibáñez Gastón</surName>
    </individualName>
<organizationName>Universidad de Navarra</organizationName>    <address>
<deliveryPoint>Calle Irunlarrea, s/n</deliveryPoint><city>Pamplona</city><administrativeArea>Navarra</administrativeArea><postalCode>31080</postalCode><country>SPAIN</country>    </address>
<phone>(+34) 94 842 56 00 x 806532</phone><electronicMailAddress>ribanez@unav.es</electronicMailAddress>    </metadataProvider>
    <associatedParty>
    <individualName>
<givenName>Katia</givenName>          <surName>Cezón</surName>
    </individualName>
<electronicMailAddress>katia@gbif.es</electronicMailAddress>    <role>USER</role>
    </associatedParty>
      <pubDate>
      2018-11-30
      </pubDate>
    <language>SPANISH</language>
    <abstract>
        <para>Vascular plants research collections of the Department of Plant Biology-Botany. Around 17% of the herbarium specimens are available online. From those specimens, 98% were collected in Spain after 1948, mostly in the region of Navarra (77%). Most specimens come from floristic surveys as part of several theses (PhD): López ML (1970), Báscones JC (1978), Ursúa C (1986), Ibáñez R (1998), Madotz N (2004), Akerreta S (2009). Digitisation of these collections was supported by the Spanish Government (CGL2007-30978-E and CGL2009-08507-E).</para>
    </abstract>
        <keywordSet>
              <keyword>Occurrence</keyword>
              <keywordThesaurus>GBIF Dataset Type Vocabulary: http://rs.gbif.org/vocabulary/gbif/dataset_type.xml</keywordThesaurus>
        </keywordSet>
      <intellectualRights>
        <para>This work is licensed under a <ulink url="http://creativecommons.org/licenses/by/4.0/legalcode"><citetitle>Creative Commons Attribution (CC-BY) 4.0 License</citetitle></ulink>.</para>
      </intellectualRights>
      <maintenance>
          <description>
              <para></para>
          </description>
          <maintenanceUpdateFrequency>daily</maintenanceUpdateFrequency>
      </maintenance>
      <contact>
    <individualName>
<givenName>Ricardo</givenName>          <surName>Ibáñez Gastón</surName>
    </individualName>
<organizationName>Universidad de Navarra</organizationName>    <address>
<deliveryPoint>Calle Irunlarrea, s/n</deliveryPoint><city>Pamplona</city><administrativeArea>Navarra</administrativeArea><postalCode>31080</postalCode><country>SPAIN</country>    </address>
<phone>(+34) 94 842 56 00 x 806532</phone><electronicMailAddress>ribanez@unav.es</electronicMailAddress>      </contact>
      <contact>
    <individualName>
<givenName>María</givenName>          <surName>María Imas Lecumberri</surName>
    </individualName>
<organizationName>Universidad de Navarra</organizationName>    <address>
<deliveryPoint>Calle Irunlarrea, s/n</deliveryPoint><city>Pamplona</city><administrativeArea>Navarra</administrativeArea><postalCode>31080</postalCode><country>SPAIN</country>    </address>
<phone>(+34) 94 842 56 00 x 806280</phone><electronicMailAddress>mimas@unav.es</electronicMailAddress>      </contact>

</dataset>

<additionalMetadata>
    <metadata>
      <gbif>
        <dateStamp>2021-08-03T09:07:02Z</dateStamp>
      <citation>Ibáñez Gastón R (2018). Universidad de Navarra, Herbarium: PAMP-Vascular Plants. University of Navarra – Department of Environmental Biology. Occurrence dataset https://doi.org/10.15468/cerrll accessed via GBIF.org on 2021-08-03.</citation>
      </gbif>
    </metadata>
</additionalMetadata>

</eml:eml>
