<?xml version="1.0" encoding="utf-8"?>
<eml:eml xmlns:eml="eml://ecoinformatics.org/eml-2.1.1" xmlns:xsi="http://www.w3.org/2001/XMLSchema-instance"
         xsi:schemaLocation="eml://ecoinformatics.org/eml-2.1.1 http://rs.gbif.org/schema/eml-gbif-profile/1.1/eml.xsd"
        packageId="dd3901f2-80c7-4037-b720-5bff4d615ec5"  system="http://gbif.org" scope="system"
  xml:lang="fr">

<dataset>
      <alternateIdentifier>10.15468/wbmr7c</alternateIdentifier>
        <alternateIdentifier>http://ipt-burkinafaso.gbif.fr/resource?r=herbier_cnrst_inera</alternateIdentifier>
        <alternateIdentifier>http://lis-02.snv.jussieu.fr/ipt_burkina/resource.do?r=herbier_cnrst_inera</alternateIdentifier>
        <alternateIdentifier>dd3901f2-80c7-4037-b720-5bff4d615ec5</alternateIdentifier>
    <title>Herbier CNRST/INERA</title>
    <creator>
    <individualName>
<givenName>Louis Blanc</givenName>          <surName>Traore</surName>
    </individualName>
<organizationName>Division du Développement des Compétences, de l&apos;Information et du Monitoring de l’Environnement</organizationName><positionName>Directeur</positionName>    <address>
<city>Ouagadougou</city><country>BURKINA_FASO</country>    </address>
<phone>+ 226 5033 3700</phone><electronicMailAddress>lbtraore@yahoo.fr</electronicMailAddress>    </creator>
    <metadataProvider>
    <individualName>
<givenName>Sophie</givenName>          <surName>Pamerlon</surName>
    </individualName>
<organizationName>GBIF France</organizationName><positionName>Biodiversity Data Engineer</positionName>    <address>
<deliveryPoint>MNHN Géologie CP48, 43 rue Buffon</deliveryPoint><city>Paris</city><postalCode>75005</postalCode><country>FRANCE</country>    </address>
<phone>01 40 79 80 65</phone><electronicMailAddress>pamerlon@gbif.fr</electronicMailAddress><onlineUrl>http://gbif.fr</onlineUrl>    </metadataProvider>
    <associatedParty>
    <individualName>
<givenName>Sophie</givenName>          <surName>Pamerlon</surName>
    </individualName>
<organizationName>GBIF France</organizationName><positionName>Biodiversity Data Engineer</positionName>    <address>
<deliveryPoint>MNHN Géologie CP48, 43 rue Buffon</deliveryPoint><city>Paris</city><postalCode>75005</postalCode><country>FRANCE</country>    </address>
<phone>01 40 79 80 65</phone><electronicMailAddress>pamerlon@gbif.fr</electronicMailAddress><onlineUrl>http://gbif.fr</onlineUrl>    <role>USER</role>
    </associatedParty>
      <pubDate>
      2016-06-28
      </pubDate>
    <language>FRENCH</language>
    <abstract>
        <para>Herbier du Centre National de la Recherche Scientifique et Technologique / Institut de l&amp;#39;environnement et de recherches agricoles du Burkina Faso.</para>
    </abstract>
        <keywordSet>
              <keyword>Occurrence</keyword>
              <keywordThesaurus>GBIF Dataset Type Vocabulary: http://rs.gbif.org/vocabulary/gbif/dataset_type.xml</keywordThesaurus>
        </keywordSet>
      <intellectualRights>
        <para>This work is licensed under a <ulink url="http://creativecommons.org/licenses/by/4.0/legalcode"><citetitle>Creative Commons Attribution (CC-BY) 4.0 License</citetitle></ulink>.</para>
      </intellectualRights>
      <contact>
    <individualName>
<givenName>Louis Blanc</givenName>          <surName>Traore</surName>
    </individualName>
<organizationName>Division du Développement des Compétences, de l&apos;Information et du Monitoring de l’Environnement</organizationName><positionName>Directeur</positionName>    <address>
<city>Ouagadougou</city><country>BURKINA_FASO</country>    </address>
<phone>+ 226 5033 3700</phone><electronicMailAddress>lbtraore@yahoo.fr</electronicMailAddress>      </contact>

</dataset>

<additionalMetadata>
    <metadata>
      <gbif>
        <dateStamp>2021-08-03T09:07:05Z</dateStamp>
      <citation>Traore L B, Pamerlon S (2016). Herbier CNRST/INERA. Version 3.1. CNRST/INERA. Occurrence dataset https://doi.org/10.15468/wbmr7c accessed via GBIF.org on 2021-08-03.</citation>
      </gbif>
    </metadata>
</additionalMetadata>

</eml:eml>
