<?xml version="1.0" encoding="utf-8"?>
<eml:eml xmlns:eml="eml://ecoinformatics.org/eml-2.1.1" xmlns:xsi="http://www.w3.org/2001/XMLSchema-instance"
         xsi:schemaLocation="eml://ecoinformatics.org/eml-2.1.1 http://rs.gbif.org/schema/eml-gbif-profile/1.1/eml.xsd"
        packageId="dd6ef36f-3345-4c9e-9188-161de0668127"  system="http://gbif.org" scope="system"
  xml:lang="en">

<dataset>
      <alternateIdentifier>10.15468/sgxokl</alternateIdentifier>
        <alternateIdentifier>dd6ef36f-3345-4c9e-9188-161de0668127</alternateIdentifier>
        <alternateIdentifier>http://ipt-gabon.gbif.fr/resource?r=herbier_national_gabon</alternateIdentifier>
    <title>Herbier National du Gabon</title>
    <creator>
    <individualName>
<givenName>Pulchérie</givenName>          <surName>Bissiengou</surName>
    </individualName>
<organizationName>Herbier National du Gabon</organizationName><positionName>Herbarium staff</positionName>    <address>
<deliveryPoint>B.P. 1165</deliveryPoint><city>Libreville</city><administrativeArea>Estuaire</administrativeArea><country>GABON</country>    </address>
<phone>+24106042163</phone><electronicMailAddress>bissiengou_p@yahoo.fr</electronicMailAddress><onlineUrl>http://vmtropicar-proto-ird.fr/gabon</onlineUrl>      <userId directory="http://orcid.org/">http://vmtropicar-proto-ird.fr/gabon</userId>
    </creator>
    <creator>
    <individualName>
<givenName>Jan</givenName>          <surName>Wieringa</surName>
    </individualName>
<organizationName>Naturalis</organizationName><positionName>Database manager</positionName>    <address>
<deliveryPoint>PO Box 9517</deliveryPoint><city>Leiden</city><postalCode>NL-2300 RA</postalCode><country>NETHERLANDS</country>    </address>
<phone>0717519600</phone><electronicMailAddress>jan.wieringa@naturalis.nl</electronicMailAddress><onlineUrl>http://www.naturalis.nl</onlineUrl>      <userId directory="http://orcid.org/">0000-0003-0566-372X</userId>
    </creator>
    <creator>
    <individualName>
<givenName>Jeroen</givenName>          <surName>Creuwels</surName>
    </individualName>
<organizationName>Naturalis</organizationName><positionName>Data manager</positionName>    <address>
<deliveryPoint>PO Box 9517</deliveryPoint><city>Leiden</city><postalCode>NL-2300 RA</postalCode><country>NETHERLANDS</country>    </address>
<phone>0717519600</phone><electronicMailAddress>jeroen.creuwels@naturalis.nl</electronicMailAddress><onlineUrl>http://www.naturalis.nl</onlineUrl>      <userId directory="http://orcid.org/">0000-0001-6131-7026</userId>
    </creator>
    <metadataProvider>
    <individualName>
<givenName>Pulchérie</givenName>          <surName>Bissiengou</surName>
    </individualName>
<organizationName>Herbier National du Gabon</organizationName><positionName>Herbarium staff</positionName>    <address>
<deliveryPoint>B.P. 1156</deliveryPoint><city>Libreville</city><administrativeArea>Estuaire</administrativeArea><country>GABON</country>    </address>
<phone>+21406042163</phone><electronicMailAddress>bissiengou_p@yahoo.fr</electronicMailAddress><onlineUrl>http://vmtropicar-proto-ird.fr/gabon</onlineUrl>      <userId directory="https://orcid.org/">0000-0002-3779-7362</userId>
    </metadataProvider>
    <metadataProvider>
    <individualName>
<givenName>Nestor Laurier</givenName>          <surName>Engone Obiang</surName>
    </individualName>
<organizationName>Herbier National du Gabon</organizationName><positionName>Herbarium Curator</positionName>    <address>
<deliveryPoint>B.P. 1156</deliveryPoint><city>Libreville</city><administrativeArea>Estuaire</administrativeArea><country>GABON</country>    </address>
<phone>+24102461946</phone><electronicMailAddress>engoneobiangnestro@gmail.com</electronicMailAddress><onlineUrl>http://vmtropicar-proto-ird.fr/gabon</onlineUrl>    </metadataProvider>
    <associatedParty>
    <individualName>
<givenName>Jeroen</givenName>          <surName>Creuwels</surName>
    </individualName>
<electronicMailAddress>jeroen.creuwels@naturalis.nl</electronicMailAddress>    <role>USER</role>
    </associatedParty>
      <pubDate>
      2019-06-12
      </pubDate>
    <language>en</language>
    <abstract>
        <para>The Herbier National du Gabon dataset contains botanical specimens from Gabon</para>
    </abstract>
        <keywordSet>
              <keyword>Occurrence</keyword>
              <keywordThesaurus>GBIF Dataset Type Vocabulary: http://rs.gbif.org/vocabulary/gbif/dataset_type.xml</keywordThesaurus>
        </keywordSet>
        <keywordSet>
              <keyword>Specimen</keyword>
              <keywordThesaurus>GBIF Dataset Subtype Vocabulary: http://rs.gbif.org/vocabulary/gbif/dataset_subtype.xml</keywordThesaurus>
        </keywordSet>
      <intellectualRights>
        <para>To the extent possible under law, the publisher has waived all rights to these data and has dedicated them to the <ulink url="http://creativecommons.org/publicdomain/zero/1.0/legalcode"><citetitle>Public Domain (CC0 1.0)</citetitle></ulink>. Users may copy, modify, distribute and use the work, including for commercial purposes, without restriction.</para>
      </intellectualRights>
      <maintenance>
          <description>
              <para></para>
          </description>
          <maintenanceUpdateFrequency>unkown</maintenanceUpdateFrequency>
      </maintenance>
      <contact>
    <individualName>
<givenName>Pulchérie</givenName>          <surName>Bissiengou</surName>
    </individualName>
<organizationName>Herbier National du Gabon</organizationName><positionName>Herbarium Staff</positionName>    <address>
<deliveryPoint>B.P. 1156</deliveryPoint><city>Libreville</city><administrativeArea>Estuaire</administrativeArea><country>GABON</country>    </address>
<phone>+24106042163</phone><electronicMailAddress>bissiengou_p@yahoo.fr</electronicMailAddress><onlineUrl>http://vmtropicar-proto-ird.fr/gabon</onlineUrl>      <userId directory="https://orcid.org/">0000-0002-3779-7362</userId>
      </contact>
      <contact>
    <individualName>
<givenName>Nestor Laurier</givenName>          <surName>Engone Obiang</surName>
    </individualName>
<organizationName>Herbier National du Gabon</organizationName><positionName>Herbarium curator</positionName>    <address>
<deliveryPoint>B.P. 1165</deliveryPoint><city>Libreville</city><administrativeArea>Estuaire</administrativeArea><country>GABON</country>    </address>
<phone>+24102461946</phone><electronicMailAddress>engoneobiangnestor@gmail.com</electronicMailAddress><onlineUrl>http://vmtropicar-proto-ird.fr/gabon</onlineUrl>      </contact>
      <methods>
            <methodStep>
                <description>
                    <para></para>
                </description>
            </methodStep>
      </methods>

      <project id="BID-AF2015-0038-NAC">
          <title>Support for data collection of plant biodiversity in Gabon</title>
          <personnel>
    <individualName>
<givenName>Pulchérie</givenName>          <surName>Bissiengou</surName>
    </individualName>
      <userId directory="http://orcid.org/">0000-0002-3779-7362</userId>
    <role>ORIGINATOR</role>
          </personnel>
          <personnel>
    <individualName>
<givenName>Nestor Laurier</givenName>          <surName>Engone Obiang</surName>
    </individualName>
    <role>CURATOR</role>
          </personnel>
          <abstract>
              <para></para>
          </abstract>
          <funding>
              <para></para>
          </funding>
      </project>
</dataset>

<additionalMetadata>
    <metadata>
      <gbif>
        <dateStamp>2021-08-03T09:07:09Z</dateStamp>
      <citation>Bissiengou P, Wieringa J, Creuwels J, Engone Obiang N L (2019). Herbier National du Gabon. Version 1.4. Herbier National du Gabon. Occurrence dataset https://doi.org/10.15468/sgxokl accessed via GBIF.org on 2021-08-03.</citation>
              <resourceLogoUrl>http://ipt-gabon.gbif.fr/logo.do?r=herbier_national_gabon</resourceLogoUrl>
      </gbif>
    </metadata>
</additionalMetadata>

</eml:eml>
