<?xml version="1.0" encoding="utf-8"?>
<eml:eml xmlns:eml="eml://ecoinformatics.org/eml-2.1.1" xmlns:xsi="http://www.w3.org/2001/XMLSchema-instance"
         xsi:schemaLocation="eml://ecoinformatics.org/eml-2.1.1 http://rs.gbif.org/schema/eml-gbif-profile/1.1/eml.xsd"
        packageId="e0aff3c8-3e32-412b-888c-fde75c2e8750"  system="http://gbif.org" scope="system"
  xml:lang="en">

<dataset>
      <alternateIdentifier>10.13148/bf76</alternateIdentifier>
        <alternateIdentifier>http://data.freshwaterbiodiversity.eu/ipt/resource?r=bf76</alternateIdentifier>
        <alternateIdentifier>10.15468/bptizp</alternateIdentifier>
        <alternateIdentifier>http://data.freshwaterbiodiversity.eu/ipt/resource.do?r=bf76</alternateIdentifier>
        <alternateIdentifier>e0aff3c8-3e32-412b-888c-fde75c2e8750</alternateIdentifier>
    <title>BioFresh Pond Data</title>
    <creator>
    <individualName>
<givenName>Sebastian</givenName>          <surName>Birk</surName>
    </individualName>
<organizationName>University of Duisburg-Essen, Aquatic Ecology</organizationName>    <address>
<deliveryPoint>Universitätsstraße 5</deliveryPoint><city>Essen</city><postalCode>45141</postalCode><country>GERMANY</country>    </address>
<phone>+49 174 7404275</phone><electronicMailAddress>sebastian.birk@uni-due.de</electronicMailAddress><onlineUrl>https://www.uni-due.de/aquatic_ecology/</onlineUrl>    </creator>
    <metadataProvider>
    <individualName>
<givenName>Sebastian</givenName>          <surName>Birk</surName>
    </individualName>
<organizationName>University of Duisburg-Essen, Aquatic Ecology</organizationName>    <address>
<deliveryPoint>Universitätsstraße 5</deliveryPoint><city>Essen</city><country>GERMANY</country>    </address>
<phone>+49 174 7404275</phone><electronicMailAddress>sebastian.birk@uni-due.de</electronicMailAddress><onlineUrl>https://www.uni-due.de/aquatic_ecology/</onlineUrl>    </metadataProvider>
    <associatedParty>
    <individualName>
<givenName>Sebastian</givenName>          <surName>Birk</surName>
    </individualName>
<phone>+49 174 7404275</phone><electronicMailAddress>sebastian.birk@uni-due.de</electronicMailAddress>    <role>PROGRAMMER</role>
    </associatedParty>
    <associatedParty>
    <individualName>
<givenName>Sebastian</givenName>          <surName>Birk</surName>
    </individualName>
<organizationName>University of Duisburg-Essen, Aquatic Ecology</organizationName><phone>+49 174 7404275</phone><electronicMailAddress>sebastian.birk@uni-due.de</electronicMailAddress>    <role>PRINCIPAL_INVESTIGATOR</role>
    </associatedParty>
    <associatedParty>
    <individualName>
          <surName>Birk, Sebastian</surName>
    </individualName>
    <role>AUTHOR</role>
    </associatedParty>
    <associatedParty>
    <individualName>
          <surName>Regis Cereghino</surName>
    </individualName>
<organizationName>European Pond Conservation Network</organizationName><electronicMailAddress>cereghin@cict.fr</electronicMailAddress>    <role>CONTENT_PROVIDER</role>
    </associatedParty>
    <associatedParty>
    <individualName>
          <surName>Carl Sayer</surName>
    </individualName>
<organizationName>University College London</organizationName><electronicMailAddress>c.sayer@ucl.ac.uk</electronicMailAddress>    <role>CONTENT_PROVIDER</role>
    </associatedParty>
    <associatedParty>
    <individualName>
          <surName>Valentina Della Bella</surName>
    </individualName>
<organizationName>unknown</organizationName><electronicMailAddress>valentina.dellabella@gmail.com</electronicMailAddress>    <role>CONTENT_PROVIDER</role>
    </associatedParty>
    <associatedParty>
    <individualName>
          <surName>Jens Arle</surName>
    </individualName>
<organizationName>private</organizationName><electronicMailAddress>jkmarle@gmx.de</electronicMailAddress>    <role>CONTENT_PROVIDER</role>
    </associatedParty>
    <associatedParty>
    <individualName>
          <surName>Jürgen Böhmer</surName>
    </individualName>
<organizationName>Bioforum GmbH</organizationName><electronicMailAddress>Juergen.Boehmer@uni-hohenheim.de</electronicMailAddress>    <role>CONTENT_PROVIDER</role>
    </associatedParty>
    <associatedParty>
    <individualName>
<givenName>Sandrine</givenName>          <surName>Angelibert</surName>
    </individualName>
<positionName>Hydrobiologist - Odonatologist</positionName>    <address>
<deliveryPoint>433 route de Valère</deliveryPoint><city>Allinges</city><postalCode>74200</postalCode><country>FRANCE</country>    </address>
    <role>CONTENT_PROVIDER</role>
    </associatedParty>
    <associatedParty>
    <individualName>
<givenName>Dominique</givenName>          <surName>Auderset Joye</surName>
    </individualName>
<organizationName>University of Geneva, Section of Earth and Environmental Sciences - F.-A. Forel Institute, Aquatic Ecology Group</organizationName>    <address>
<deliveryPoint>Site de Battelle - Bâtiment D - bureau 325, 7, route de Drize</deliveryPoint><city>Carouge /GENEVA</city><postalCode>1227</postalCode><country>SWITZERLAND</country>    </address>
    <role>CONTENT_PROVIDER</role>
    </associatedParty>
      <pubDate>
      2017-09-08
      </pubDate>
    <language>ENGLISH</language>
    <abstract>
        <para>The BioFresh Pond Database contains sampling records of different biological groups (mainly amphibia, invertebrates, macrophytes) at 460 European ponds. The data were collated from scientific literature and unpublished sources.</para>
        <para>See http://www.freshwaterbiodiversity.eu/metadb/bf_mdb_view.php?entryID&amp;#61;BF76 for additional metadata.</para>
    </abstract>
        <keywordSet>
              <keyword>generalfreshwater</keyword>
              <keywordThesaurus>N/A</keywordThesaurus>
        </keywordSet>
        <keywordSet>
              <keyword>Agriculture</keyword>
              <keyword>Terrestrial Hydrosphere</keyword>
              <keywordThesaurus>http://gcmd.nasa.gov/User/difguide/</keywordThesaurus>
        </keywordSet>
        <keywordSet>
              <keyword>Inland Waters</keyword>
              <keyword>Environment</keyword>
              <keyword>Farming</keyword>
              <keywordThesaurus>http://gcmd.nasa.gov/User/difguide/iso_topics.html</keywordThesaurus>
        </keywordSet>
        <keywordSet>
              <keyword>Occurrence</keyword>
              <keywordThesaurus>GBIF Dataset Type Vocabulary: http://rs.gbif.org/vocabulary/gbif/dataset_type.xml</keywordThesaurus>
        </keywordSet>
      <additionalInfo>
          <para>In addition to respecting the community norms outlined at http://www.canadensys.net/norms
please note that data owners have indicated that they must be informed of publication 45 days in advance and can object the use of the dataset within 30 days.</para>
      </additionalInfo>
      <intellectualRights>
        <para>To the extent possible under law, the publisher has waived all rights to these data and has dedicated them to the <ulink url="http://creativecommons.org/publicdomain/zero/1.0/legalcode"><citetitle>Public Domain (CC0 1.0)</citetitle></ulink>. Users may copy, modify, distribute and use the work, including for commercial purposes, without restriction.</para>
      </intellectualRights>
      <coverage>
            <geographicCoverage>
                  <geographicDescription>Continent: Europe</geographicDescription>
                  <boundingCoordinates>
                      <westBoundingCoordinate>-9.1</westBoundingCoordinate>
                      <eastBoundingCoordinate>36.5</eastBoundingCoordinate>
                      <northBoundingCoordinate>70</northBoundingCoordinate>
                      <southBoundingCoordinate>36.9</southBoundingCoordinate>
                  </boundingCoordinates>
            </geographicCoverage>
              <taxonomicCoverage>
                    <taxonomicClassification>
                          <taxonRankName>Species</taxonRankName>
                        <taxonRankValue>Amphibians</taxonRankValue>
                    </taxonomicClassification>
                    <taxonomicClassification>
                          <taxonRankName>Species</taxonRankName>
                        <taxonRankValue>Mollusca</taxonRankValue>
                    </taxonomicClassification>
                    <taxonomicClassification>
                          <taxonRankName>Species</taxonRankName>
                        <taxonRankValue>Crabs</taxonRankValue>
                    </taxonomicClassification>
                    <taxonomicClassification>
                          <taxonRankName>Species</taxonRankName>
                        <taxonRankValue>Ephemeroptera</taxonRankValue>
                    </taxonomicClassification>
                    <taxonomicClassification>
                          <taxonRankName>Species</taxonRankName>
                        <taxonRankValue>Odonata</taxonRankValue>
                    </taxonomicClassification>
                    <taxonomicClassification>
                          <taxonRankName>Species</taxonRankName>
                        <taxonRankValue>Trichoptera</taxonRankValue>
                    </taxonomicClassification>
                    <taxonomicClassification>
                          <taxonRankName>Species</taxonRankName>
                        <taxonRankValue>Zooplankton</taxonRankValue>
                    </taxonomicClassification>
                    <taxonomicClassification>
                          <taxonRankName>Species</taxonRankName>
                        <taxonRankValue>Macrophytes</taxonRankValue>
                    </taxonomicClassification>
              </taxonomicCoverage>
      </coverage>
      <maintenance>
          <description>
              <para></para>
          </description>
          <maintenanceUpdateFrequency>notPlanned</maintenanceUpdateFrequency>
      </maintenance>
      <contact>
    <individualName>
<givenName>Sebastian</givenName>          <surName>Birk</surName>
    </individualName>
<organizationName>University of Duisburg-Essen, Aquatic Ecology</organizationName>    <address>
<deliveryPoint>Universitätsstraße 5</deliveryPoint><city>Essen</city><postalCode>45141</postalCode><country>GERMANY</country>    </address>
<phone>+49 174 7404275</phone><electronicMailAddress>sebastian.birk@uni-due.de</electronicMailAddress><onlineUrl>https://www.uni-due.de/aquatic_ecology/</onlineUrl>      </contact>
      <methods>
            <methodStep>
                <description>
                    <para>commonly used series of methods steps regarding amphibians (e.g. sampling, identification, data management)</para>
                </description>
            </methodStep>
            <methodStep>
                <description>
                    <para>commonly used series of methods steps regarding macro invertebrates (e.g. sampling, identification, data management)</para>
                </description>
            </methodStep>
            <methodStep>
                <description>
                    <para>commonly used series of methods steps regarding zooplankton (e.g. sampling, identification, data management)</para>
                </description>
            </methodStep>
            <methodStep>
                <description>
                    <para>commonly used series of methods steps regarding macrophytes (e.g. sampling, identification, data management)</para>
                </description>
            </methodStep>
      </methods>

</dataset>

<additionalMetadata>
    <metadata>
      <gbif>
        <dateStamp>2021-08-03T09:06:58Z</dateStamp>
      <citation identifier="doi:10.13148/bf76">Birk S (2017). BioFresh Pond Data. Version 2.2. BioFresh. Occurrence dataset https://doi.org/10.13148/bf76 accessed via GBIF.org on 2021-08-03.</citation>
      </gbif>
    </metadata>
</additionalMetadata>

</eml:eml>
