<?xml version="1.0" encoding="utf-8"?>
<eml:eml xmlns:eml="eml://ecoinformatics.org/eml-2.1.1" xmlns:xsi="http://www.w3.org/2001/XMLSchema-instance"
         xsi:schemaLocation="eml://ecoinformatics.org/eml-2.1.1 http://rs.gbif.org/schema/eml-gbif-profile/1.1/eml.xsd"
        packageId="e257fa65-598c-4f11-b03e-dfeba1191db8"  system="http://gbif.org" scope="system"
  xml:lang="en">

<dataset>
      <alternateIdentifier>10.15468/kasze8</alternateIdentifier>
        <alternateIdentifier>e257fa65-598c-4f11-b03e-dfeba1191db8</alternateIdentifier>
        <alternateIdentifier>http://ipt.jbrj.gov.br/reflora/resource?r=vies_herbarium</alternateIdentifier>
    <title>VIES herbarium - Universidade Federal do Espírito Santo - Herbário Virtual REFLORA</title>
    <creator>
    <individualName>
<givenName>Luciana Dias</givenName>          <surName>Thomaz</surName>
    </individualName>
<organizationName>Espírito Santo Federal University</organizationName><positionName>Curator</positionName>    <address>
<deliveryPoint>Av. Fernando Ferrari, nº 514 - Goiabeiras, Nº514</deliveryPoint><city>Vitória</city><administrativeArea>Espírito Santo</administrativeArea><postalCode>29075-910</postalCode><country>BRAZIL</country>    </address>
<phone>+55(27)-3335-7609</phone><electronicMailAddress>ldthomaz@gmail.com</electronicMailAddress><onlineUrl>http://www.botanica.org.br/buscar_herbario_pub.php?opcoes=sigla&amp;busca=vies&amp;result_por_pagi=5&amp;Buscar.x=0&amp;Buscar.y=0&amp;Buscar=Buscar</onlineUrl>    </creator>
    <creator>
    <individualName>
<givenName>Rafaela</givenName>          <surName>Forzza</surName>
    </individualName>
<organizationName>Rio de Janeiro Botanic Garden</organizationName><positionName>REFLORA - coordinator</positionName>    <address>
<deliveryPoint>Rua Pacheco Leão 915</deliveryPoint><city>Rio de Janeiro</city><administrativeArea>RJ</administrativeArea><postalCode>22460-030</postalCode><country>BRAZIL</country>    </address>
<phone>+552132042082</phone><electronicMailAddress>rafaela@jbrj.gov.br</electronicMailAddress>    </creator>
    <metadataProvider>
    <individualName>
<givenName>João</givenName>          <surName>Lanna</surName>
    </individualName>
<organizationName>Rio de Janeiro Botanical Garden</organizationName><positionName>SiBBr Felow</positionName>    <address>
<deliveryPoint>Rua Pacheco Leão 915</deliveryPoint><city>Rio de Janeiro</city><administrativeArea>Rio de Janeiro</administrativeArea><postalCode>22460-030</postalCode><country>BRAZIL</country>    </address>
<phone>+552132042082</phone><electronicMailAddress>joaomlanna@gmail.com</electronicMailAddress>    </metadataProvider>
    <associatedParty>
    <individualName>
<givenName>Vitor</givenName>          <surName>Monteiro</surName>
    </individualName>
<organizationName>Rio de Janeiro Botanic Garden</organizationName><positionName>REFLORA Felow</positionName>    <address>
<country>BRAZIL</country>    </address>
    <role>PROGRAMMER</role>
    </associatedParty>
    <associatedParty>
    <individualName>
<givenName>Eduardo</givenName>          <surName>Dalcin</surName>
    </individualName>
<organizationName>Rio de Janeiro Botanic Garden</organizationName><positionName>Núcleo de Computação Científica</positionName>    <address>
<country>BRAZIL</country>    </address>
    <role>EDITOR</role>
    </associatedParty>
      <pubDate>
      2021-06-11
      </pubDate>
    <language>PORTUGUESE</language>
    <abstract>
        <para>Herbarium Collection of the Espírito Santo Federal University\Brazil.</para>
    </abstract>
        <keywordSet>
              <keyword>Occurrence</keyword>
              <keywordThesaurus>GBIF Dataset Type Vocabulary: http://rs.gbif.org/vocabulary/gbif/dataset_type.xml</keywordThesaurus>
        </keywordSet>
        <keywordSet>
              <keyword>Observation</keyword>
              <keywordThesaurus>GBIF Dataset Subtype Vocabulary: http://rs.gbif.org/vocabulary/gbif/dataset_subtype.xml</keywordThesaurus>
        </keywordSet>
      <intellectualRights>
        <para>This work is licensed under a <ulink url="http://creativecommons.org/licenses/by/4.0/legalcode"><citetitle>Creative Commons Attribution (CC-BY) 4.0 License</citetitle></ulink>.</para>
      </intellectualRights>
      <maintenance>
          <description>
              <para></para>
          </description>
          <maintenanceUpdateFrequency>weekly</maintenanceUpdateFrequency>
      </maintenance>
      <contact>
    <individualName>
<givenName>Rafaela</givenName>          <surName>Forzza</surName>
    </individualName>
<organizationName>Rio de Janeiro Botanic Garden</organizationName><positionName>REFLORA - coordinator</positionName>    <address>
<deliveryPoint>Rua Pacheco Leão 915</deliveryPoint><city>Rio de Janeiro</city><administrativeArea>RJ</administrativeArea><postalCode>22460-030</postalCode><country>BRAZIL</country>    </address>
<phone>+552132042082</phone><electronicMailAddress>rafaela@jbrj.gov.br</electronicMailAddress>      </contact>

</dataset>

<additionalMetadata>
    <metadata>
      <gbif>
        <dateStamp>2021-08-03T09:06:39Z</dateStamp>
      <citation>Thomaz L D, Forzza R, Lanna J (2021). VIES herbarium - Universidade Federal do Espírito Santo - Herbário Virtual REFLORA. Version 1.250. Instituto de Pesquisas Jardim Botanico do Rio de Janeiro. Occurrence dataset https://doi.org/10.15468/kasze8 accessed via GBIF.org on 2021-08-03.</citation>
              <resourceLogoUrl>http://ipt.jbrj.gov.br/reflora/logo.do?r=vies_herbarium</resourceLogoUrl>
      </gbif>
    </metadata>
</additionalMetadata>

</eml:eml>
