<?xml version="1.0" encoding="utf-8"?>
<eml:eml xmlns:eml="eml://ecoinformatics.org/eml-2.1.1" xmlns:xsi="http://www.w3.org/2001/XMLSchema-instance"
         xsi:schemaLocation="eml://ecoinformatics.org/eml-2.1.1 http://rs.gbif.org/schema/eml-gbif-profile/1.1/eml.xsd"
        packageId="ea04653c-58f5-4f14-9ed0-39f85871f1db"  system="http://gbif.org" scope="system"
  xml:lang="en">

<dataset>
      <alternateIdentifier>10.15468/zaeqtq</alternateIdentifier>
    <title>Wikiplantbase #Sardegna</title>
    <creator>
<organizationName>Dipartimento di Scienze della Natura e del Territorio, Università di Sassari</organizationName>    </creator>
    <metadataProvider>
<organizationName>Simonetta Bagella</organizationName>    <address>
<deliveryPoint>Dipartimento di Scienze della Natura e del Territorio, Università di Sassari, Via Piandanna 4,  I-07100 Sassari, Italy</deliveryPoint>    </address>
<phone>+39 079 228642</phone><electronicMailAddress>bage@uniss.it</electronicMailAddress>    </metadataProvider>
      <pubDate>
      2021-01-01
      </pubDate>
    <language>en</language>
    <abstract>
        <para>The databases stores historical and current plant occurrence records relative to Sardinia administrative region of Italy (NUTS-2 code ITG2). Source of records may be bibliographical references, herbarium specimens, or human observations. The database is associated with the Wikiplantbase project, including sister databases for Tuscany, Liguria and Sicily</para>
    </abstract>
      <intellectualRights>
        <para>This work is licensed under a <ulink url="http://creativecommons.org/licenses/by-nc/4.0/legalcode"><citetitle>Creative Commons Attribution Non Commercial (CC-BY-NC) 4.0 License</citetitle></ulink>.</para>
      </intellectualRights>
      <contact>
    <individualName>
          <surName>Simonetta Bagella</surName>
    </individualName>
    <address>
<deliveryPoint>Dipartimento di Scienze della Natura e del Territorio, Università di Sassari, Via Piandanna 4,  I-07100 Sassari, Italy</deliveryPoint>    </address>
<phone>+39 079 228642</phone><electronicMailAddress>bage@uniss.it</electronicMailAddress>      </contact>

</dataset>

<additionalMetadata>
    <metadata>
      <gbif>
        <dateStamp>2021-08-03T09:06:39Z</dateStamp>
      <citation>Dipartimento di Biologia, Università di Pisa (2021). Wikiplantbase #Sardegna. Occurrence dataset https://doi.org/10.15468/zaeqtq accessed via GBIF.org on 2021-08-03.</citation>
      </gbif>
    </metadata>
</additionalMetadata>

</eml:eml>
