<?xml version="1.0" encoding="utf-8"?>
<eml:eml xmlns:eml="eml://ecoinformatics.org/eml-2.1.1" xmlns:xsi="http://www.w3.org/2001/XMLSchema-instance"
         xsi:schemaLocation="eml://ecoinformatics.org/eml-2.1.1 http://rs.gbif.org/schema/eml-gbif-profile/1.1/eml.xsd"
        packageId="ee71be2d-16e5-460d-967c-9f4602417fd4"  system="http://gbif.org" scope="system"
  xml:lang="en">

<dataset>
      <alternateIdentifier>10.15468/1jmrf1</alternateIdentifier>
        <alternateIdentifier>3298c5af-f355-43f5-a373-65486f88ba76</alternateIdentifier>
        <alternateIdentifier>https://doi.org/10.5281/zenodo.3466965</alternateIdentifier>
    <title>Phenological Center - Plants (Murmansk)</title>
    <creator>
    <individualName>
<givenName>Violetta</givenName>          <surName>Fedotova</surName>
    </individualName>
<organizationName>Komarov Botanical Institute of the Russian Academy of Sciences (BIN RAS)</organizationName>    <address>
<deliveryPoint>197376, Saint Petersburg, Professora Popova 2</deliveryPoint><city>Saint Petersburg</city><country>RUSSIAN_FEDERATION</country>    </address>
<phone>+79111435658</phone><electronicMailAddress>leosta2@mail.ru</electronicMailAddress>    </creator>
    <creator>
    <individualName>
<givenName>Pavel</givenName>          <surName>Lebedev</surName>
    </individualName>
<organizationName>Komarov Botanical Institute of the Russian Academy of Sciences (BIN RAS)</organizationName>    <address>
<deliveryPoint>197376, Saint Petersburg, Professora Popova 2</deliveryPoint><city>Saint Petersburg</city><country>RUSSIAN_FEDERATION</country>    </address>
<phone>+79214126895</phone><electronicMailAddress>p_lebedev@mail.ru</electronicMailAddress>    </creator>
    <language>en</language>
    <abstract>
        <para>Plants Phenology dataset compiled by Komarov Botanical Institute (Russian Federation) by digitizing paper based records of volunteer network of phenological observers (Fenologicheskii Klub) resulting in 1590 records collected for 60 years between 1927 and 1990.</para>
    </abstract>
      <intellectualRights>
        <para>This work is licensed under a <ulink url="http://creativecommons.org/licenses/by/4.0/legalcode"><citetitle>Creative Commons Attribution (CC-BY) 4.0 License</citetitle></ulink>.</para>
      </intellectualRights>

</dataset>

<additionalMetadata>
    <metadata>
      <gbif>
        <dateStamp>2021-08-03T09:07:13Z</dateStamp>
      <citation>Fedotova V, Lebedev P. Phenological Center - Plants (Murmansk). Komarov Botanical Institute, Russian Academy of Sciences, St. Petersburg. Occurrence dataset https://doi.org/10.15468/1jmrf1 accessed via GBIF.org on 2021-08-03.</citation>
      </gbif>
    </metadata>
</additionalMetadata>

</eml:eml>
