<?xml version="1.0" encoding="utf-8"?>
<eml:eml xmlns:eml="eml://ecoinformatics.org/eml-2.1.1" xmlns:xsi="http://www.w3.org/2001/XMLSchema-instance"
         xsi:schemaLocation="eml://ecoinformatics.org/eml-2.1.1 http://rs.gbif.org/schema/eml-gbif-profile/1.1/eml.xsd"
        packageId="f0c74a2c-4bd8-49d0-837a-92bb835fd2f3"  system="http://gbif.org" scope="system"
  xml:lang="en">

<dataset>
      <alternateIdentifier>10.15468/cwycjx</alternateIdentifier>
    <title>Database for alien invasive plants occurrences in Germany</title>
    <associatedParty>
    <individualName>
          <surName>Florian Thuerkow</surName>
    </individualName>
<phone>0049 345 4780575</phone><electronicMailAddress>florian.thuerkow@umgeodat.de</electronicMailAddress>    <role>TECHNICAL_POINT_OF_CONTACT</role>
    </associatedParty>
      <pubDate>
      2018-01-01
      </pubDate>
    <language>en</language>
    <abstract>
        <para>The dataset includes occurrence data of invasive and potentially invasive nonnative plant species. The datasets are being collected since 2010, mostly in the German federal state Saxony-Anhalt, but also in other federal states of Germany and in Europe. Collectors are the staff of the Coordination Centre for alien invasive plant species (KORINA), employees of public authorities, scientists, students and citizens.</para>
    </abstract>
      <intellectualRights>
        <para>This work is licensed under a <ulink url="http://creativecommons.org/licenses/by/4.0/legalcode"><citetitle>Creative Commons Attribution (CC-BY) 4.0 License</citetitle></ulink>.</para>
      </intellectualRights>
      <distribution scope="document">
          <online>
              <url function="information">http://www.korina.info</url>
          </online>
      </distribution>
      <contact>
    <individualName>
          <surName>Katrin Schneider</surName>
    </individualName>
    <address>
<deliveryPoint>UfU e. V. Große Klausstraße 11  06108 Halle</deliveryPoint>    </address>
<phone>0049 345 2026530</phone><electronicMailAddress>katrin.schneider@ufu.de</electronicMailAddress>      </contact>

</dataset>

<additionalMetadata>
    <metadata>
      <gbif>
        <dateStamp>2021-08-03T09:06:39Z</dateStamp>
      <citation>Independent Institute for environmental issues UfU e.V. (2018). Database for alien invasive plants occurrences in Germany. Occurrence dataset https://doi.org/10.15468/cwycjx accessed via GBIF.org on 2021-08-03.</citation>
              <resourceLogoUrl>http://www.ufu.de/wp-content/uploads/2016/10/UfU_Logo_zweizeilig_4c.jpg</resourceLogoUrl>
      </gbif>
    </metadata>
</additionalMetadata>

</eml:eml>
