<?xml version="1.0" encoding="utf-8"?>
<eml:eml xmlns:eml="eml://ecoinformatics.org/eml-2.1.1" xmlns:xsi="http://www.w3.org/2001/XMLSchema-instance"
         xsi:schemaLocation="eml://ecoinformatics.org/eml-2.1.1 http://rs.gbif.org/schema/eml-gbif-profile/1.1/eml.xsd"
        packageId="f36e1dc7-3c7f-48fa-a4d0-c84546d7309a"  system="http://gbif.org" scope="system"
  xml:lang="en">

<dataset>
      <alternateIdentifier>10.15468/je1esr</alternateIdentifier>
        <alternateIdentifier>https://ipt.laji.fi/ipt/resource?r=vietnambryophyta</alternateIdentifier>
        <alternateIdentifier>f36e1dc7-3c7f-48fa-a4d0-c84546d7309a</alternateIdentifier>
    <title>Bryophytes of Vietnam (PHH Herbarium, Cryptogam Collection)</title>
    <creator>
    <individualName>
<givenName>Thien Tam</givenName>          <surName>Luong</surName>
    </individualName>
<organizationName>University of Science, VNUHCM</organizationName><positionName>Curator of the Bryophyte collection</positionName>    <address>
<deliveryPoint>227 Nguyen Van Cu</deliveryPoint><city>Ho Chi Minh City</city><country>VIETNAM</country>    </address>
<electronicMailAddress>lttam@hcmus.edu.vn</electronicMailAddress>    </creator>
    <creator>
    <individualName>
<givenName>Thanh Luc</givenName>          <surName>Nguyen</surName>
    </individualName>
<organizationName>Southern Institute of Ecology, Vietnam Academy of Science</organizationName><positionName>Researcher</positionName>    <address>
<deliveryPoint>1 Mac Dinh Chi</deliveryPoint><city>Ho Chi Minh City</city><country>VIETNAM</country>    </address>
<electronicMailAddress>ng.thanhluc@gmail.com</electronicMailAddress>    </creator>
    <creator>
    <individualName>
<givenName>Nguyen Khanh Trinh</givenName>          <surName>Tram</surName>
    </individualName>
<organizationName>University of Science, VNUHCM</organizationName><positionName>Researcher</positionName>    <address>
<deliveryPoint>227 Nguyen Van Cu</deliveryPoint><city>Ho Chi Minh City</city><country>VIETNAM</country>    </address>
<electronicMailAddress>nguyenkhanhtrinhtram@gmail.com</electronicMailAddress>    </creator>
    <creator>
    <individualName>
<givenName>Phi Giao</givenName>          <surName>Vo</surName>
    </individualName>
<organizationName>University of Science, VNUHCM</organizationName><positionName>Curator of the Lichen collection</positionName>    <address>
<deliveryPoint>227 Nguyen Van Cu</deliveryPoint><city>Ho Chi Minh City</city><country>VIETNAM</country>    </address>
<electronicMailAddress>vtpgiao@hcmus.edu.vn</electronicMailAddress>    </creator>
    <metadataProvider>
    <individualName>
<givenName>Thien Tam</givenName>          <surName>Luong</surName>
    </individualName>
<organizationName>University of Science, VNUHCM</organizationName><positionName>Curator of the Bryophyte collection</positionName>    <address>
<deliveryPoint>227 Nguyen Van Cu</deliveryPoint><city>Ho Chi Minh City</city><country>VIETNAM</country>    </address>
<electronicMailAddress>lttam@hcmus.edu.vn</electronicMailAddress>    </metadataProvider>
    <associatedParty>
    <individualName>
<givenName>Huttunen</givenName>          <surName>Sanna</surName>
    </individualName>
<organizationName>University of Turku</organizationName>    <address>
<deliveryPoint>Herbarium (TUR), Biodiversity Unit</deliveryPoint><city>Turku</city><postalCode>FI-20014</postalCode><country>FINLAND</country>    </address>
    <role>CONTENT_PROVIDER</role>
    </associatedParty>
    <associatedParty>
    <individualName>
<givenName>Tapani</givenName>          <surName>Lahti</surName>
    </individualName>
<organizationName>LUOMUS, University of Helsinki</organizationName><positionName>Finnish Biodiversity Information Facility</positionName>    <address>
<deliveryPoint>P.O. Box 7 (Unioninkatu 44)</deliveryPoint><city>Helsinki</city><postalCode>FI-00014</postalCode><country>FINLAND</country>    </address>
    <role>PUBLISHER</role>
    </associatedParty>
    <associatedParty>
    <individualName>
<givenName>Tamás</givenName>          <surName>Pócs</surName>
    </individualName>
<organizationName>Eszterhazy Karoly, University of Applied Sciences</organizationName><positionName>Professor Emeritus</positionName>    <address>
<city>Eger</city><country>HUNGARY</country>    </address>
    <role>CONTENT_PROVIDER</role>
    </associatedParty>
    <associatedParty>
    <individualName>
<givenName>Hiroyuki</givenName>          <surName>Akiyama</surName>
    </individualName>
<organizationName>Institute of Natural and Environmental Science, University of Hyogo</organizationName>    <address>
<deliveryPoint>Yayoi-ga-oka 6</deliveryPoint><city>Sanda, Hyogo</city><postalCode>669-1546</postalCode><country>JAPAN</country>    </address>
    <role>CONTENT_PROVIDER</role>
    </associatedParty>
    <associatedParty>
    <individualName>
<givenName>Tomoyuki</givenName>          <surName>Katagiri</surName>
    </individualName>
<organizationName>Hattori Botanical Laboratory</organizationName><positionName>Director</positionName>    <address>
<deliveryPoint>Obi 6-1-26</deliveryPoint><city>Nichinan</city><administrativeArea>Miyazaki Prefecture</administrativeArea><country>JAPAN</country>    </address>
    <role>CONTENT_PROVIDER</role>
    </associatedParty>
    <associatedParty>
    <individualName>
<givenName>Hidetsugu</givenName>          <surName>Miwa</surName>
    </individualName>
<organizationName>The Imperial Household Agency, Cabinet Office Government of Japan</organizationName>    <address>
<deliveryPoint>Motoakasaka 2-1-5, Minatoku</deliveryPoint><city>Tokyo</city><postalCode>107-0051</postalCode><country>JAPAN</country>    </address>
    <role>PROCESSOR</role>
    </associatedParty>
    <associatedParty>
    <individualName>
<givenName>Johannes</givenName>          <surName>Enroth</surName>
    </individualName>
<organizationName>University of Helsinki</organizationName>    <address>
<deliveryPoint>P.O. Box 47</deliveryPoint><city>Helsinki</city><postalCode>FIN-00014</postalCode><country>FINLAND</country>    </address>
    <role>CONTENT_PROVIDER</role>
    </associatedParty>
    <associatedParty>
    <individualName>
<givenName>Jaakko</givenName>          <surName>Hyvönen</surName>
    </individualName>
<organizationName>University of Helsinki</organizationName>    <address>
<deliveryPoint>P.O. Box 47</deliveryPoint><city>Helsinki</city><postalCode>FIN-00014</postalCode><country>FINLAND</country>    </address>
    <role>CONTENT_PROVIDER</role>
    </associatedParty>
    <associatedParty>
    <individualName>
<givenName>Ning-Ning</givenName>          <surName>Yu</surName>
    </individualName>
<organizationName>Institute of Botany CAS</organizationName>    <address>
<city>Beijing</city><country>CHINA</country>    </address>
    <role>CONTENT_PROVIDER</role>
    </associatedParty>
      <pubDate>
      2020-07-22
      </pubDate>
    <language>ENGLISH</language>
    <abstract>
        <para>This dataset contains nearly 4000 specimens of bryophytes which were collected in Vietnam. All of the specimens are deposited in PHH Herbarium, Cryptogam collection.</para>
    </abstract>
        <keywordSet>
              <keyword>Occurrence</keyword>
              <keywordThesaurus>GBIF Dataset Type Vocabulary: http://rs.gbif.org/vocabulary/gbif/dataset_type.xml</keywordThesaurus>
        </keywordSet>
        <keywordSet>
              <keyword>Specimen</keyword>
              <keywordThesaurus>GBIF Dataset Subtype Vocabulary: http://rs.gbif.org/vocabulary/gbif/dataset_subtype.xml</keywordThesaurus>
        </keywordSet>
      <intellectualRights>
        <para>This work is licensed under a <ulink url="http://creativecommons.org/licenses/by/4.0/legalcode"><citetitle>Creative Commons Attribution (CC-BY) 4.0 License</citetitle></ulink>.</para>
      </intellectualRights>
      <distribution scope="document">
          <online>
              <url function="information">https://cryptogam-phh.hcmus.edu.vn/index.php/en/bryophtes</url>
          </online>
      </distribution>
      <coverage>
            <geographicCoverage>
                  <geographicDescription>Vietnam</geographicDescription>
                  <boundingCoordinates>
                      <westBoundingCoordinate>101.8</westBoundingCoordinate>
                      <eastBoundingCoordinate>110.3</eastBoundingCoordinate>
                      <northBoundingCoordinate>24</northBoundingCoordinate>
                      <southBoundingCoordinate>8</southBoundingCoordinate>
                  </boundingCoordinates>
            </geographicCoverage>
              <taxonomicCoverage>
                    <generalTaxonomicCoverage>Bryophytes</generalTaxonomicCoverage>
                    <taxonomicClassification>
                          <taxonRankName>Phylum</taxonRankName>
                        <taxonRankValue>Bryophyta</taxonRankValue>
                          <commonName>Moss</commonName>
                    </taxonomicClassification>
                    <taxonomicClassification>
                          <taxonRankName>Phylum</taxonRankName>
                        <taxonRankValue>Marchantiophyta</taxonRankValue>
                          <commonName>Liverwort</commonName>
                    </taxonomicClassification>
                    <taxonomicClassification>
                          <taxonRankName>Phylum</taxonRankName>
                        <taxonRankValue>Anthocerotophyta</taxonRankValue>
                          <commonName>Hornwort</commonName>
                    </taxonomicClassification>
              </taxonomicCoverage>
      </coverage>
      <maintenance>
          <description>
              <para></para>
          </description>
          <maintenanceUpdateFrequency>unkown</maintenanceUpdateFrequency>
      </maintenance>
      <contact>
    <individualName>
<givenName>Thien Tam</givenName>          <surName>Luong</surName>
    </individualName>
<organizationName>University of Science, VNUHCM</organizationName><positionName>Curator of the Bryophyte collection</positionName>    <address>
<deliveryPoint>227 Nguyen Van Cu</deliveryPoint><city>Ho Chi Minh City</city><country>VIETNAM</country>    </address>
<electronicMailAddress>lttam@hcmus.edu.vn</electronicMailAddress>      </contact>
      <contact>
    <individualName>
<givenName>Phi Giao</givenName>          <surName>Vo</surName>
    </individualName>
<organizationName>University of Science, VNUHCM</organizationName><positionName>Curator of the Lichen collection</positionName>    <address>
<deliveryPoint>227 Nguyen Van Cu</deliveryPoint><city>Ho Chi Minh City</city><country>VIETNAM</country>    </address>
<electronicMailAddress>vtpgiao@hcmus.edu.vn</electronicMailAddress>      </contact>
      <methods>
            <methodStep>
                <description>
                    <para></para>
                </description>
            </methodStep>
      </methods>

      <project id="BIFA3_032">
          <title>Data mobilization of the Cryptogam collection of the Herbarium PHH, University of Science, Vietnam National University Ho Chi Minh City, Vietnam</title>
          <personnel>
    <individualName>
<givenName>Thien-Tam</givenName>          <surName>Luong</surName>
    </individualName>
    <role>PRINCIPAL_INVESTIGATOR</role>
          </personnel>
          <personnel>
    <individualName>
<givenName>Phi-Giao</givenName>          <surName>Vo</surName>
    </individualName>
    <role>CURATOR</role>
          </personnel>
          <personnel>
    <individualName>
<givenName>Thanh-Luc</givenName>          <surName>Nguyen</surName>
    </individualName>
    <role>CONTENT_PROVIDER</role>
          </personnel>
          <personnel>
    <individualName>
<givenName>Nguyen-Khanh-Trinh</givenName>          <surName>Tram</surName>
    </individualName>
    <role>CONTENT_PROVIDER</role>
          </personnel>
          <abstract>
              <para>This project aims to transfer thousand of digitized specimens, including bryophytes and lichens, that are held in the Cryptogam collections, PHH Herbarium with updated identification into GBIF database.</para>
          </abstract>
          <funding>
              <para>BIFA3</para>
          </funding>
      </project>
</dataset>

<additionalMetadata>
    <metadata>
      <gbif>
        <dateStamp>2021-08-03T09:06:50Z</dateStamp>
      <citation>Luong T T, Nguyen T L, Tram N K T, Vo P G (2020). Bryophytes of Vietnam (PHH Herbarium, Cryptogam Collection). Version 1.14. University of Science, Vietnam National University Ho Chi Minh city. Occurrence dataset https://doi.org/10.15468/je1esr accessed via GBIF.org on 2021-08-03.</citation>
              <collection>
                <parentCollectionIdentifier></parentCollectionIdentifier>
                <collectionIdentifier></collectionIdentifier>
                <collectionName>Cryptogam Collection, PHH Herbarium</collectionName>
              </collection>
              <formationPeriod>1960-current</formationPeriod>
                <specimenPreservationMethod>DRIED</specimenPreservationMethod>
      </gbif>
    </metadata>
</additionalMetadata>

</eml:eml>
