<?xml version="1.0" encoding="utf-8"?>
<eml:eml xmlns:eml="eml://ecoinformatics.org/eml-2.1.1" xmlns:xsi="http://www.w3.org/2001/XMLSchema-instance"
         xsi:schemaLocation="eml://ecoinformatics.org/eml-2.1.1 http://rs.gbif.org/schema/eml-gbif-profile/1.1/eml.xsd"
        packageId="f8dca385-db58-4887-97e2-690fcfbdf83d"  system="http://gbif.org" scope="system"
  xml:lang="es">

<dataset>
      <alternateIdentifier>10.15472/4ky4ru</alternateIdentifier>
        <alternateIdentifier>https://ipt.biodiversidad.co/sib/resource?r=herb_bs_huc</alternateIdentifier>
        <alternateIdentifier>http://ipt.biodiversidad.co/sib/resource?r=herb_bs_huc</alternateIdentifier>
        <alternateIdentifier>10.15468/dawprs</alternateIdentifier>
        <alternateIdentifier>http://data.biodiversidad.co/sib/resource?r=herb_bs_huc</alternateIdentifier>
        <alternateIdentifier>f8dca385-db58-4887-97e2-690fcfbdf83d</alternateIdentifier>
        <alternateIdentifier>http://ipt.sibcolombia.net/sib/resource.do?r=herb_bs_huc</alternateIdentifier>
    <title>Herbario Virtual Bosques Secos de Colombia - Sección Herbario Universidad de Córdoba (HUC)</title>
    <creator>
    <individualName>
<givenName>Heidy Paola</givenName>          <surName>Saab Ramos</surName>
    </individualName>
<organizationName>Universidad de Córdoba</organizationName><positionName>Auxiliar Herbario HUC</positionName>    <address>
<deliveryPoint>Carrera 6 No. 76-103</deliveryPoint><city>Montería</city><administrativeArea>Córdoba</administrativeArea><country>COLOMBIA</country>    </address>
<phone>3215043156</phone><electronicMailAddress>heidysaab@hotmail.com</electronicMailAddress>    </creator>
    <metadataProvider>
    <individualName>
<givenName>Rosalba</givenName>          <surName>Ruiz Vega</surName>
    </individualName>
<organizationName>Universidad de Córdoba</organizationName><positionName>Directora Herbario HUC</positionName>    <address>
<deliveryPoint>Carrera 6 No. 76-103</deliveryPoint><city>Montería</city><administrativeArea>Córdoba</administrativeArea><country>COLOMBIA</country>    </address>
<phone>3106405527</phone><electronicMailAddress>ruivega@hotmail.com</electronicMailAddress><onlineUrl>http://www.unicordoba.edu.co/</onlineUrl>    </metadataProvider>
    <associatedParty>
    <individualName>
<givenName>Tania Marcela</givenName>          <surName>Sierra Conde</surName>
    </individualName>
<organizationName>Universidad de Córdoba</organizationName><positionName>Estudiante décimo semestre programa biología</positionName>    <address>
<deliveryPoint>Carrera 6 N° 76-103</deliveryPoint><city>Montería</city><administrativeArea>Córdoba</administrativeArea><country>COLOMBIA</country>    </address>
<phone>3215247949</phone><electronicMailAddress>tamasico2812@hotmail.com</electronicMailAddress>    <role>CONTENT_PROVIDER</role>
    </associatedParty>
    <associatedParty>
    <individualName>
<givenName>Danilo José de Jesús</givenName>          <surName>Nuñez Castro</surName>
    </individualName>
<organizationName>Universidad de Córdoba</organizationName><positionName>Estudiante décimo semestre programa biología</positionName>    <address>
<deliveryPoint>Carrera 6 N° 76-103</deliveryPoint><city>Montería</city><administrativeArea>Córdoba</administrativeArea><country>COLOMBIA</country>    </address>
<phone>3007529918</phone><electronicMailAddress>dan_jose31393@hotmail.com</electronicMailAddress>    <role>CONTENT_PROVIDER</role>
    </associatedParty>
    <associatedParty>
    <individualName>
<givenName>Isaac</givenName>          <surName>López</surName>
    </individualName>
<organizationName>Universidad de Córdoba</organizationName><positionName>Estudiante noveno semestre programa biología</positionName>    <address>
<deliveryPoint>Carrera 6 N° 76-103</deliveryPoint><city>Montería</city><administrativeArea>Córdoba</administrativeArea><country>COLOMBIA</country>    </address>
<phone>3014756754</phone><electronicMailAddress>isaaclopez_1992@hotmail.com</electronicMailAddress>    <role>CONTENT_PROVIDER</role>
    </associatedParty>
    <associatedParty>
    <individualName>
<givenName>Roy</givenName>          <surName>González Martínez</surName>
    </individualName>
<organizationName>Instituto de Investigación de Recursos Biológicos Alexander von Humboldt</organizationName><positionName>Investigador</positionName>    <address>
<deliveryPoint>Avenida Paseo Bolivar 16-20</deliveryPoint><city>Bogotá, D.C.</city><administrativeArea>Bogotá, D.C.</administrativeArea><country>COLOMBIA</country>    </address>
<phone>3202767</phone><electronicMailAddress>rgonzalez@humboldt.org.co</electronicMailAddress><onlineUrl>http://www.humboldt.org.co/es/</onlineUrl>    <role>POINT_OF_CONTACT</role>
    </associatedParty>
    <associatedParty>
    <individualName>
          <surName>Infraestructura Institucional de Datos</surName>
    </individualName>
<organizationName>Instituto de Investigación de Recursos Biológicos Alexander von Humboldt</organizationName>    <address>
<deliveryPoint>Calle 28A # 15-09</deliveryPoint><city>Bogotá, D.C.</city><administrativeArea>Bogotá, D.C.</administrativeArea><country>COLOMBIA</country>    </address>
<phone>3202767</phone><electronicMailAddress>i2d@humboldt.org.co</electronicMailAddress><onlineUrl>http://www.humboldt.org.co/es/servicios/infraestructura-institucional-de-datos</onlineUrl>    <role>CUSTODIAN_STEWARD</role>
    </associatedParty>
      <pubDate>
      2021-01-05
      </pubDate>
    <language>SPANISH</language>
    <abstract>
        <para>Este conjunto de datos contiene los registros biológicos y medidas de rasgos funcionales asociados a las imágenes digitales de alta resolución de los ejemplares del herbario virtual bosques secos de Colombia. Este ecosistema se caracteriza por presentar una fuerte estacionalidad de lluvias y un período de tres a ocho meses de sequía. Se encuentra en las zonas bajas de la costa Caribe, los valles interandinos de los ríos Cauca y Magdalena, la región del Chicamocha en Santander y Norte de Santander, el cañón del río Patía en los departamentos de Cauca y Nariño, y los Llanos. Se presentan 2000 registros de bosque seco del herbario HUC, los cuales fueron seleccionados con base al sitio de colecta; sólo los registros que provenían de localidades donde hay bosque seco fueron incluidos. Éstos fueron ubicados en la colección, codificados, sistematizados y digitalizados con el fin de publicar las imágenes en el recurso virtual &amp;#34;Herbario virtual Bosques Secos de Colombia&amp;#34; en Flickr. Cada registro tiene una dirección electrónica que permite acceder a la imagen del ejemplar en alta resolución.</para>
    </abstract>
        <keywordSet>
              <keyword>ejemplar de herbario</keyword>
              <keyword>Plantae</keyword>
              <keyword>HUC</keyword>
              <keyword>bosque seco tropical</keyword>
              <keyword>colección botánica</keyword>
              <keyword>herbario virtual</keyword>
              <keywordThesaurus>n/a</keywordThesaurus>
        </keywordSet>
        <keywordSet>
              <keyword>Occurrence</keyword>
              <keywordThesaurus>GBIF Dataset Type Vocabulary: http://rs.gbif.org/vocabulary/gbif/dataset_type.xml</keywordThesaurus>
        </keywordSet>
        <keywordSet>
              <keyword>Specimen</keyword>
              <keywordThesaurus>GBIF Dataset Subtype Vocabulary: http://rs.gbif.org/vocabulary/gbif/dataset_subtype.xml</keywordThesaurus>
        </keywordSet>
      <additionalInfo>
          <para>Los ejemplares digitalizados a los cuales hace referencia este recurso están en lÍnea en: https://www.flickr.com/photos/98788120@N02/
Adicional a esto, el Herbario virtual HUC hace parte del grupo &quot;Herbario Virtual Bosque Seco de Colombia&quot;, el cual se puede consultar en el siguiente enlace: https://www.flickr.com/groups/herbario_virtual_bosques_secos_de_colombia/</para>
      </additionalInfo>
      <intellectualRights>
        <para>This work is licensed under a <ulink url="http://creativecommons.org/licenses/by-nc/4.0/legalcode"><citetitle>Creative Commons Attribution Non Commercial (CC-BY-NC) 4.0 License</citetitle></ulink>.</para>
      </intellectualRights>
      <distribution scope="document">
          <online>
              <url function="information">http://ipt.sibcolombia.net/sib/resource.do?r=herbario_bs_huc</url>
          </online>
      </distribution>
      <coverage>
            <geographicCoverage>
                  <geographicDescription>El conjunto de datos contiene información de los ejemplares botánicos de bosque seco tropical de Colombia, con énfasis es localidades del Caribe Colombiano, los valles geográficos de los ríos Magdalena, el valle del cañón del río Patía. Abarca los departamentos de Antioquia, Bolívar, Cauca, Cesar, Córdoba, La Guajira, Magdalena y Sucre.</geographicDescription>
                  <boundingCoordinates>
                      <westBoundingCoordinate>-76.371</westBoundingCoordinate>
                      <eastBoundingCoordinate>-72.91</eastBoundingCoordinate>
                      <northBoundingCoordinate>10.646</northBoundingCoordinate>
                      <southBoundingCoordinate>7.741</southBoundingCoordinate>
                  </boundingCoordinates>
            </geographicCoverage>
          <temporalCoverage>
            <rangeOfDates>
              <beginDate>
                <calendarDate>      1958-06-03
</calendarDate>
              </beginDate>
              <endDate>
                <calendarDate>      2015-02-06
</calendarDate>
              </endDate>
            </rangeOfDates>
          </temporalCoverage>
              <taxonomicCoverage>
                    <generalTaxonomicCoverage>Por medio de la búsqueda de especímenes pertenecientes a bosque seco tropical de Colombia, depositados en el herbario HUC, de la Universidad de Córdoba, se consolidaron 2000 registros de ejemplares botánicos correspondientes a 119 familias, 522 géneros y 905 especies. Se utilizó el código APG III como sistema de clasificación de las especies y las actualizaciones nomenclaturales se realizaron con base en los datos proporcionados en los recursos The Plant List (http://www.theplantlist.org/), Tropicos (http://www.theplantlist.org/) y IPNI (http://www.ipni.org/)</generalTaxonomicCoverage>
                    <taxonomicClassification>
                          <taxonRankName>Family</taxonRankName>
                        <taxonRankValue>Acanthaceae</taxonRankValue>
                    </taxonomicClassification>
                    <taxonomicClassification>
                          <taxonRankName>Family</taxonRankName>
                        <taxonRankValue>Achariaceae</taxonRankValue>
                    </taxonomicClassification>
                    <taxonomicClassification>
                          <taxonRankName>Family</taxonRankName>
                        <taxonRankValue>Achatocarpaceae</taxonRankValue>
                    </taxonomicClassification>
                    <taxonomicClassification>
                          <taxonRankName>Family</taxonRankName>
                        <taxonRankValue>Alismataceae</taxonRankValue>
                    </taxonomicClassification>
                    <taxonomicClassification>
                          <taxonRankName>Family</taxonRankName>
                        <taxonRankValue>Amaranthaceae</taxonRankValue>
                    </taxonomicClassification>
                    <taxonomicClassification>
                          <taxonRankName>Family</taxonRankName>
                        <taxonRankValue>Anacardiaceae</taxonRankValue>
                    </taxonomicClassification>
                    <taxonomicClassification>
                          <taxonRankName>Family</taxonRankName>
                        <taxonRankValue>Annonaceae</taxonRankValue>
                    </taxonomicClassification>
                    <taxonomicClassification>
                          <taxonRankName>Family</taxonRankName>
                        <taxonRankValue>Apocynaceae</taxonRankValue>
                    </taxonomicClassification>
                    <taxonomicClassification>
                          <taxonRankName>Family</taxonRankName>
                        <taxonRankValue>Araceae</taxonRankValue>
                    </taxonomicClassification>
                    <taxonomicClassification>
                          <taxonRankName>Family</taxonRankName>
                        <taxonRankValue>Araliaceae</taxonRankValue>
                    </taxonomicClassification>
                    <taxonomicClassification>
                          <taxonRankName>Family</taxonRankName>
                        <taxonRankValue>Arecaceae</taxonRankValue>
                    </taxonomicClassification>
                    <taxonomicClassification>
                          <taxonRankName>Family</taxonRankName>
                        <taxonRankValue>Aristolochiaceae</taxonRankValue>
                    </taxonomicClassification>
                    <taxonomicClassification>
                          <taxonRankName>Family</taxonRankName>
                        <taxonRankValue>Asteraceae</taxonRankValue>
                    </taxonomicClassification>
                    <taxonomicClassification>
                          <taxonRankName>Family</taxonRankName>
                        <taxonRankValue>Bignoniaceae</taxonRankValue>
                    </taxonomicClassification>
                    <taxonomicClassification>
                          <taxonRankName>Family</taxonRankName>
                        <taxonRankValue>Bixaceae</taxonRankValue>
                    </taxonomicClassification>
                    <taxonomicClassification>
                          <taxonRankName>Family</taxonRankName>
                        <taxonRankValue>Boraginaceae</taxonRankValue>
                    </taxonomicClassification>
                    <taxonomicClassification>
                          <taxonRankName>Family</taxonRankName>
                        <taxonRankValue>Bromeliaceae</taxonRankValue>
                    </taxonomicClassification>
                    <taxonomicClassification>
                          <taxonRankName>Family</taxonRankName>
                        <taxonRankValue>Burseraceae</taxonRankValue>
                    </taxonomicClassification>
                    <taxonomicClassification>
                          <taxonRankName>Family</taxonRankName>
                        <taxonRankValue>Buxaceae</taxonRankValue>
                    </taxonomicClassification>
                    <taxonomicClassification>
                          <taxonRankName>Family</taxonRankName>
                        <taxonRankValue>Cactaceae</taxonRankValue>
                    </taxonomicClassification>
                    <taxonomicClassification>
                          <taxonRankName>Family</taxonRankName>
                        <taxonRankValue>Calophyllaceae</taxonRankValue>
                    </taxonomicClassification>
                    <taxonomicClassification>
                          <taxonRankName>Family</taxonRankName>
                        <taxonRankValue>Cannabaceae</taxonRankValue>
                    </taxonomicClassification>
                    <taxonomicClassification>
                          <taxonRankName>Family</taxonRankName>
                        <taxonRankValue>Cannaceae</taxonRankValue>
                    </taxonomicClassification>
                    <taxonomicClassification>
                          <taxonRankName>Family</taxonRankName>
                        <taxonRankValue>Capparaceae</taxonRankValue>
                    </taxonomicClassification>
                    <taxonomicClassification>
                          <taxonRankName>Family</taxonRankName>
                        <taxonRankValue>Caricaceae</taxonRankValue>
                    </taxonomicClassification>
                    <taxonomicClassification>
                          <taxonRankName>Family</taxonRankName>
                        <taxonRankValue>Casuarinaceae</taxonRankValue>
                    </taxonomicClassification>
                    <taxonomicClassification>
                          <taxonRankName>Family</taxonRankName>
                        <taxonRankValue>Celastraceae</taxonRankValue>
                    </taxonomicClassification>
                    <taxonomicClassification>
                          <taxonRankName>Family</taxonRankName>
                        <taxonRankValue>Chrysobalanaceae</taxonRankValue>
                    </taxonomicClassification>
                    <taxonomicClassification>
                          <taxonRankName>Family</taxonRankName>
                        <taxonRankValue>Cleomaceae</taxonRankValue>
                    </taxonomicClassification>
                    <taxonomicClassification>
                          <taxonRankName>Family</taxonRankName>
                        <taxonRankValue>Clusiaceae</taxonRankValue>
                    </taxonomicClassification>
                    <taxonomicClassification>
                          <taxonRankName>Family</taxonRankName>
                        <taxonRankValue>Combretaceae</taxonRankValue>
                    </taxonomicClassification>
                    <taxonomicClassification>
                          <taxonRankName>Family</taxonRankName>
                        <taxonRankValue>Commelinaceae</taxonRankValue>
                    </taxonomicClassification>
                    <taxonomicClassification>
                          <taxonRankName>Family</taxonRankName>
                        <taxonRankValue>Convolvulaceae</taxonRankValue>
                    </taxonomicClassification>
                    <taxonomicClassification>
                          <taxonRankName>Family</taxonRankName>
                        <taxonRankValue>Costaceae</taxonRankValue>
                    </taxonomicClassification>
                    <taxonomicClassification>
                          <taxonRankName>Family</taxonRankName>
                        <taxonRankValue>Crassulaceae</taxonRankValue>
                    </taxonomicClassification>
                    <taxonomicClassification>
                          <taxonRankName>Family</taxonRankName>
                        <taxonRankValue>Cucurbitaceae</taxonRankValue>
                    </taxonomicClassification>
                    <taxonomicClassification>
                          <taxonRankName>Family</taxonRankName>
                        <taxonRankValue>Cyclanthaceae</taxonRankValue>
                    </taxonomicClassification>
                    <taxonomicClassification>
                          <taxonRankName>Family</taxonRankName>
                        <taxonRankValue>Cyperaceae</taxonRankValue>
                    </taxonomicClassification>
                    <taxonomicClassification>
                          <taxonRankName>Family</taxonRankName>
                        <taxonRankValue>Dichapetalaceae</taxonRankValue>
                    </taxonomicClassification>
                    <taxonomicClassification>
                          <taxonRankName>Family</taxonRankName>
                        <taxonRankValue>Dilleniaceae</taxonRankValue>
                    </taxonomicClassification>
                    <taxonomicClassification>
                          <taxonRankName>Family</taxonRankName>
                        <taxonRankValue>Dioscoreaceae</taxonRankValue>
                    </taxonomicClassification>
                    <taxonomicClassification>
                          <taxonRankName>Family</taxonRankName>
                        <taxonRankValue>Ebenaceae</taxonRankValue>
                    </taxonomicClassification>
                    <taxonomicClassification>
                          <taxonRankName>Family</taxonRankName>
                        <taxonRankValue>Elaeocarpaceae</taxonRankValue>
                    </taxonomicClassification>
                    <taxonomicClassification>
                          <taxonRankName>Family</taxonRankName>
                        <taxonRankValue>Erythroxylaceae</taxonRankValue>
                    </taxonomicClassification>
                    <taxonomicClassification>
                          <taxonRankName>Family</taxonRankName>
                        <taxonRankValue>Euphorbiaceae</taxonRankValue>
                    </taxonomicClassification>
                    <taxonomicClassification>
                          <taxonRankName>Family</taxonRankName>
                        <taxonRankValue>Fabaceae</taxonRankValue>
                    </taxonomicClassification>
                    <taxonomicClassification>
                          <taxonRankName>Family</taxonRankName>
                        <taxonRankValue>Gesneriaceae</taxonRankValue>
                    </taxonomicClassification>
                    <taxonomicClassification>
                          <taxonRankName>Family</taxonRankName>
                        <taxonRankValue>Gleicheniaceae</taxonRankValue>
                    </taxonomicClassification>
                    <taxonomicClassification>
                          <taxonRankName>Family</taxonRankName>
                        <taxonRankValue>Haemodoraceae</taxonRankValue>
                    </taxonomicClassification>
                    <taxonomicClassification>
                          <taxonRankName>Family</taxonRankName>
                        <taxonRankValue>Heliconiaceae</taxonRankValue>
                    </taxonomicClassification>
                    <taxonomicClassification>
                          <taxonRankName>Family</taxonRankName>
                        <taxonRankValue>Hernandiaceae</taxonRankValue>
                    </taxonomicClassification>
                    <taxonomicClassification>
                          <taxonRankName>Family</taxonRankName>
                        <taxonRankValue>Hydrocharitaceae</taxonRankValue>
                    </taxonomicClassification>
                    <taxonomicClassification>
                          <taxonRankName>Family</taxonRankName>
                        <taxonRankValue>Hymenophyllaceae</taxonRankValue>
                    </taxonomicClassification>
                    <taxonomicClassification>
                          <taxonRankName>Family</taxonRankName>
                        <taxonRankValue>Lamiaceae</taxonRankValue>
                    </taxonomicClassification>
                    <taxonomicClassification>
                          <taxonRankName>Family</taxonRankName>
                        <taxonRankValue>Lauraceae</taxonRankValue>
                    </taxonomicClassification>
                    <taxonomicClassification>
                          <taxonRankName>Family</taxonRankName>
                        <taxonRankValue>Lecythidaceae</taxonRankValue>
                    </taxonomicClassification>
                    <taxonomicClassification>
                          <taxonRankName>Family</taxonRankName>
                        <taxonRankValue>Lentibulariaceae</taxonRankValue>
                    </taxonomicClassification>
                    <taxonomicClassification>
                          <taxonRankName>Family</taxonRankName>
                        <taxonRankValue>Loganiaceae</taxonRankValue>
                    </taxonomicClassification>
                    <taxonomicClassification>
                          <taxonRankName>Family</taxonRankName>
                        <taxonRankValue>Lomariopsidaceae</taxonRankValue>
                    </taxonomicClassification>
                    <taxonomicClassification>
                          <taxonRankName>Family</taxonRankName>
                        <taxonRankValue>Loranthaceae</taxonRankValue>
                    </taxonomicClassification>
                    <taxonomicClassification>
                          <taxonRankName>Family</taxonRankName>
                        <taxonRankValue>Lygodiaceae</taxonRankValue>
                    </taxonomicClassification>
                    <taxonomicClassification>
                          <taxonRankName>Family</taxonRankName>
                        <taxonRankValue>Lythraceae</taxonRankValue>
                    </taxonomicClassification>
                    <taxonomicClassification>
                          <taxonRankName>Family</taxonRankName>
                        <taxonRankValue>Magnoliaceae</taxonRankValue>
                    </taxonomicClassification>
                    <taxonomicClassification>
                          <taxonRankName>Family</taxonRankName>
                        <taxonRankValue>Malpighiaceae</taxonRankValue>
                    </taxonomicClassification>
                    <taxonomicClassification>
                          <taxonRankName>Family</taxonRankName>
                        <taxonRankValue>Malvaceae</taxonRankValue>
                    </taxonomicClassification>
                    <taxonomicClassification>
                          <taxonRankName>Family</taxonRankName>
                        <taxonRankValue>Marantaceae</taxonRankValue>
                    </taxonomicClassification>
                    <taxonomicClassification>
                          <taxonRankName>Family</taxonRankName>
                        <taxonRankValue>Marcgraviaceae</taxonRankValue>
                    </taxonomicClassification>
                    <taxonomicClassification>
                          <taxonRankName>Family</taxonRankName>
                        <taxonRankValue>Marsileaceae</taxonRankValue>
                    </taxonomicClassification>
                    <taxonomicClassification>
                          <taxonRankName>Family</taxonRankName>
                        <taxonRankValue>Melastomataceae</taxonRankValue>
                    </taxonomicClassification>
                    <taxonomicClassification>
                          <taxonRankName>Family</taxonRankName>
                        <taxonRankValue>Meliaceae</taxonRankValue>
                    </taxonomicClassification>
                    <taxonomicClassification>
                          <taxonRankName>Family</taxonRankName>
                        <taxonRankValue>Menispermaceae</taxonRankValue>
                    </taxonomicClassification>
                    <taxonomicClassification>
                          <taxonRankName>Family</taxonRankName>
                        <taxonRankValue>Moraceae</taxonRankValue>
                    </taxonomicClassification>
                    <taxonomicClassification>
                          <taxonRankName>Family</taxonRankName>
                        <taxonRankValue>Moringaceae</taxonRankValue>
                    </taxonomicClassification>
                    <taxonomicClassification>
                          <taxonRankName>Family</taxonRankName>
                        <taxonRankValue>Muntingiaceae</taxonRankValue>
                    </taxonomicClassification>
                    <taxonomicClassification>
                          <taxonRankName>Family</taxonRankName>
                        <taxonRankValue>Myricaceae</taxonRankValue>
                    </taxonomicClassification>
                    <taxonomicClassification>
                          <taxonRankName>Family</taxonRankName>
                        <taxonRankValue>Myristicaceae</taxonRankValue>
                    </taxonomicClassification>
                    <taxonomicClassification>
                          <taxonRankName>Family</taxonRankName>
                        <taxonRankValue>Myrtaceae</taxonRankValue>
                    </taxonomicClassification>
                    <taxonomicClassification>
                          <taxonRankName>Family</taxonRankName>
                        <taxonRankValue>Nyctaginaceae</taxonRankValue>
                    </taxonomicClassification>
                    <taxonomicClassification>
                          <taxonRankName>Family</taxonRankName>
                        <taxonRankValue>Nymphaeaceae</taxonRankValue>
                    </taxonomicClassification>
                    <taxonomicClassification>
                          <taxonRankName>Family</taxonRankName>
                        <taxonRankValue>Ochnaceae</taxonRankValue>
                    </taxonomicClassification>
                    <taxonomicClassification>
                          <taxonRankName>Family</taxonRankName>
                        <taxonRankValue>Onagraceae</taxonRankValue>
                    </taxonomicClassification>
                    <taxonomicClassification>
                          <taxonRankName>Family</taxonRankName>
                        <taxonRankValue>Orchidaceae</taxonRankValue>
                    </taxonomicClassification>
                    <taxonomicClassification>
                          <taxonRankName>Family</taxonRankName>
                        <taxonRankValue>Pandanaceae</taxonRankValue>
                    </taxonomicClassification>
                    <taxonomicClassification>
                          <taxonRankName>Family</taxonRankName>
                        <taxonRankValue>Passifloraceae</taxonRankValue>
                    </taxonomicClassification>
                    <taxonomicClassification>
                          <taxonRankName>Family</taxonRankName>
                        <taxonRankValue>Pedaliaceae</taxonRankValue>
                    </taxonomicClassification>
                    <taxonomicClassification>
                          <taxonRankName>Family</taxonRankName>
                        <taxonRankValue>Phyllanthaceae</taxonRankValue>
                    </taxonomicClassification>
                    <taxonomicClassification>
                          <taxonRankName>Family</taxonRankName>
                        <taxonRankValue>Phytolaccaceae</taxonRankValue>
                    </taxonomicClassification>
                    <taxonomicClassification>
                          <taxonRankName>Family</taxonRankName>
                        <taxonRankValue>Picramniaceae</taxonRankValue>
                    </taxonomicClassification>
                    <taxonomicClassification>
                          <taxonRankName>Family</taxonRankName>
                        <taxonRankValue>Piperaceae</taxonRankValue>
                    </taxonomicClassification>
                    <taxonomicClassification>
                          <taxonRankName>Family</taxonRankName>
                        <taxonRankValue>Plantaginaceae</taxonRankValue>
                    </taxonomicClassification>
                    <taxonomicClassification>
                          <taxonRankName>Family</taxonRankName>
                        <taxonRankValue>Poaceae</taxonRankValue>
                    </taxonomicClassification>
                    <taxonomicClassification>
                          <taxonRankName>Family</taxonRankName>
                        <taxonRankValue>Polygonaceae</taxonRankValue>
                    </taxonomicClassification>
                    <taxonomicClassification>
                          <taxonRankName>Family</taxonRankName>
                        <taxonRankValue>Polypodiaceae</taxonRankValue>
                    </taxonomicClassification>
                    <taxonomicClassification>
                          <taxonRankName>Family</taxonRankName>
                        <taxonRankValue>Pontederiaceae</taxonRankValue>
                    </taxonomicClassification>
                    <taxonomicClassification>
                          <taxonRankName>Family</taxonRankName>
                        <taxonRankValue>Portulacaceae</taxonRankValue>
                    </taxonomicClassification>
                    <taxonomicClassification>
                          <taxonRankName>Family</taxonRankName>
                        <taxonRankValue>Primulaceae</taxonRankValue>
                    </taxonomicClassification>
                    <taxonomicClassification>
                          <taxonRankName>Family</taxonRankName>
                        <taxonRankValue>Pteridaceae</taxonRankValue>
                    </taxonomicClassification>
                    <taxonomicClassification>
                          <taxonRankName>Family</taxonRankName>
                        <taxonRankValue>Rhamnaceae</taxonRankValue>
                    </taxonomicClassification>
                    <taxonomicClassification>
                          <taxonRankName>Family</taxonRankName>
                        <taxonRankValue>Rubiaceae</taxonRankValue>
                    </taxonomicClassification>
                    <taxonomicClassification>
                          <taxonRankName>Family</taxonRankName>
                        <taxonRankValue>Rutaceae</taxonRankValue>
                    </taxonomicClassification>
                    <taxonomicClassification>
                          <taxonRankName>Family</taxonRankName>
                        <taxonRankValue>Salicaceae</taxonRankValue>
                    </taxonomicClassification>
                    <taxonomicClassification>
                          <taxonRankName>Family</taxonRankName>
                        <taxonRankValue>Sapindaceae</taxonRankValue>
                    </taxonomicClassification>
                    <taxonomicClassification>
                          <taxonRankName>Family</taxonRankName>
                        <taxonRankValue>Sapotaceae</taxonRankValue>
                    </taxonomicClassification>
                    <taxonomicClassification>
                          <taxonRankName>Family</taxonRankName>
                        <taxonRankValue>Scrophulariaceae</taxonRankValue>
                    </taxonomicClassification>
                    <taxonomicClassification>
                          <taxonRankName>Family</taxonRankName>
                        <taxonRankValue>Simaroubaceae</taxonRankValue>
                    </taxonomicClassification>
                    <taxonomicClassification>
                          <taxonRankName>Family</taxonRankName>
                        <taxonRankValue>Siparunaceae</taxonRankValue>
                    </taxonomicClassification>
                    <taxonomicClassification>
                          <taxonRankName>Family</taxonRankName>
                        <taxonRankValue>Smilacaceae</taxonRankValue>
                    </taxonomicClassification>
                    <taxonomicClassification>
                          <taxonRankName>Family</taxonRankName>
                        <taxonRankValue>Solanaceae</taxonRankValue>
                    </taxonomicClassification>
                    <taxonomicClassification>
                          <taxonRankName>Family</taxonRankName>
                        <taxonRankValue>Tectariaceae</taxonRankValue>
                    </taxonomicClassification>
                    <taxonomicClassification>
                          <taxonRankName>Family</taxonRankName>
                        <taxonRankValue>Typhaceae</taxonRankValue>
                    </taxonomicClassification>
                    <taxonomicClassification>
                          <taxonRankName>Family</taxonRankName>
                        <taxonRankValue>Ulmaceae</taxonRankValue>
                    </taxonomicClassification>
                    <taxonomicClassification>
                          <taxonRankName>Family</taxonRankName>
                        <taxonRankValue>Urticaceae</taxonRankValue>
                    </taxonomicClassification>
                    <taxonomicClassification>
                          <taxonRankName>Family</taxonRankName>
                        <taxonRankValue>Verbenaceae</taxonRankValue>
                    </taxonomicClassification>
                    <taxonomicClassification>
                          <taxonRankName>Family</taxonRankName>
                        <taxonRankValue>Violaceae</taxonRankValue>
                    </taxonomicClassification>
                    <taxonomicClassification>
                          <taxonRankName>Family</taxonRankName>
                        <taxonRankValue>Vitaceae</taxonRankValue>
                    </taxonomicClassification>
                    <taxonomicClassification>
                          <taxonRankName>Family</taxonRankName>
                        <taxonRankValue>Vochysiaceae</taxonRankValue>
                    </taxonomicClassification>
                    <taxonomicClassification>
                          <taxonRankName>Family</taxonRankName>
                        <taxonRankValue>Zamiaceae</taxonRankValue>
                    </taxonomicClassification>
                    <taxonomicClassification>
                          <taxonRankName>Family</taxonRankName>
                        <taxonRankValue>Zingiberaceae</taxonRankValue>
                    </taxonomicClassification>
                    <taxonomicClassification>
                          <taxonRankName>Family</taxonRankName>
                        <taxonRankValue>Zygophyllaceae</taxonRankValue>
                    </taxonomicClassification>
              </taxonomicCoverage>
      </coverage>
      <purpose>
          <para>El proyecto “Cerrando la brecha entre parcelas permanentes y la conservación de plantas en Colombia”, financiado por la fundación JRS biodiversity (http://jrsbiodiversity.org/grant/instituto-de-investigacion-de-recursos-biologicos-alexander-von-humboldt/), tiene como objetivo digitalizar el material de herbario de bosque seco. El propósito de este proyecto es poner a disposición de todos la información sobre las especies vegetales de bosque seco y sus rasgos funcionales para promover la investigación y conservación de este ecosistema en Colombia.</para>
      </purpose>
      <maintenance>
          <description>
              <para></para>
          </description>
          <maintenanceUpdateFrequency>unkown</maintenanceUpdateFrequency>
      </maintenance>
      <contact>
    <individualName>
<givenName>Rosalba</givenName>          <surName>Ruiz Vega</surName>
    </individualName>
<organizationName>Universidad de Córdoba</organizationName><positionName>Directora Herbario HUC</positionName>    <address>
<deliveryPoint>Carrera 6 No. 76-103</deliveryPoint><city>Montería</city><administrativeArea>Córdoba</administrativeArea><country>COLOMBIA</country>    </address>
<phone>3106405527</phone><electronicMailAddress>ruivega@hotmail.com</electronicMailAddress><onlineUrl>http://www.unicordoba.edu.co/</onlineUrl>      </contact>
      <methods>
            <methodStep>
                <description>
                    <para>La digitalización de especímenes se refiere a la captura fotográfica y el registro de información de especímenes o colecciones. Típicamente los especímenes incluyen etiquetas y notas de campo que contienen información sobre el evento de colecta (Ejemplo: Nombre del colector, fechas, localidad, etc.) determinaciones taxonómicas y números de catálogo o identificadores. La digitalización de la información de las etiquetas incluye captura del texto como caracteres, y almacenamiento de esta información en bases de datos, igualmente la digitalización también incluye la captura de imágenes digitales. El proceso de digitalización incluye las siguientes tareas: 1. Curado y pre-digitalización 2. Captura de imágenes (fotografía de especímenes y etiquetas) 3. Procesamiento de las imágenes 4. Captura electrónica de los datos</para>
                </description>
            </methodStep>
            <methodStep>
                <description>
                    <para>1. CURADO Y PRE-DIGITALIZACIÓN Constituye el primer paso en la digitalización de especímenes y brinda la oportunidad de realizar las siguientes actividades: -Inspeccionar y restaurar los especímenes dañados y evaluar la salud de la colección. -Tratar las pestes. -Descubrir especímenes perdidos pertenecientes a otras instituciones o tipos no conocidos en la colección. -Actualizar las determinaciones taxonómicas. -Reorganizar los contenidos de los gabinetes o compactadores. -Seleccionar los ejemplares para la digitalización. -Adjuntar un identificador único (código de barras) a cada espécimen.</para>
                </description>
            </methodStep>
            <methodStep>
                <description>
                    <para>2. CAPTURA DE IMÁGENES (fotografía de especímenes y etiquetas) La captura de imágenes consiste en fotografiar los ejemplares codificados previamente y descargar las imágenes en el computador destinado para la edición y marcaje. Durante el proceso de fotografía de una familia se debe llevar un registro detallado de las diferentes actividades realizadas. A continuación se explican los pasos y se dan las instrucciones necesarias para el proceso de Captura de imagen. La captura de imágenes generalmente requiere: -Pre-configuración e iniciación de los equipos. -Organización de los especímenes que serán fotografiados. -Toma de la imagen. -Descarga y almacenamiento de la imagen. -Captura del código de barras. -Mover el espécimen a una nueva estación o incluirlo nuevamente en la colección.</para>
                </description>
            </methodStep>
            <methodStep>
                <description>
                    <para>3. PROCESAMIENTO DE LAS IMÁGENES El procesamiento de las imágenes incluye todas las tareas o grupo de tareas desarrolladas sobre una imagen, seis tareas son las más comunes: 1. Control de calidad. 2. Procesamiento de la imagen. 3. Conversión de archivos. 4. Copia de Seguridad. Durante el procesamiento de la imagen se debe llevar un registro detallado de las diferentes actividades realizadas. Para este proceso se parte de la fotografía descargada en rutas preestablecidas.</para>
                </description>
            </methodStep>
            <methodStep>
                <description>
                    <para>4. CAPTURA ELECTRÓNICA DE LOS DATOS La captura electrónica de datos involucra la extracción de datos de las etiquetas y la digitalización de estos datos en una base de datos electrónica. Según este protocolo la captura de datos debe ser después de la captura de la imagen. En las colecciones donde una gran cantidad especímenes son fotografiados, los datos son tomados directamente de las imágenes, reduciendo las posibilidades de daño en los múltiples viajes de los especímenes. Existen muchas formas de capturar la información de las etiquetas de herbario, pero la más común es mediante la digitalización directa en una plantilla estándar, como las ofrecidas por el formato Darwin Core. En nuestro proyecto “Cerrando la brecha entre parcelas permanentes y la conservación de plantas en Colombia” trabajaremos con las plantillas DwC para la documentación de registros biológicos. Esta plantilla se encuentra adjunta a este documento. El estándar Darwin Core (Versión 2011-10-26) está conformado por 175 elementos, de los cuáles solo cinco son obligatorios (ID del registro biológico, base del registro, código de la institución, código de la colección, número de catálogo). Nosotros trabajaremos con elementos comunes y elementos de extensión que incluirán información sobre las imágenes y los rasgos funcionales tomados de los especímenes de herbario.</para>
                </description>
            </methodStep>
            <sampling>
                <studyExtent>
                    <description>
                        <para>Ejemplares de bosque seco del herbario HUC de la Universidad de Córdoba, ubicado en ciudad de Montería (Córdoba).</para>
                    </description>
                </studyExtent>
                <samplingDescription>
                    <para>Los datos contenidos en este recurso pertenecen a ejemplares de bosque seco tropical del Herbario HUC que fueron digitalizados y publicados en el recurso electrónico &quot;Herbario Universidad de Córdoba&quot; y compartidos en el &quot;Herbario virtual Bosques Secos de Colombia&quot;, a través de FlickR. Los exicados fueron seleccionados por la localidad en la que fueron colectados (la cual debe pertenecer a bosque seco tropical). Estos ejemplares se seleccionaron en la base de datos del herbario, posteriormente se ubicaron en la colección y fueron extraídos de la misma para transportarlos al laboratorio de fotografía.</para>
                </samplingDescription>
            </sampling>
            <qualityControl>
                <description>
                    <para>En cada una de las actividades desarrolladas durante la digitalización de especímenes de herbario se realiza control de calidad. El control de calidad usualmente se efectúa mediante la selección y el examen de las imágenes en intervalos regulares, las imágenes seleccionas son evaluadas en el enfoque, la exposición correcta, manchas, desajustes entre los nombres de los archivos, valor del código de barras o número de identificación y otros signos evidentes de error al inspeccionar. Este control se realiza de la siguiente manera: 
1. Se realiza el curado y actualización nomenclatural de los ejemplares seleccionados para la digitalización mediante el uso de bases de datos virtuales como The Plant List, Tropicos, El catálogo de la vida, IPNI, entre otros 
2. El control de calidad de las imágenes se realiza en un solo espacio y un solo computador con dos monitores, preferiblemente calibrados, para asegurar una visualización óptima. Este control debe llevarse a cabo aproximadamente cada 20 imágenes. 
3. Los archivos de imagen son visualizados utilizando el software de edición de imágenes de la cámara (Digital Photo Professional). 
4. Las imágenes se magnifican a 100% para verificar que contengan todos los elementos necesarios (reglilla, tarjeta de color, etiqueta completa), la calidad requerida, confirmar el enfoque, la exposición correcta, manchas o rayas, desajustes entre los nombres de los archivos y valor del código de barras del espécimen.</para>
                </description>
            </qualityControl>
      </methods>

      <project >
          <title>Cerrando la brecha entre parcelas permanentes y la conservación de plantas en Colombia</title>
          <personnel>
    <individualName>
<givenName>Rosalba</givenName>          <surName>Ruiz Vega</surName>
    </individualName>
    <role>POINT_OF_CONTACT</role>
          </personnel>
          <abstract>
              <para></para>
          </abstract>
          <funding>
              <para>Fundación JRS Biodiversity. Convenio de cooperación 13-12-117-276CE entre el Instituto Humboldt y la Universidad de Córdoba.</para>
          </funding>
            <studyAreaDescription>
                <descriptor name="generic" citableClassificationSystem="false">
                    <descriptorValue>Este conjunto de datos contiene registros biológicos y medidas de rasgos funcionales asociados a imágenes digitales de alta resolución de material de herbario de plantas de bosque seco tropical de Colombia</descriptorValue>
                </descriptor>
            </studyAreaDescription>
            <designDescription>
                <description>
                    <para>El proyecto “Cerrando la brecha entre parcelas permanentes y la conservación de plantas en Colombia”, financiado por la fundación JRS biodiversity (http://jrsbiodiversity.org/grant/instituto-de-investigacion-de-recursos-biologicos-alexander-von-humboldt/), tiene como objetivo digitalizar el material de herbario de bosque seco de cinco herbarios del país: Universidad ICESI, Universidad de Córdoba, Jardín Botánico de Tuluá, Universidad del Tolima, y herbario FMB del Instituto de Investigación Alexander von Humboldt (IAvH). Este material hace partes de las colecciones de herbarios pero también ha sido recolectado en campo en parcelas permanentes de bosque seco en las diferentes regiones del país. El propósito de este proyecto es poner a disposición de todos la información sobre la especies vegetales y sus rasgos funcionales de bosque seco para promover la investigación y conservación de este ecosistema en Colombia. En esta sección se encuentran los datos digitalizados del herbario HUC, Universidad de Córdoba.</para>
                </description>
            </designDescription>
      </project>
</dataset>

<additionalMetadata>
    <metadata>
      <gbif>
        <dateStamp>2021-08-03T09:06:50Z</dateStamp>
      <citation identifier="http://doi.org/10.15472/4ky4ru">Saab Ramos H P, Ruiz Vega R (2021). Herbario Virtual Bosques Secos de Colombia - Sección Herbario Universidad de Córdoba (HUC). Version 4.5. Universidad de Córdoba. Occurrence dataset https://doi.org/10.15472/4ky4ru accessed via GBIF.org on 2021-08-03.</citation>
              <bibliography>
      <citation>Instituto de Investigación en Recursos Biológicos Alexander von Humboldt (2013). Protocolo para la Digitalización de Especímenes de Herbario, Versión 1.0. Bogotá. 19 p.</citation>
              </bibliography>
              <physical>
                  <objectName>Herbario Universidad de Córdoba</objectName>
                  <characterEncoding>NA</characterEncoding>
                  <dataFormat>
                      <externallyDefinedFormat>
                          <formatName>.jpg</formatName>
                      </externallyDefinedFormat>
                  </dataFormat>
                  <distribution>
                      <online>
                          <url function="download">https://www.flickr.com/photos/98788120@N02/</url>
                      </online>
                  </distribution>
              </physical>
              <physical>
                  <objectName>Herbario virtual Bosques Secos de Colombia</objectName>
                  <characterEncoding>NA</characterEncoding>
                  <dataFormat>
                      <externallyDefinedFormat>
                          <formatName>.jpg</formatName>
                      </externallyDefinedFormat>
                  </dataFormat>
                  <distribution>
                      <online>
                          <url function="download">https://www.flickr.com/groups/herbario_virtual_bosques_secos_de_colombia/</url>
                      </online>
                  </distribution>
              </physical>
              <resourceLogoUrl>https://statics.sibcolombia.net/sib-resources/images/logos-socios/500px/unicordoba.jpg</resourceLogoUrl>
              <collection>
                <parentCollectionIdentifier>HUC</parentCollectionIdentifier>
                <collectionIdentifier>Registro Nacional de Colecciones Biológicas: 22</collectionIdentifier>
                <collectionName>Herbario Universidad de Córdoba</collectionName>
              </collection>
                <specimenPreservationMethod>DRIED_AND_PRESSED</specimenPreservationMethod>
      </gbif>
    </metadata>
</additionalMetadata>

</eml:eml>
