<?xml version="1.0" encoding="utf-8"?>
<eml:eml xmlns:eml="eml://ecoinformatics.org/eml-2.1.1" xmlns:xsi="http://www.w3.org/2001/XMLSchema-instance"
         xsi:schemaLocation="eml://ecoinformatics.org/eml-2.1.1 http://rs.gbif.org/schema/eml-gbif-profile/1.1/eml.xsd"
        packageId="fa4e2235-778f-4ca9-bb54-6f50da39a79e"  system="http://gbif.org" scope="system"
  xml:lang="fr">

<dataset>
      <alternateIdentifier>10.15468/gdbrsj</alternateIdentifier>
        <alternateIdentifier>fa4e2235-778f-4ca9-bb54-6f50da39a79e</alternateIdentifier>
        <alternateIdentifier>http://ipt-cotedivoire.gbif.fr/resource?r=publi_csrs</alternateIdentifier>
    <title>Occurrences des échantillons de plantes de l&apos;Herbier du Centre Suisse de Recherches Scientifiques (CSRS) en Côte d&apos;Ivoire</title>
    <creator>
    <individualName>
<givenName>Adama</givenName>          <surName>BAKAYOKO</surName>
    </individualName>
<organizationName>Centre Suisse de Recherches Scientifiques</organizationName><positionName>Lecturer</positionName>    <address>
<deliveryPoint>01 BP 1303 Abidjan 01</deliveryPoint><city>Abidjan</city><administrativeArea>District Autonome</administrativeArea><postalCode>+225</postalCode><country>CÔTE_DIVOIRE</country>    </address>
<phone>57961799</phone><electronicMailAddress>adama.bakayoko@csrs.ci</electronicMailAddress>    </creator>
    <metadataProvider>
    <individualName>
<givenName>Cyrille</givenName>          <surName>CHATELAIN</surName>
    </individualName>
<organizationName>CJB</organizationName><positionName>Researcher</positionName>    <address>
<city>Génève</city><country>SWITZERLAND</country>    </address>
<electronicMailAddress>cyrille.chatelain@ville-ge.ch</electronicMailAddress>    </metadataProvider>
    <metadataProvider>
    <individualName>
<givenName>Mamidou Witabouna</givenName>          <surName>KONE</surName>
    </individualName>
<organizationName>Centre Suisse de Recherches Scientifiques</organizationName><positionName>Researcher</positionName>    <address>
<deliveryPoint>01 BP 1303 Abidjan 01</deliveryPoint><city>Abidjan</city><administrativeArea>District Autonome</administrativeArea><postalCode>+225</postalCode><country>CÔTE_DIVOIRE</country>    </address>
<phone>58340276</phone><electronicMailAddress>mamidou.kone@csrs.ci</electronicMailAddress>    </metadataProvider>
    <metadataProvider>
    <individualName>
<givenName>Inza</givenName>          <surName>KONE</surName>
    </individualName>
<organizationName>Centre Suisse de Recherches Scietifiques</organizationName><positionName>Director</positionName>    <address>
<deliveryPoint>01 BP 1303 Abidjan 01</deliveryPoint><city>Abidjan</city><administrativeArea>District Autonome</administrativeArea><postalCode>+225</postalCode><country>CÔTE_DIVOIRE</country>    </address>
<phone>78266736</phone><electronicMailAddress>inza.kone@csrs.ci</electronicMailAddress>    </metadataProvider>
    <metadataProvider>
    <individualName>
<givenName>Doudjo</givenName>          <surName>OUATTARA</surName>
    </individualName>
<organizationName>Centre Suisse de Recherches Scientifiques</organizationName><positionName>Researcher</positionName>    <address>
<deliveryPoint>01 BP 1303 Abidjan 01</deliveryPoint><city>Abidjan</city><administrativeArea>District Autonome</administrativeArea><postalCode>+225</postalCode><country>CÔTE_DIVOIRE</country>    </address>
<phone>78701197</phone><electronicMailAddress>dojjoo@yahoo.fr</electronicMailAddress>    </metadataProvider>
    <metadataProvider>
    <individualName>
<givenName>Konan</givenName>          <surName>YAO</surName>
    </individualName>
<organizationName>Centre National de Floristique</organizationName><positionName>Researcher</positionName>    <address>
<deliveryPoint>22 BP 582 Abidjan 22</deliveryPoint><city>Abidjan</city><administrativeArea>District Autonome</administrativeArea><postalCode>+225</postalCode><country>CÔTE_DIVOIRE</country>    </address>
<phone>08017956</phone>    </metadataProvider>
    <metadataProvider>
    <individualName>
<givenName>Laurent</givenName>          <surName>GAUTIER</surName>
    </individualName>
<organizationName>CJB</organizationName><positionName>Researcher</positionName>    <address>
<city>Génève</city><country>SWITZERLAND</country>    </address>
<electronicMailAddress>laurent.gautier@ville-ge.ch</electronicMailAddress>    </metadataProvider>
    <associatedParty>
    <individualName>
<givenName>Béranger</givenName>          <surName>N&apos;Goran</surName>
    </individualName>
<organizationName>Université Félix Houphouët Boigny, Centre National de Floristique (CNF)</organizationName><positionName>Researcher</positionName>    <address>
<deliveryPoint>22 BP 582 Abidjan 22</deliveryPoint><city>Abidjan</city><administrativeArea>District Autonome</administrativeArea><postalCode>+225</postalCode><country>CÔTE_DIVOIRE</country>    </address>
<phone>58415317</phone><electronicMailAddress>kouaberanger@yahoo.fr</electronicMailAddress>    <role>PUBLISHER</role>
    </associatedParty>
      <pubDate>
      2020-04-25
      </pubDate>
    <language>FRENCH</language>
    <abstract>
        <para>L&amp;#39;inventaire des données d&amp;#39;occurrence de toutes les  espèces de plantes  de l&amp;#39;Herbier du Centre Suisse de Recherches Scientifiques en Côte d&amp;#39;Ivoire a permis de dénombrer 8896 données d&amp;#39;occurrence répresentant 11469 échantillons. Les échantillons proviennent de  collectes réalisées dans toutes les zones phytogéographiques de la Côte d&amp;#39;Ivoire allant des forêts denses humides (Sud) aux savanes soudaniennes (Nord du pays) et de certains pays de l&amp;#39;Afrique de l&amp;#39;Ouest (Mali, Burkina Faso, Ghana, Liberia et Sierra Leone) depuis les années 1900 à 2018.</para>
    </abstract>
        <keywordSet>
              <keyword>Herbier</keyword>
              <keyword>Occurrences</keyword>
              <keyword>Côte d&apos;Ivoire</keyword>
              <keyword>CSRS</keyword>
              <keywordThesaurus>GBIF Dataset Type Vocabulary: http://rs.gbif.org/vocabulary/gbif/dataset_type.xml</keywordThesaurus>
        </keywordSet>
        <keywordSet>
              <keyword>Acanthaceae</keyword>
              <keyword>Zingiberaceae</keyword>
              <keywordThesaurus>GBIF Dataset Subtype Vocabulary: http://rs.gbif.org/vocabulary/gbif/dataset_subtype.xml</keywordThesaurus>
        </keywordSet>
      <intellectualRights>
        <para>This work is licensed under a <ulink url="http://creativecommons.org/licenses/by/4.0/legalcode"><citetitle>Creative Commons Attribution (CC-BY) 4.0 License</citetitle></ulink>.</para>
      </intellectualRights>
      <distribution scope="document">
          <online>
              <url function="information">http://www.csrs.ch</url>
          </online>
      </distribution>
      <coverage>
            <geographicCoverage>
                  <geographicDescription>Pays de l&apos;Afrique de l&apos;Ouest</geographicDescription>
                  <boundingCoordinates>
                      <westBoundingCoordinate>-8.262</westBoundingCoordinate>
                      <eastBoundingCoordinate>0.703</eastBoundingCoordinate>
                      <northBoundingCoordinate>19.973</northBoundingCoordinate>
                      <southBoundingCoordinate>4.741</southBoundingCoordinate>
                  </boundingCoordinates>
            </geographicCoverage>
          <temporalCoverage>
            <rangeOfDates>
              <beginDate>
                <calendarDate>      1902
</calendarDate>
              </beginDate>
              <endDate>
                <calendarDate>      2018
</calendarDate>
              </endDate>
            </rangeOfDates>
          </temporalCoverage>
              <taxonomicCoverage>
                    <generalTaxonomicCoverage>Echantillons d&apos;Herbier du Centre Suisse de Recherches Scientifiques en Côte d&apos;Ivoire</generalTaxonomicCoverage>
                    <taxonomicClassification>
                          <taxonRankName>Species</taxonRankName>
                        <taxonRankValue>Acanthus guineensis</taxonRankValue>
                    </taxonomicClassification>
                    <taxonomicClassification>
                        <taxonRankValue>Aframomum alboviolaceum</taxonRankValue>
                    </taxonomicClassification>
              </taxonomicCoverage>
      </coverage>
      <maintenance>
          <description>
              <para></para>
          </description>
          <maintenanceUpdateFrequency>unkown</maintenanceUpdateFrequency>
      </maintenance>
      <contact>
    <individualName>
<givenName>Ipou Joseph</givenName>          <surName>IPOU</surName>
    </individualName>
<organizationName>Université Felix Houphouët-Boigny</organizationName><positionName>Coordinator</positionName>    <address>
<deliveryPoint>22 BP 582 Abidjan 22</deliveryPoint><city>Abidjan</city><administrativeArea>District Autonome</administrativeArea><postalCode>+225</postalCode><country>CÔTE_DIVOIRE</country>    </address>
<phone>07546039</phone><electronicMailAddress>ipoujoseph@yahoo.fr</electronicMailAddress>      </contact>
      <methods>
            <methodStep>
                <description>
                    <para>encodage des données d&apos;herbier</para>
                </description>
            </methodStep>
            <sampling>
                <studyExtent>
                    <description>
                        <para>des années 1900 à 2018</para>
                    </description>
                </studyExtent>
                <samplingDescription>
                    <para>nettoyage des herbiers</para>
                </samplingDescription>
            </sampling>
      </methods>

      <project id="BID-AF2015-0025-NAC">
          <title>Evaluation and development of a funding mechanism and efficient management of data on plant biodiversity in Côte d&apos;Ivoire (Ivory Coast)</title>
          <personnel>
    <individualName>
<givenName>Joseph Ipou</givenName>          <surName>IPOU</surName>
    </individualName>
    <role>POINT_OF_CONTACT</role>
          </personnel>
          <abstract>
              <para>The objective of the project is to reinvogorate the action of CNF in the backup data of the Ivorian flora by contributing to an efficient and universal use of data on plant biodiversity in Côte d&apos;Ivoire, through the establishment of a participatory strategy of capitalization and dissemination. The project will be executed by four major players who are involved in the management of the Ivorian plant biodiversity.</para>
          </abstract>
          <funding>
              <para>BID</para>
          </funding>
            <studyAreaDescription>
                <descriptor name="generic" citableClassificationSystem="false">
                    <descriptorValue>Côte d&apos;Ivoire</descriptorValue>
                </descriptor>
            </studyAreaDescription>
      </project>
</dataset>

<additionalMetadata>
    <metadata>
      <gbif>
        <dateStamp>2021-08-03T09:07:05Z</dateStamp>
      <citation>BAKAYOKO A, CHATELAIN C, KONE M W, KONE I, OUATTARA D, YAO K, GAUTIER L (2020). Occurrences des échantillons de plantes de l&apos;Herbier du Centre Suisse de Recherches Scientifiques (CSRS) en Côte d&apos;Ivoire. Version 1.2. Centre Suisse de Recherches Scientifiques en Côte d&apos;Ivoire. Occurrence dataset https://doi.org/10.15468/gdbrsj accessed via GBIF.org on 2021-08-03.</citation>
              <bibliography>
      <citation>Chatelain C., Aké-Assi L., Spichiger R., Gautier L., 2011. Cartes de distribution des plantes de Côte d&apos;Ivoire. Boissiera, Volume 64, Conservatoire et Jardin botaniques de la Villed de Génève, Suisse, 327p.</citation>
      <citation>Aké-Assi L., 2001. Flore de la Côte d&apos;Ivoire: catalogue systématique, biogéographie et écologie, I. Boisisiera, volume 57. Mémoires de botanique systématique, Génève, Suisse, 396p.</citation>
      <citation>Aké-Assi L., 2002. Flore de la Côte d&apos;Ivoire: catalogue systématique, biogéographie et écologie, II. Boisisiera, volume 58. Mémoires de botanique systématique, Génève, Suisse, 401p.</citation>
      <citation>Aké-Assi L., 1984. Flore de la Côte d&apos;Ivoire: étude descriptive et biogéographie avec quelqus notes ethnobotaniques. Tome IA: flore des Angiospermes: liste commentée des espèces recensées (Acanthaceae à Casuarinaceae). Thèse de Doctorat, Faculté des Sciences de l&apos;Université d&apos;Abidjan, Abidjan, Côte d&apos;Ivoire, 176p.</citation>
      <citation>Aké-Assi L., 1984. Flore de la Côte d&apos;Ivoire: étude descriptive et biogéographie avec quelqus notes ethnobotaniques. Tome IB: flore des Angiospermes: liste commentée des espèces recensées (Cecropiaceae à Leguminosae). Thèse de Doctorat, Faculté des Sciences de l&apos;Université d&apos;Abidjan, Abidjan, Côte d&apos;Ivoire, 393p.</citation>
      <citation>Aké-Assi L., 1984. Flore de la Côte d&apos;Ivoire: étude descriptive et biogéographie avec quelqus notes ethnobotaniques. Tome IC: flore des Angiospermes: liste commentée des espèces recensées (Monocotylédones). Thèse de Doctorat, Faculté des Sciences de l&apos;Université d&apos;Abidjan, Abidjan, Côte d&apos;Ivoire, 721p.</citation>
      <citation>Aké-Assi L., 1984. Flore de la Côte d&apos;Ivoire: étude descriptive et biogéographie avec quelqus notes ethnobotaniques. Tome ID: flore des Angiospermes: liste commentée des espèces recensées (Monocotylédones). Thèse de Doctorat, Faculté des Sciences de l&apos;Université d&apos;Abidjan, Abidjan, Côte d&apos;Ivoire, 721p.</citation>
      <citation>Aké-Assi L., 1984. Flore de la Côte d&apos;Ivoire: étude descriptive et biogéographie avec quelqus notes ethnobotaniques. Tome III: Analyse des caractères de la flore ivoirienne, considérations générales. Thèse de Doctorat, Faculté des Sciences de l&apos;Université d&apos;Abidjan, Abidjan, Côte d&apos;Ivoire, 721p.</citation>
              </bibliography>
              <resourceLogoUrl>http://ipt-cotedivoire.gbif.fr/logo.do?r=publi_csrs</resourceLogoUrl>
              <collection>
                <parentCollectionIdentifier>UCJ</parentCollectionIdentifier>
                <collectionIdentifier>CSRS</collectionIdentifier>
                <collectionName>Centre Suisse de Recherches Scientifiques</collectionName>
              </collection>
                <specimenPreservationMethod>DRIED_AND_PRESSED</specimenPreservationMethod>
      </gbif>
    </metadata>
</additionalMetadata>

</eml:eml>
