<?xml version="1.0" encoding="utf-8"?>
<eml:eml xmlns:eml="eml://ecoinformatics.org/eml-2.1.1" xmlns:xsi="http://www.w3.org/2001/XMLSchema-instance"
         xsi:schemaLocation="eml://ecoinformatics.org/eml-2.1.1 http://rs.gbif.org/schema/eml-gbif-profile/1.1/eml.xsd"
        packageId="ffab0ec5-c5f9-4c26-9b63-28696dc5cac5"  system="http://gbif.org" scope="system"
  xml:lang="en">

<dataset>
      <alternateIdentifier>10.15468/vlr656</alternateIdentifier>
        <alternateIdentifier>http://ipt.sanbi.org.za/iptsanbi/resource?r=msb</alternateIdentifier>
        <alternateIdentifier>ffab0ec5-c5f9-4c26-9b63-28696dc5cac5</alternateIdentifier>
        <alternateIdentifier>12714</alternateIdentifier>
    <title>Millenium Seedbank (MSB)</title>
    <creator>
    <individualName>
          <surName>Fatima Parker-Allie</surName>
    </individualName>
<positionName>system administrator</positionName><phone>+27217998698</phone><electronicMailAddress>f.parker@sanbi.org.za</electronicMailAddress>    </creator>
    <metadataProvider>
    <individualName>
<givenName>Fhatani</givenName>          <surName>Ranwashe</surName>
    </individualName>
<electronicMailAddress>f.ranwashe@sanbi.org.za</electronicMailAddress>    </metadataProvider>
      <pubDate>
      2018-11-01
      </pubDate>
    <language>ENGLISH</language>
    <abstract>
        <para>MSB (Millenium Seedbank) from SANBI.</para>
    </abstract>
        <keywordSet>
              <keyword>Occurrence</keyword>
              <keywordThesaurus>GBIF Dataset Type Vocabulary: http://rs.gbif.org/vocabulary/gbif/dataset_type.xml</keywordThesaurus>
        </keywordSet>
      <intellectualRights>
        <para>This work is licensed under a <ulink url="http://creativecommons.org/licenses/by/4.0/legalcode"><citetitle>Creative Commons Attribution (CC-BY) 4.0 License</citetitle></ulink>.</para>
      </intellectualRights>
      <maintenance>
          <description>
              <para></para>
          </description>
          <maintenanceUpdateFrequency>unkown</maintenanceUpdateFrequency>
      </maintenance>
      <contact>
    <individualName>
          <surName>Fatima Parker-Allie</surName>
    </individualName>
<positionName>system administrator</positionName><phone>+27217998698</phone><electronicMailAddress>f.parker@sanbi.org.za</electronicMailAddress>      </contact>

</dataset>

<additionalMetadata>
    <metadata>
      <gbif>
        <dateStamp>2021-08-03T09:06:40Z</dateStamp>
      <citation>Fatima Parker-Allie, Ranwashe F (2018). Millenium Seedbank (MSB). South African National Biodiversity Institute. Occurrence dataset https://doi.org/10.15468/vlr656 accessed via GBIF.org on 2021-08-03.</citation>
              <physical>
                  <objectName>GBIF Occurrence Download</objectName>
                  <characterEncoding>UTF-8</characterEncoding>
                  <dataFormat>
                      <externallyDefinedFormat>
                          <formatName>Darwin Core Archive</formatName>
                      </externallyDefinedFormat>
                  </dataFormat>
                  <distribution>
                      <online>
                          <url function="download">http://api.gbif.org/v1/occurrence/download/request/0015804-180131172636756.zip</url>
                      </online>
                  </distribution>
              </physical>
              <resourceLogoUrl>http://ipt.sanbi.org.za/iptsanbi/logo.do?r=msb</resourceLogoUrl>
      </gbif>
    </metadata>
</additionalMetadata>

</eml:eml>
