<?xml version="1.0" encoding="utf-8"?>
<eml:eml xmlns:eml="eml://ecoinformatics.org/eml-2.1.1" xmlns:xsi="http://www.w3.org/2001/XMLSchema-instance"
         xsi:schemaLocation="eml://ecoinformatics.org/eml-2.1.1 http://rs.gbif.org/schema/eml-gbif-profile/1.1/eml.xsd"
        packageId="10.15468/dl.e9m6xd"  system="http://gbif.org" scope="system"
  xml:lang="en">

<dataset>
        <alternateIdentifier>0319324-200613084148143</alternateIdentifier>
    <title>GBIF Occurrence Download 10.15468/dl.e9m6xd</title>
    <creator>
    <individualName>
          <surName>GBIF Download Service</surName>
    </individualName>
<electronicMailAddress>support@gbif.org</electronicMailAddress>    </creator>
    <metadataProvider>
    <individualName>
          <surName>GBIF Download Service</surName>
    </individualName>
<electronicMailAddress>support@gbif.org</electronicMailAddress>    </metadataProvider>
      <pubDate>
      2021-07-08
      </pubDate>
    <language>ENGLISH</language>
    <abstract>
        <para>A dataset containing all occurrences available in GBIF matching the query:
{
  &quot;and&quot; : [
    &quot;TaxonKey is one of (Marisa cornuarietis (Linnaeus, 1758), Cherax destructor Clark, 1936)&quot;,
    &quot;HasCoordinate is true&quot;
  ]
}
The dataset includes records from the following constituent datasets. The full metadata for each constituent is also included in this archive:
1 records from NMNH Extant Specimen Records
1 records from City of Kalamunda Biodiversity Inventory
1 records from Auckland Museum NZ Marine Collection
1 records from LACM Malacology
1 records from The Living Murray Fish data
1 records from Tasmanian Museum and Art Gallery provider for OZCAM-Arthropoda
1 records from Australian National Wildlife Collection provider for OZCAM
1 records from BMSM Bailey-Matthews National Shell Museum
1 records from Tasmanian Museum and Art Gallery provider for OZCAM
1 records from Données naturalistes de DELANNOYE Régis
2 records from RBINS DaRWIN
2 records from Royal Belgian Institute of Natural Sciences Mollusc collection
2 records from Colección de Invertebrados del Instituto de Investigación de Recursos Biológicos Alexander von Humboldt (IAvH-I)
2 records from Biodiversitätsdatenbank Salzburg
2 records from Naturalis Biodiversity Center (NL) - Mollusca
2 records from Tasmanian Natural Values Atlas
2 records from DMNS Marine Invertebrate Collection (Arctos)
2 records from Coleção Zoológica de Referência da Universidade Federal de Mato Grosso do Sul - Mollusca (ZUFMS-MOL)
3 records from NatureShare
3 records from Queen Victoria Museum Art Gallery provider for OZCAM
3 records from Wingecarribee Shire Council Macroinvertebrate Sampling
3 records from Crustáceos y moluscos de la cuenca baja del río Sogamoso, Santander
4 records from Observation.org, Nature data from around the World
4 records from Geographically tagged INSDC sequences
8 records from Field Museum of Natural History (Zoology) Invertebrate Collection
9 records from Northern Territory Museum and Art Gallery provider for OZCAM
10 records from University of Michigan Museum of Zoology, Division of Mollusks
12 records from USGS Nonindigenous Aquatic Species database
12 records from NCSM Mollusk Collection
13 records from Delaware Museum of Natural History – Mollusks
14 records from ALA species sightings and OzAtlas
16 records from MAL
17 records from Museum of Comparative Zoology, Harvard University
20 records from UF Invertebrate Zoology
24 records from Canberra Nature Map
32 records from UWIZM Molluscs
44 records from Queensland Museum provider for OZCAM
47 records from Earth Guardians Weekly Feed
59 records from WildNet - Queensland Wildlife Data
100 records from Museums Victoria provider for OZCAM
123 records from Australian Museum provider for OZCAM
151 records from MDFRC macroinvertebrate survey
159 records from iNaturalist Research-grade Observations
202 records from South Australian Museum Australia provider for OZCAM
219 records from NSW BioNet Atlas
485 records from SA Fauna (BDBSA)
4098 records from Victorian Biodiversity Atlas
</para>
    </abstract>
      <contact>
    <individualName>
          <surName>GBIF Download Service</surName>
    </individualName>
<electronicMailAddress>support@gbif.org</electronicMailAddress>      </contact>

</dataset>

<additionalMetadata>
    <metadata>
      <gbif>
        <dateStamp>2021-07-08T15:02:39Z</dateStamp>
      <citation identifier="10.15468/dl.e9m6xd">GBIF Occurrence Download 10.15468/dl.e9m6xd</citation>
              <physical>
                  <objectName>Darwin Core Archive</objectName>
                  <characterEncoding>UTF-8</characterEncoding>
                  <dataFormat>
                      <externallyDefinedFormat>
                          <formatName>Darwin Core Archive</formatName>
                      </externallyDefinedFormat>
                  </dataFormat>
                  <distribution>
                      <online>
                          <url function="download">https://api.gbif.org/v1/occurrence/download/request/0319324-200613084148143.zip</url>
                      </online>
                  </distribution>
              </physical>
        </gbif>
    </metadata>
</additionalMetadata>

</eml:eml>
