<?xml version="1.0" encoding="utf-8"?>
<eml:eml xmlns:eml="eml://ecoinformatics.org/eml-2.1.1" xmlns:xsi="http://www.w3.org/2001/XMLSchema-instance"
         xsi:schemaLocation="eml://ecoinformatics.org/eml-2.1.1 http://rs.gbif.org/schema/eml-gbif-profile/1.1/eml.xsd"
        packageId="4ffe66a0-6c8b-11de-8226-b8a03c50a862"  system="http://gbif.org" scope="system"
  xml:lang="en">

<dataset>
      <alternateIdentifier>10.15468/ijp8p9</alternateIdentifier>
        <alternateIdentifier>https://collections.ala.org.au/public/show/dr347</alternateIdentifier>
        <alternateIdentifier>74f85bb1-c985-3dc8-890d-8244e4f3e65c</alternateIdentifier>
        <alternateIdentifier>http://collections.ala.org.au/public/show/dr347</alternateIdentifier>
        <alternateIdentifier>4ffe66a0-6c8b-11de-8226-b8a03c50a862</alternateIdentifier>
        <alternateIdentifier>cd2be41f-160f-3180-84a6-742b7e7f6d1b</alternateIdentifier>
        <alternateIdentifier>8b49a671-79ea-33f7-98f8-2d45c29d6769</alternateIdentifier>
        <alternateIdentifier>14122</alternateIdentifier>
    <title>Tasmanian Museum and Art Gallery provider for OZCAM</title>
    <creator>
<organizationName>OZCAM (Online Zoological Collections of Australian Museums) Provider</organizationName><onlineUrl>http://www.ozcam.org.au/</onlineUrl>    </creator>
    <creator>
<organizationName>Tasmanian Museum and Art Gallery</organizationName>    <address>
<deliveryPoint>Dunn Place</deliveryPoint><city>Hobart</city><administrativeArea>Tasmania</administrativeArea><postalCode>7000</postalCode><country>AUSTRALIA</country>    </address>
<phone>(03) 6165 7000</phone><electronicMailAddress>tmagmail@tmag.tas.gov.au</electronicMailAddress><onlineUrl>http://www.tmag.tas.gov.au/</onlineUrl>    </creator>
    <creator>
<organizationName>Tasmanian Museum and Art Gallery Bulk Samples Collection</organizationName>    <address>
<deliveryPoint>5 Winkleigh Place</deliveryPoint><city>Rosny Park</city><administrativeArea>Tasmania</administrativeArea><postalCode>7018</postalCode><country>AUSTRALIA</country>    </address>
<onlineUrl>http://www.tmag.tas.gov.au/</onlineUrl>    </creator>
    <metadataProvider>
<organizationName>OZCAM (Online Zoological Collections of Australian Museums) Provider</organizationName><onlineUrl>http://www.ozcam.org.au/</onlineUrl>    </metadataProvider>
    <associatedParty>
<organizationName>Atlas of Living Australia</organizationName>    <address>
<deliveryPoint>CSIRO Ecosystems Services</deliveryPoint><city>Canberra</city><administrativeArea>ACT</administrativeArea><postalCode>2601</postalCode><country>AUSTRALIA</country>    </address>
<electronicMailAddress>info@ala.org.au</electronicMailAddress>    <role>DISTRIBUTOR</role>
    </associatedParty>
      <pubDate>
      2020-12-16
      </pubDate>
    <language>ENGLISH</language>
    <abstract>
        <para>Tasmanian Museum and Art Gallery provider for OZCAM</para>
    </abstract>
      <intellectualRights>
        <para>This work is licensed under a <ulink url="http://creativecommons.org/licenses/by/4.0/legalcode"><citetitle>Creative Commons Attribution (CC-BY) 4.0 License</citetitle></ulink>.</para>
      </intellectualRights>
      <distribution scope="document">
          <online>
              <url function="information">https://collections.ala.org.au/public/show/dr347</url>
          </online>
      </distribution>
      <contact>
    <individualName>
<givenName>OZCAM</givenName>          <surName>Webmaster</surName>
    </individualName>
<positionName>Webmaster</positionName><electronicMailAddress>OZCAM.CHAFC@gmail.com</electronicMailAddress>      </contact>
      <methods>
      </methods>

</dataset>

<additionalMetadata>
    <metadata>
      <gbif>
        <dateStamp>2021-07-08T15:02:35Z</dateStamp>
      <citation>Tasmanian Museum and Art Gallery (2020). Tasmanian Museum and Art Gallery provider for OZCAM. Occurrence dataset https://doi.org/10.15468/ijp8p9 accessed via GBIF.org on 2021-07-08.</citation>
              <resourceLogoUrl>https://collections.ala.org.au/data/dataProvider/ozcam.png</resourceLogoUrl>
      </gbif>
    </metadata>
</additionalMetadata>

</eml:eml>
