<?xml version="1.0" encoding="utf-8"?>
<eml:eml xmlns:eml="eml://ecoinformatics.org/eml-2.1.1" xmlns:xsi="http://www.w3.org/2001/XMLSchema-instance"
         xsi:schemaLocation="eml://ecoinformatics.org/eml-2.1.1 http://rs.gbif.org/schema/eml-gbif-profile/1.1/eml.xsd"
        packageId="51c49096-dc31-4077-b35c-4510a8ee1ee8"  system="http://gbif.org" scope="system"
  xml:lang="en">

<dataset>
      <alternateIdentifier>10.36102/dwc.7</alternateIdentifier>
        <alternateIdentifier>10.15468/unormg</alternateIdentifier>
        <alternateIdentifier>51c49096-dc31-4077-b35c-4510a8ee1ee8</alternateIdentifier>
        <alternateIdentifier>http://ipt.vertnet.org:8080/ipt/resource?r=ncsm-unio</alternateIdentifier>
    <title>NCSM Mollusk Collection</title>
    <creator>
    <individualName>
<givenName>Ben</givenName>          <surName>Norton</surName>
    </individualName>
<organizationName>North Carolina Museum of Natural Sciences</organizationName><positionName>Head of Technology</positionName>    <address>
<deliveryPoint>11 West Jones Street</deliveryPoint><city>Raleigh</city><administrativeArea>NC</administrativeArea><postalCode>27601</postalCode><country>UNITED_STATES</country>    </address>
<phone>919.707.9947</phone><electronicMailAddress>ben.norton@naturalsciences.org</electronicMailAddress><onlineUrl>https://naturalsciences.org/staff/ben-norton</onlineUrl>      <userId directory="https://www.linkedin.com/profile/view?id=">mbnorton</userId>
    </creator>
    <creator>
    <individualName>
<givenName>Jamie</givenName>          <surName>Smith</surName>
    </individualName>
<organizationName>North Carolina Museum of Natural Sciences</organizationName><positionName>Collections Manager of Mollusks</positionName>    <address>
<deliveryPoint>11 West Jones Street</deliveryPoint><city>Raleigh</city><administrativeArea>NC</administrativeArea><postalCode>27601</postalCode><country>UNITED_STATES</country>    </address>
<phone>919-707-8869</phone><electronicMailAddress>jamie.smith@naturalsciences.org</electronicMailAddress><onlineUrl>http://naturalsciences.org/staff/jamie-smith</onlineUrl>    </creator>
    <creator>
    <individualName>
<givenName>Art</givenName>          <surName>Bogan</surName>
    </individualName>
<organizationName>North Carolina Museum of Natural Sciences</organizationName><positionName>Research Curator, Mollusks</positionName>    <address>
<deliveryPoint>11 West Jones Street</deliveryPoint><city>Raleigh</city><administrativeArea>NC</administrativeArea><postalCode>27601</postalCode><country>UNITED_STATES</country>    </address>
<phone>919.707.8863</phone><electronicMailAddress>arthur.bogan@naturalsciences.org</electronicMailAddress><onlineUrl>https://naturalsciences.org/staff/arthur-bogan</onlineUrl>    </creator>
    <metadataProvider>
    <individualName>
<givenName>Ben</givenName>          <surName>Norton</surName>
    </individualName>
<organizationName>North Carolina Museum of Natural Sciences</organizationName><positionName>Head of Technology</positionName>    <address>
<deliveryPoint>11 West Jones Street</deliveryPoint><city>Raleigh</city><administrativeArea>NC</administrativeArea><postalCode>27601</postalCode><country>UNITED_STATES</country>    </address>
<phone>919.707.9947</phone><electronicMailAddress>ben.norton@naturalsciences.org</electronicMailAddress><onlineUrl>https://naturalsciences.org/staff/ben-norton</onlineUrl>      <userId directory="https://www.linkedin.com/profile/view?id=">mbnorton</userId>
    </metadataProvider>
    <associatedParty>
    <individualName>
<givenName>Art</givenName>          <surName>Bogan</surName>
    </individualName>
<organizationName>North Carolina Museum of Natural Sciences</organizationName><positionName>Research Curator of Mollusks</positionName>    <address>
<deliveryPoint>11 West Jones Street</deliveryPoint><city>Raleigh</city><administrativeArea>NC</administrativeArea><postalCode>27601</postalCode><country>UNITED_STATES</country>    </address>
<phone>919-707-8863</phone><electronicMailAddress>art.bogan@naturalsciences.org</electronicMailAddress><onlineUrl>http://naturalsciences.org/staff/arthur-bogan</onlineUrl>    <role>CURATOR</role>
    </associatedParty>
    <associatedParty>
    <individualName>
<givenName>Laura</givenName>          <surName>Russell</surName>
    </individualName>
<organizationName>VertNet</organizationName><positionName>VertNet Programmer</positionName><electronicMailAddress>larussell@vertnet.org</electronicMailAddress><onlineUrl>http://www.vertnet.org</onlineUrl>    <role>PROGRAMMER</role>
    </associatedParty>
    <associatedParty>
    <individualName>
<givenName>David</givenName>          <surName>Bloom</surName>
    </individualName>
<organizationName>VertNet</organizationName><positionName>VertNet Coordinator</positionName><electronicMailAddress>dbloom@vertnet.org</electronicMailAddress><onlineUrl>http://www.vertnet.org</onlineUrl>    <role>PROGRAMMER</role>
    </associatedParty>
    <associatedParty>
    <individualName>
<givenName>John</givenName>          <surName>Wieczorek</surName>
    </individualName>
<organizationName>Museum of Vertebrate Zoology at UC Berkeley</organizationName><positionName>Information Architect</positionName><electronicMailAddress>tuco@berkeley.edu</electronicMailAddress>    <role>PROGRAMMER</role>
    </associatedParty>
      <pubDate>
      2021-06-23
      </pubDate>
    <language>ENGLISH</language>
    <abstract>
        <para>The North Carolina Museum of Natural Sciences&amp;#39; Mollusks Collection is comprised of over half a million specimens that are 83% freshwater species (mussels, fingernail clams and snails), 10% marine species and 7% terrestrial species (snails).</para>
    </abstract>
        <keywordSet>
              <keyword>Occurrence</keyword>
              <keywordThesaurus>GBIF Dataset Type Vocabulary: http://rs.gbif.org/vocabulary/gbif/dataset_type.xml</keywordThesaurus>
        </keywordSet>
        <keywordSet>
              <keyword>Specimen</keyword>
              <keywordThesaurus>GBIF Dataset Subtype Vocabulary: http://rs.gbif.org/vocabulary/gbif/dataset_subtype.xml</keywordThesaurus>
        </keywordSet>
      <intellectualRights>
        <para>To the extent possible under law, the publisher has waived all rights to these data and has dedicated them to the <ulink url="http://creativecommons.org/publicdomain/zero/1.0/legalcode"><citetitle>Public Domain (CC0 1.0)</citetitle></ulink>. Users may copy, modify, distribute and use the work, including for commercial purposes, without restriction.</para>
      </intellectualRights>
      <distribution scope="document">
          <online>
              <url function="information">https://collections.naturalsciences.org/search/mollusks</url>
          </online>
      </distribution>
      <coverage>
            <geographicCoverage>
                  <geographicDescription>Global coverage spanning at least 94 countries</geographicDescription>
                  <boundingCoordinates>
                      <westBoundingCoordinate>-180</westBoundingCoordinate>
                      <eastBoundingCoordinate>180</eastBoundingCoordinate>
                      <northBoundingCoordinate>90</northBoundingCoordinate>
                      <southBoundingCoordinate>-90</southBoundingCoordinate>
                  </boundingCoordinates>
            </geographicCoverage>
              <taxonomicCoverage>
                    <taxonomicClassification>
                          <taxonRankName>Kingdom</taxonRankName>
                        <taxonRankValue>Animalia</taxonRankValue>
                    </taxonomicClassification>
                    <taxonomicClassification>
                          <taxonRankName>Phylum</taxonRankName>
                        <taxonRankValue>Mollusca</taxonRankValue>
                    </taxonomicClassification>
                    <taxonomicClassification>
                          <taxonRankName>Phylum</taxonRankName>
                        <taxonRankValue>Arthropoda</taxonRankValue>
                    </taxonomicClassification>
              </taxonomicCoverage>
      </coverage>
      <maintenance>
          <description>
              <para></para>
          </description>
          <maintenanceUpdateFrequency>biannually</maintenanceUpdateFrequency>
      </maintenance>
      <contact>
    <individualName>
<givenName>Jamie</givenName>          <surName>Smith</surName>
    </individualName>
<organizationName>North Carolina Museum of Natural Sciences</organizationName><positionName>Collections Manager of Mollusks</positionName>    <address>
<deliveryPoint>11 West Jones Street</deliveryPoint><city>Raleigh</city><administrativeArea>NC</administrativeArea><postalCode>27601</postalCode><country>UNITED_STATES</country>    </address>
<phone>919-707-8869</phone><electronicMailAddress>jamie.smith@naturalsciences.org</electronicMailAddress><onlineUrl>http://naturalsciences.org/staff/jamie-smith</onlineUrl>      </contact>

</dataset>

<additionalMetadata>
    <metadata>
      <gbif>
        <dateStamp>2021-07-08T15:02:37Z</dateStamp>
      <citation identifier="10.36102/dwc.7">Norton B, Smith J, Bogan A (2021). NCSM Mollusk Collection. Version 1.8. North Carolina State Museum of Natural Sciences. Occurrence dataset https://doi.org/10.36102/dwc.7 accessed via GBIF.org on 2021-07-08.</citation>
              <collection>
                <parentCollectionIdentifier></parentCollectionIdentifier>
                <collectionIdentifier>NCSM-UNIO</collectionIdentifier>
                <collectionName>Mollusks Collection of the North Carolina Museum of Natural Sciences</collectionName>
              </collection>
      </gbif>
    </metadata>
</additionalMetadata>

</eml:eml>
