<?xml version="1.0" encoding="utf-8"?>
<eml:eml xmlns:eml="eml://ecoinformatics.org/eml-2.1.1" xmlns:xsi="http://www.w3.org/2001/XMLSchema-instance"
         xsi:schemaLocation="eml://ecoinformatics.org/eml-2.1.1 http://rs.gbif.org/schema/eml-gbif-profile/1.1/eml.xsd"
        packageId="10.15468/dl.pwyzpe"  system="http://gbif.org" scope="system"
  xml:lang="en">

<dataset>
        <alternateIdentifier>0293530-200613084148143</alternateIdentifier>
    <title>GBIF Occurrence Download 10.15468/dl.pwyzpe</title>
    <creator>
    <individualName>
          <surName>GBIF Download Service</surName>
    </individualName>
<electronicMailAddress>support@gbif.org</electronicMailAddress>    </creator>
    <metadataProvider>
    <individualName>
          <surName>GBIF Download Service</surName>
    </individualName>
<electronicMailAddress>support@gbif.org</electronicMailAddress>    </metadataProvider>
      <pubDate>
      2021-06-03
      </pubDate>
    <language>ENGLISH</language>
    <abstract>
        <para>A dataset containing all occurrences available in GBIF matching the query:
{
  &quot;and&quot; : [
    &quot;TaxonKey is one of (Marisa cornuarietis (Linnaeus, 1758), Cherax destructor Clark, 1936, Mulinia lateralis (Say, 1822), Obama nungara Carbayo, Alvarez-Presas, Jones &amp; Riutort, 2016, Bipalium kewense Moseley, 1878, Pycnonotus jocosus (Linnaeus, 1758), Cervus nippon Temminck, 1838, Delairea odorata Lem.)&quot;,
    &quot;HasCoordinate is true&quot;
  ]
}
The dataset includes records from the following constituent datasets. The full metadata for each constituent is also included in this archive:
1 records from Propuesta para rescatar y conservar la paleobiota de la Cantera Tlayúa, en Tepexí de Rodríguez, Puebla: Fase II
1 records from Ibaraki Nature Museum, Mammals collection
1 records from UWBM Ornithology Collection
1 records from Vascular Plant Collection - University of Washington Herbarium (WTU)
1 records from Colección de plantas vasculares del herbario de la Universitat de València (VAL)
1 records from Herbario de la Facultad de Farmacia de la Universidad Complutense de Madrid (MAF)
1 records from Herbário João de Carvalho e Vasconcellos, I.S.A./U.L.
1 records from Herbario HSS Finca La Orden-Valdesequera (CICYTEX). Gobierno de Extremadura
1 records from Bay of Fundy Species List
1 records from LSUMZ Mammals Collection
1 records from Vascular Plant Collection
1 records from Mammals Specimens
1 records from FBIP:ELM: Malacology Collections
1 records from MELU AVH data
1 records from Inventaire de la flore des Pyrénées-Atlantiques 2007-2008 - Littoral
1 records from Commissioned surveys and staff surveys and reports for Scottish Wildlife Trust reserves - Verified data
1 records from Kathryn Kalmbach Herbarium
1 records from Mammal specimens of Kawasaki Municipal Science Museum
1 records from Ohio State University Tetrapod Division - Bird Collection (OSUM)
1 records from MGC Herbarium of University of Malaga (Spain): MGC-Cormof dataset
1 records from Digitalización y sistematización de las colecciones biológicas del INECOL (Herbario)
1 records from Mammal records for Dumfries and Galloway
1 records from MVZ Egg and Nest Collection (Arctos)
1 records from City of Sydney Council Fauna Sightings
1 records from Données du naturaliste ducourneau philippe provenant de la base de donnée du SINP Île-de-France CETTIA
1 records from Données bibliographiques et opportunistes Mammifères du Nord Pas-de-Calais issues du SIRF
1 records from SBT-Living
1 records from Hatikka Observation Database
1 records from National Invasive Species Database
1 records from Données naturalistes de Jean-Michel LEMAIRE
1 records from PlutoF platform reference-based occurrences
1 records from Garden Bird Surveys
1 records from Glasgow Museums BRC: Mammals
1 records from Données du/de la naturaliste piketty bruno provenant de la base de donnée du SINP Île-de-France CETTIA
1 records from MPUC - Herbário do Museu da Pontifícia Universidade Católica do Rio Grande do Sul
1 records from The New York Botanical Garden Herbarium (NY)
1 records from Conservation Atlas Surveys
1 records from Données Mammifères Midi-Pyrénées enregistrées dans BazNat - Lot 1
1 records from City of Kalamunda Biodiversity Inventory
1 records from BoBO - Botanic Garden and Botanical Museum Berlin Observations
1 records from Auckland Museum NZ Marine Collection
1 records from MVZ Bird Collection (Arctos)
1 records from Birds (coll. Bonnetain)
1 records from Wikiplantbase #Liguria
1 records from Relevés floristiques du protocole de l&apos;Inventaire National Forestier de l&apos;IGN
1 records from Finds of mammals, birds and rare plants in the projected Regional Landscape Park &quot;Kniazhyj lis&quot; (Ternopil region, Ukraine).
1 records from Sistematización del Herbario Nacional Forestal Biól Luciano Vela Gálvez
1 records from Herbario de Plantas Vasculares de la Asociación BIGA para el estudio del patrimonio natural de Galicia: FBIGA
1 records from Marine Invertebrate from Argentina, Uruguay and Chile
1 records from The Living Murray Fish data
1 records from Carnegie Museum of Natural History Herbarium
1 records from Tasmanian Museum and Art Gallery provider for OZCAM-Arthropoda
1 records from ISU Birds
1 records from JCT AVH data
1 records from Merseyside BioBank (unverified)
1 records from Vascular plant records verified via iRecord
1 records from Isle of Man wildlife records from 01/01/2000 to 13/02/2017
1 records from Données naturalistes de Xavier JAPIOT
1 records from River Biologists&apos; Database (EPA)
1 records from Local BioBlitz Challenge 2013
1 records from Montgomeryshire Wildlife Trust records held by BIS
1 records from Shropshire Ecological Data Network database
1 records from Scottish Beaver Trial incidental species records
1 records from FBIP: DNA barcode reference library for plants from Addo Elephant National Park for herbivore diet  studies
1 records from RECORD Mammal Data
1 records from Colección general del plantas vasculares del Herbario JBB
1 records from IZIKO: Marine Invertebrate Collection (1900-2011)
1 records from Mammal records for Europe via the iMammalia app
1 records from BMSM Bailey-Matthews National Shell Museum
1 records from Lund Museum of Zoology (MZLU)
1 records from Auburn University Museum of Natural History Invertebrates
1 records from Tasmanian Museum and Art Gallery provider for OZCAM
1 records from H.A. Stephens Herbarium
1 records from Mammals housed at MHNG, Geneva
1 records from All taxa records for Leicestershire and Rutland
1 records from Données naturalistes de DELANNOYE Régis
1 records from Literature based species occurrence data of birds of North-East India
1 records from MVZ Bird Observations (Arctos)
1 records from The Danish Environmental Portal, species and habitats-database &quot;Danmarks Miljøportals Naturdatabase&quot;
1 records from Mammal Collection
1 records from NSW South Coast &amp; ACT plants
1 records from BioBlitz Barcelona 2010-14
1 records from UCSC Herbarium - Kenneth S. Norris Center for Natural History, University of California Santa Cruz
1 records from Western Australian Museum provider for OZCAM
1 records from Données Faune de l&apos;Agence des Espaces Verts (AEV) d&apos;Ile de France
2 records from Mountain Invasion Research Network (MIREN) survey
2 records from Jardín Botánico de Córdoba: Herbarium COA
2 records from IndOBIS, Indian Ocean Node of OBIS
2 records from Mammal specimens of Komatsu City Museum
2 records from Collections and observation data National Museum of Natural History Luxembourg
2 records from Ocean Genome Legacy Collection
2 records from NCSM Non-molluscan Invertebrates Collection
2 records from Dr Mary Gillham Archive Project
2 records from Royal Belgian Institute of Natural Sciences Mollusc collection
2 records from Collection ornithologique A. Maës
2 records from Animal Sound Archive
2 records from INNS records held by BIS in Powys and Brecon Beacons National Park
2 records from SER Species-based Surveys
2 records from Colección de Invertebrados del Instituto de Investigación de Recursos Biológicos Alexander von Humboldt (IAvH-I)
2 records from Données de la structure Ville de Paris provenant de la base de donnée du SINP Île-de-France CETTIA
2 records from Leicestershire and Rutland Environmental Records Centre records 2015-2019
2 records from Herbario de la Facultad de Ciencias Biológicas de la Universidad Complutense de Madrid (MACB)
2 records from Lochaber wild boar/feral pig camera trap survey, 2015
2 records from Parc_National_de_Port_Cros_2017_12_18
2 records from Macquarie University Biodiversity and Conservation Student Observations
2 records from Suffolk Biodiversity Information Service (SBIS) Dataset
2 records from LTB AVH data
2 records from NCSM Mammalogy Collection
2 records from National Trust for Scotland Species Records
2 records from Herbario de Plantas Vasculares del Museo Municipal de Ciencias Naturales &apos;Lorenzo Scaglia&apos;  MMPEAAH
2 records from Finnish Floristic Database (Finnish Museum of Natural History Collections)
2 records from International Fossil Shell Museum (NL) - Mollusca Collection
2 records from Puntos de presencia en Baja California (Botany)
2 records from Phanerogamic Botanical Collections (S)
2 records from Royal Belgian Institute of Natural Sciences Bird collection
2 records from Dorset Sites of Nature Conservation Interest (SNCI) species records pre 2000
2 records from Herbario Universidad de Antioquia (HUA)
2 records from Angelo State Natural History Collections (ASNHC) Mammal specimens (Arctos)
2 records from Herbario Gaspar Xuarez (BAA) - Facultad de Agronomía - Universidad de Buenos Aires
2 records from SDSU - San Diego State University Herbarium
2 records from Species Records for John Muir Trust Properties 2007-2009
2 records from Recent Invertebrates Specimens
2 records from Coleção Zoológica de Referência da Universidade Federal de Mato Grosso do Sul - Mollusca (ZUFMS-MOL)
2 records from CAS Mammalogy (MAM)
2 records from Gaia Guide
2 records from Dorset Sites of Nature Conservation Interest (SNCI) species records 2000-2008
2 records from Colección de plantas vasculares del Herbario &quot;Jaime Andrés Rodríguez&quot;. LEB
2 records from Tropicos Specimen Data
3 records from Herbario ABH (Universidad de Alicante)
3 records from SAFRING: Historical Bird Ringing Records (2005-2009)
3 records from Données du naturaliste Christian Letourneau
3 records from DEMNA-DNE : Exotic animal occurrences in Wallonia, Belgium
3 records from Wingecarribee Shire Council Macroinvertebrate Sampling
3 records from Welsh BSBI data (ex-VPDB dataset) at hectad resolution
3 records from Mammals of Ukrainian Polissia region
3 records from Herbario Universidad de Caldas - FAUC
3 records from Crustáceos y moluscos de la cuenca baja del río Sogamoso, Santander
3 records from INNS Data: All Taxa (West Wales)
3 records from Alien Species in Poland - Animals
3 records from PERTH AVH data
3 records from Observations.be - Non-native species occurrences in Wallonia, Belgium
3 records from Application INPN Espèces: Observations naturalistes, participatives et opportunistes, fondées sur des photographies
3 records from Occurrence d&apos;ongulés et Lagomorphes du Groupe Mammalogique Normand
3 records from BRERC species records from all years at full resolution excluding Notable Species within the last 10 years
4 records from Royal Belgian Institute of Natural Sciences Mammal collection
4 records from Species recordings from the Danish National portal Arter.dk
4 records from NatureShare
4 records from ERBG AVH data
4 records from Biodiversitätsdatenbank Salzburg
4 records from Fife Nature Records Centre combined dataset
4 records from BODATSA: Botanical Collections
4 records from Queen Victoria Museum Art Gallery provider for OZCAM
4 records from Naturalis Biodiversity Center (NL) - Mollusca
4 records from Observatoire LPO Franche-Comté des espèces (oiseaux, amphibiens, reptiles, mammifères sauf chauve-souris)
4 records from CHAS Malacology Collection (Arctos)
4 records from SJSU - Carl W. Sharsmith Herbarium, San Jose State University
4 records from Données naturalistes de Cyril EPICOCO
4 records from Biodiversity Research and Teaching Collections - TCWC Marine Invertebrates
4 records from WOLL AVH data
4 records from CMC Cincinnati Museum Center Invertebrate Paleontology
4 records from Natural History Museum, Vienna - Herbarium W
5 records from Naturalis Biodiversity Center (NL) - Aves
5 records from WTSWW Data: All Taxa (West Wales)
5 records from LACM Malacology
5 records from NIEK_NES
5 records from DMNS Marine Invertebrate Collection (Arctos)
5 records from UCSB - University of California Santa Barbara Herbarium
5 records from Computarización sistemática de los bivalvos y gasterópodos de la sección húmeda de la Colección Malacológica Dr Antonio García-Cubas
6 records from Institut Botanic de Barcelona (IBB-CSIC-ICUB), BC-Plantae
6 records from EEIKO Base de datos sobre plantas invasoras
6 records from CHSC - CSU Chico, Chico State Herbarium - Vascular Plants
6 records from Données de l&apos;atlas des Mammifères sauvages de Midi-Pyrénées (données agrégées à la maille de 10km)
6 records from The Taiwan Roadkill Observation Network Data Set.
6 records from Données de l&apos;association RENARD provenant de la base de donnée du SINP Île-de-France CETTIA
6 records from CAS Botany (BOT)
6 records from Liste des espèces de la faune sauvage de la base de données naturalistes Faune-France 2018.
6 records from Wikiplantbase #Toscana
6 records from HSC - Humboldt State University Vascular Plant Herbarium
7 records from Aranzadi Zientzi Elkartea
7 records from AMNH Bird Collection
7 records from Carnet en Ligne
7 records from Cumbria Non Native Invasive Species
7 records from TPWD HARC Texas Coastal Fisheries Upper Laguna Madre Trawl
7 records from KUBI Ornithology Collection
7 records from NBIS Records to December 2016
7 records from UNSW AVH data
7 records from INNS Data: All Taxa (South East Wales)
7 records from National Trust Species Records
8 records from RBINS DaRWIN
8 records from NE AVH data
8 records from VIT Herbarium - Vascular Plants (The Natural History Museum of Alava)
8 records from Données de synthèse issues de l&apos;Atlas des Mammifères sauvages d&apos;Aquitaine - Tome 2 - Les Artiodactyles et les Lagomorphes
8 records from Canadian Museum of Nature Mollusc Collection
8 records from Naturalis Biodiversity Center (NL) - Botany
9 records from CeDoc de Biodiversitat Vegetal: BCN-Cormophyta
9 records from DAV - UC Davis Herbarium
9 records from Borror Lab of Bioacoustics (BLB), Ohio State University
9 records from Hare Survey of Ireland 2006 &amp; 2007
9 records from HUCP herbarium - Pontífica Universidade Católica do Paraná PUC - Herbário Virtual Reflora
9 records from Northern Territory Museum and Art Gallery provider for OZCAM
9 records from Occurrence d&apos;ongulés et Lagomorphes de Bourgogne synthétisées par la Société d&apos;histoire naturelle et des amis du muséum d&apos;Autun (SHNA)
10 records from Natural History Museum Rotterdam - Specimens
10 records from BLM - National Invasive Species Information Management System - Plants
10 records from Sistema de Información de la vegetación Ibérica y Macaronésica
10 records from Atlas of Life in the Coastal Wilderness
10 records from UK Roadkill Records
10 records from Dorset SSSI Species Records 1952 - 2004 (Natural England)
10 records from University of Michigan Museum of Zoology, Division of Mollusks
11 records from Mammal Mapper App Sighting Records
11 records from Base de datos de plantas vasculares del País Vasco: ARAN-EH
11 records from Bernice P. Bishop Museum
11 records from Mammifères de France métropolitaine
12 records from CSIC-Real Jardín Botánico-Colección de Plantas Vasculares (MA)
12 records from CDA - California Department of Food and Agriculture
12 records from USGS Nonindigenous Aquatic Species database
12 records from Field Museum of Natural History (Zoology) Invertebrate Collection
12 records from SBMNH Vertebrate Zoology
12 records from North East Scotland Terrestrial Mammals 1900-2017 (excluding squirrels, wild cats and marine mammals)
13 records from Banco de Datos de la Biodiversidad de la Comunitat Valenciana
13 records from CAS Ornithology (ORN)
14 records from SD - SD Herbarium, San Diego Natural History Museum
14 records from Ornithology Collection Passeriformes - Royal Ontario Museum
14 records from Sightings Map of Invasive Plants in Portugal
14 records from NCSM Mollusk Collection
14 records from Données naturalistes de Julien BIRARD
15 records from LERN Records
15 records from Paleontological Research Institution Collections
15 records from Biodiversity4all Research-Grade Observations
15 records from LACM Vertebrate Collection
16 records from Marrickville Council, Tempe Birdos
16 records from Flora-On: occurrence data of the flora of mainland Portugal
17 records from Suivi ornithologique par IPA et IKA réalisés dans la Réserve nationale de l’Étang de Saint-Paul en 2012 et 2014
17 records from Non-vertebrate Paleontology, Jackson School Museum of Earth History, University of Texas at Austin
18 records from Ireland&apos;s BioBlitz
18 records from CEDaR Online Recording
18 records from New Zealand Biodiversity Recording Network
18 records from OBI - Robert F. Hoover Herbarium, Cal Poly State University
19 records from UCR - University of California, Riverside Herbarium - Vascular Plants
22 records from Delaware Museum of Natural History – Mollusks
22 records from Pl@ntNet observations
24 records from Invertebrate Zoology Division, Yale Peabody Museum
24 records from Mammal specimens of Saitama Museum of Natural History
24 records from Field Museum of Natural History (Zoology) Bird Collection
25 records from RSA - California Botanic Garden Herbarium
25 records from Canberra Nature Map
25 records from HO AVH data
26 records from Argyll Biological Records Dataset
27 records from Badger and Habitats Survey of Ireland
27 records from SBBG - Clifton Smith Herbarium, Santa Barbara Botanic Garden
27 records from SA Flora (BDBSA)
27 records from Macaulay Library Audio and Video Collection
28 records from Fichier communal des ongulés
29 records from Ongulés et Lagomorphes d&apos;Alsace du Groupe d&apos;étude et de protection des mammifères d&apos;Alsace
30 records from TPWD HARC Texas Coastal Fisheries Upper Laguna Madre Bag Seine
30 records from Australian National Wildlife Collection provider for OZCAM
32 records from UWIZM Molluscs
34 records from International Barcode of Life project (iBOL)
34 records from CANB AVH data
36 records from Données naturalistes de Patrick HAFFNER
38 records from ALA species sightings and OzAtlas
38 records from MEL AVH data
40 records from Données d&apos;occurrences Espèces issues de l&apos;inventaire des ZNIEFF
41 records from Observations floristiques - plateforme SINP régionale SILENE   PACA
42 records from Geographically tagged INSDC sequences
44 records from The birds collection (ZO) of the Muséum national d&apos;Histoire Naturelle (MNHN - Paris)
45 records from Australasian Virtual Herbarium (AVH) data from the State Herbarium of South Australia (AD)
46 records from INPN - Données flore des CBN agrégées par la FCBN
47 records from Auckland Museum Botany Collection
47 records from CSIC-Real Jardín Botánico-Anthos. Sistema de Información de las Plantas de España
50 records from Allan Herbarium (CHR)
50 records from Tasmanian Natural Values Atlas
53 records from Gunma Museum of Natural History, Mammal Specimen
54 records from NMNH_material_samples
55 records from Swiss National Mammal Databank
55 records from NSW AVH data
56 records from Marine Invertebrate voucher specimens at the Florida Biodiversity Collection, Florida Fish and Wildlife Conservation Commission
58 records from SEFSC CAGES Alabama Fish Length Data with CPUE
60 records from Long-term fauna and flora records of the experimental forests of the Forest Research Station of Hokkaido University, Japan
61 records from PRECIS
64 records from Queensland Museum provider for OZCAM
66 records from India Biodiversity Portal publication grade dataset
66 records from WildNet - Queensland Wildlife Data
71 records from NMNH Extant Specimen Records
74 records from University of Michigan Museum of Zoology, Division of Birds
77 records from Sciences participatives sur les espèces animales introduites (EEE-FIF)
78 records from Synthèse de la Répartition des populations de cerf sika en 2006 (réseau Ongulés sauvages ONCFS-FNC-FDC)
85 records from Vertebrate Zoology Division - Ornithology, Yale Peabody Museum
99 records from UF Invertebrate Zoology
105 records from Great Backyard Bird Count
105 records from Earth Guardians Weekly Feed
109 records from Museums Victoria provider for OZCAM
119 records from Synthèse de la Répartition des populations de cerf sika en 2013 (réseau Ongulés sauvages ONCFS-FNC-FDC)
122 records from Paleobiology Database
125 records from Waarnemingen.be - Non-native animal occurrences in Flanders and the Brussels Capital Region, Belgium
128 records from Atlas of Danish Mammals
132 records from Xeno-canto - Bird sounds from around the world
143 records from Bathing Birds - National Parks Association NSW and Birdlife Australia
144 records from Invertebrate Paleontology Division, Yale Peabody Museum
148 records from Invasive Species and Pests
151 records from Faune-Réunion - export oiseaux 31/12/2017
151 records from MDFRC macroinvertebrate survey
154 records from MAL
167 records from HBRG Vertebrates (not Badger) Dataset
181 records from Chinese Wild Bird Federation Bird Records Database
189 records from Historical Bird Atlas
195 records from Museum of Comparative Zoology, Harvard University
201 records from naturgucker
205 records from DOF - Observations from the Danish Ornithological Society
208 records from Australian Museum provider for OZCAM
216 records from South Australian Museum Australia provider for OZCAM
247 records from Pl@ntNet automatically identified occurrences
337 records from BSBI data from several English counties, up to 2015
374 records from National Mammal Atlas Project, online recording
376 records from Atlas of Mammals in Ireland 2010-2015
383 records from National Benthic Inventory
478 records from Inventaire sur les vers plats terrestres introduits en France métropolitaine et en outre-mer
495 records from SA Fauna (BDBSA)
887 records from Observation.org, Nature data from around the World
969 records from WCPS Bird Survey Project
1101 records from Wolli Creek Preservation Society Bird Survey
1113 records from Azorean Biodiversity Portal
1146 records from First Bird Atlas
1426 records from Monitoring Sites 1000 Satoyama Mammals
1452 records from Mammal records from Britain from the Atlas of Mammals (1993), with some subsequent records
1640 records from Eremaea
2030 records from Faune-Réunion - export oiseaux 28/08/2017
3473 records from BirdLife Australia, Birdata
3480 records from Victorian Biodiversity Atlas
4778 records from NSW BioNet Atlas
5759 records from New South Wales Bird Atlassers
6570 records from iNaturalist Research-grade Observations
267707 records from EOD - eBird Observation Dataset
</para>
    </abstract>
      <contact>
    <individualName>
          <surName>GBIF Download Service</surName>
    </individualName>
<electronicMailAddress>support@gbif.org</electronicMailAddress>      </contact>

</dataset>

<additionalMetadata>
    <metadata>
      <gbif>
        <dateStamp>2021-06-03T15:08:05Z</dateStamp>
      <citation identifier="10.15468/dl.pwyzpe">GBIF Occurrence Download 10.15468/dl.pwyzpe</citation>
              <physical>
                  <objectName>Darwin Core Archive</objectName>
                  <characterEncoding>UTF-8</characterEncoding>
                  <dataFormat>
                      <externallyDefinedFormat>
                          <formatName>Darwin Core Archive</formatName>
                      </externallyDefinedFormat>
                  </dataFormat>
                  <distribution>
                      <online>
                          <url function="download">https://api.gbif.org/v1/occurrence/download/request/0293530-200613084148143.zip</url>
                      </online>
                  </distribution>
              </physical>
        </gbif>
    </metadata>
</additionalMetadata>

</eml:eml>
