<?xml version="1.0" encoding="utf-8"?>
<eml:eml xmlns:eml="eml://ecoinformatics.org/eml-2.1.1" xmlns:xsi="http://www.w3.org/2001/XMLSchema-instance"
         xsi:schemaLocation="eml://ecoinformatics.org/eml-2.1.1 http://rs.gbif.org/schema/eml-gbif-profile/1.1/eml.xsd"
        packageId="49836797-d991-4dcd-8ba9-020edb54fc03"  system="http://gbif.org" scope="system"
  xml:lang="es">

<dataset>
      <alternateIdentifier>10.15472/edyixx</alternateIdentifier>
        <alternateIdentifier>https://ipt.biodiversidad.co/iavh/resource?r=riqueza_ictica</alternateIdentifier>
    <title>Crustáceos y moluscos de la cuenca baja del río Sogamoso, Santander</title>
    <creator>
    <individualName>
<givenName>Maribel</givenName>          <surName>Arias</surName>
    </individualName>
<organizationName>Instituto de Investigación de Recursos Biológicos Alexander von Humboldt</organizationName><positionName>Investigadora</positionName>    <address>
<deliveryPoint>Calle 28A # 15-09</deliveryPoint><city>Bogotá, D.C.</city><administrativeArea>Bogotá, D.C.</administrativeArea><country>COLOMBIA</country>    </address>
<electronicMailAddress>marias@humboldt.org.co</electronicMailAddress>    </creator>
    <metadataProvider>
    <individualName>
<givenName>Maribel</givenName>          <surName>Arias</surName>
    </individualName>
<organizationName>Instituto de Investigación de Recursos Biológicos Alexander von Humboldt</organizationName><positionName>Investigadora</positionName>    <address>
<deliveryPoint>Calle 28A # 15-09</deliveryPoint><city>Bogotá, D.C.</city><administrativeArea>Bogotá, D.C.</administrativeArea><country>COLOMBIA</country>    </address>
<electronicMailAddress>marias@humboldt.org.co</electronicMailAddress>    </metadataProvider>
    <associatedParty>
    <individualName>
          <surName>Infraestructura Institucional de Datos</surName>
    </individualName>
<organizationName>Instituto de Investigación de Recursos Biológicos Alexander von Humboldt</organizationName>    <address>
<deliveryPoint>Avenida Paseo Bolívar # 16-20</deliveryPoint><city>Bogotá, D.C.</city><administrativeArea>Bogotá, D.C.</administrativeArea><country>COLOMBIA</country>    </address>
<phone>3202767</phone><electronicMailAddress>i2d@humboldt.org.co</electronicMailAddress><onlineUrl>http://www.humboldt.org.co</onlineUrl>    <role>CUSTODIAN_STEWARD</role>
    </associatedParty>
    <associatedParty>
    <individualName>
<givenName>Maribel</givenName>          <surName>Arias Mañosca</surName>
    </individualName>
<organizationName>Instituto de Investigación de Recursos Biológicos Alexander von Humboldt</organizationName><positionName>Investigadora</positionName>    <address>
<deliveryPoint>Calle 28A # 15-09</deliveryPoint><city>Bogotá, D.C.</city><administrativeArea>Bogotá, D.C.</administrativeArea><country>COLOMBIA</country>    </address>
<phone>3202767</phone><electronicMailAddress>marias@humboldt.org.co</electronicMailAddress><onlineUrl>http://www.humboldt.org.co</onlineUrl>    <role>POINT_OF_CONTACT</role>
    </associatedParty>
    <associatedParty>
    <individualName>
<givenName>Maria Doris</givenName>          <surName>Escobar</surName>
    </individualName>
<organizationName>Instituto de Investigación de Recursos Biológicos Alexander Von Humboldt</organizationName><positionName>Investigadora</positionName>    <address>
<deliveryPoint>Calle 28A # 15-09</deliveryPoint><city>Bogotá, D.C.</city><administrativeArea>Bogotá, D.C.</administrativeArea><country>COLOMBIA</country>    </address>
<phone>3202767</phone><electronicMailAddress>mescobar@humboldt.org.co</electronicMailAddress><onlineUrl>http://www.humboldt.org.co</onlineUrl>    <role>AUTHOR</role>
    </associatedParty>
    <associatedParty>
    <individualName>
<givenName>Carlos A.</givenName>          <surName>Lasso</surName>
    </individualName>
<organizationName>Instituto de Investigación de Recursos Biológicos Alexander Von Humboldt</organizationName><positionName>Investigador</positionName>    <address>
<deliveryPoint>Calle 28A # 15-09</deliveryPoint><city>Bogotá, D.C.</city><administrativeArea>Bogotá, D.C.</administrativeArea><country>COLOMBIA</country>    </address>
<phone>3202767</phone><electronicMailAddress>classo@humboldt.org.co</electronicMailAddress><onlineUrl>http://www.humboldt.org.co</onlineUrl>    <role>AUTHOR</role>
    </associatedParty>
      <pubDate>
      2021-02-25
      </pubDate>
    <language>SPANISH</language>
    <abstract>
        <para>Bajo el convenio específico de cooperación de ciencia y tecnología N° 3026512 y el Instituto Alexander von Humboldt  19-191. Se realizó una investigación básica con el fin de evaluar la riqueza íctica de la cuenca baja del río Sogamoso, Santander. Se realizaron dos salidas de campo en el 2020 (durante los meses de febrero y marzo en época seca y en el mes de octubre época de aguas altas) para análizar la diversidad de los peces de toda la cuenca baja del río Sogamoso y el comportamiento entre las épocas climáticas y los diversos tributarios. Simultáneamente se realizó un inventario de los macroinvertebrados acuáticos exclusivamente en (época seca), con diferentes equipos de muestreo, los más utilizados fueron la red de pantalla, red triangular, red de mano, red Surber, haciendo barridos sobre las margenes del río, caños ó quebradas de poca profundidad para capturar organismos dentro de la vegetación acuática.  Se establecieron 3 secciones  ventanas a los largo de la cuenca del río Sogamoso, desde la parte de abajo de la Represa de Hidrosogamoso hasta su desembocadura del río Magdalena, incluyendo los afluentes principales, Caño La Muerte y Quebrada Lisama. En el presente recurso se muestran únicamente 59 de crustáceos y moluscos.</para>
    </abstract>
        <keywordSet>
              <keyword>represa hidrosogamoso</keyword>
              <keyword>crustáceos</keyword>
              <keyword>desembocadura al río Magdalena</keyword>
              <keyword>moluscos</keyword>
              <keyword>cuenca del río Sogamoso</keyword>
              <keyword>Santander</keyword>
              <keywordThesaurus>n/a</keywordThesaurus>
        </keywordSet>
        <keywordSet>
              <keyword>Specimen</keyword>
              <keywordThesaurus>GBIF Dataset Subtype Vocabulary: http://rs.gbif.org/vocabulary/gbif/dataset_subtype.xml</keywordThesaurus>
        </keywordSet>
        <keywordSet>
              <keyword>Occurrence</keyword>
              <keywordThesaurus>GBIF Dataset Type Vocabulary: http://rs.gbif.org/vocabulary/gbif/dataset_type.xml</keywordThesaurus>
        </keywordSet>
      <intellectualRights>
        <para>This work is licensed under a <ulink url="http://creativecommons.org/licenses/by-nc/4.0/legalcode"><citetitle>Creative Commons Attribution Non Commercial (CC-BY-NC) 4.0 License</citetitle></ulink>.</para>
      </intellectualRights>
      <distribution scope="document">
          <online>
              <url function="information">http://i2d.humboldt.org.co/ceiba/resource.do?r=riqueza_ictica</url>
          </online>
      </distribution>
      <coverage>
            <geographicCoverage>
                  <geographicDescription>Cuenca baja del río Sogamoso, sector represa Hidrosogamoso hasta su desembocadura al río Magdalena, incluyendo principales afluentes tales como el Caño La Muerte y Quebrada La Lisama.</geographicDescription>
                  <boundingCoordinates>
                      <westBoundingCoordinate>-73.9</westBoundingCoordinate>
                      <eastBoundingCoordinate>-73.6</eastBoundingCoordinate>
                      <northBoundingCoordinate>7.25</northBoundingCoordinate>
                      <southBoundingCoordinate>7.1</southBoundingCoordinate>
                  </boundingCoordinates>
            </geographicCoverage>
          <temporalCoverage>
            <rangeOfDates>
              <beginDate>
                <calendarDate>      2020-02-26
</calendarDate>
              </beginDate>
              <endDate>
                <calendarDate>      2020-10-23
</calendarDate>
              </endDate>
            </rangeOfDates>
          </temporalCoverage>
              <taxonomicCoverage>
                    <generalTaxonomicCoverage>Se registraron 59 colectas. Artropoda con dos familias, tres géneros y 2 especies, Molusca con nueve familias, diez géneros y 7 especies.</generalTaxonomicCoverage>
                    <taxonomicClassification>
                          <taxonRankName>Family</taxonRankName>
                        <taxonRankValue>Trichodactylidae</taxonRankValue>
                    </taxonomicClassification>
                    <taxonomicClassification>
                          <taxonRankName>Family</taxonRankName>
                        <taxonRankValue>Palaemonidae</taxonRankValue>
                    </taxonomicClassification>
                    <taxonomicClassification>
                          <taxonRankName>Family</taxonRankName>
                        <taxonRankValue>Ampullariidae</taxonRankValue>
                    </taxonomicClassification>
                    <taxonomicClassification>
                          <taxonRankName>Family</taxonRankName>
                        <taxonRankValue>Sphaeriidae</taxonRankValue>
                    </taxonomicClassification>
                    <taxonomicClassification>
                          <taxonRankName>Family</taxonRankName>
                        <taxonRankValue>Physidae</taxonRankValue>
                    </taxonomicClassification>
                    <taxonomicClassification>
                          <taxonRankName>Family</taxonRankName>
                        <taxonRankValue>Planorbidae</taxonRankValue>
                    </taxonomicClassification>
                    <taxonomicClassification>
                          <taxonRankName>Family</taxonRankName>
                        <taxonRankValue>Ancylidae</taxonRankValue>
                    </taxonomicClassification>
                    <taxonomicClassification>
                          <taxonRankName>Family</taxonRankName>
                        <taxonRankValue>Cochliopidae</taxonRankValue>
                    </taxonomicClassification>
                    <taxonomicClassification>
                          <taxonRankName>Family</taxonRankName>
                        <taxonRankValue>Thiaridae</taxonRankValue>
                    </taxonomicClassification>
                    <taxonomicClassification>
                          <taxonRankName>Family</taxonRankName>
                        <taxonRankValue>Mycetopodidae</taxonRankValue>
                    </taxonomicClassification>
                    <taxonomicClassification>
                          <taxonRankName>Family</taxonRankName>
                        <taxonRankValue>Lymnaeidae</taxonRankValue>
                    </taxonomicClassification>
              </taxonomicCoverage>
      </coverage>
      <purpose>
          <para>Contribución al conocimiento de los crustáceos y moluscos presentes en Colombia.</para>
      </purpose>
      <maintenance>
          <description>
              <para></para>
          </description>
          <maintenanceUpdateFrequency>unkown</maintenanceUpdateFrequency>
      </maintenance>
      <contact>
    <individualName>
<givenName>Carlos A.</givenName>          <surName>Lasso</surName>
    </individualName>
<organizationName>Instituto de Investigación de Recursos Biológicos Alexander von Humboldt</organizationName><positionName>Investigador</positionName>    <address>
<deliveryPoint>Calle 28A # 15-09</deliveryPoint><city>Bogotá, D.C.</city><administrativeArea>Bogotá, D.C.</administrativeArea><country>COLOMBIA</country>    </address>
<electronicMailAddress>classo@humboldt.org.co</electronicMailAddress>      </contact>
      <methods>
            <methodStep>
                <description>
                    <para>Se realizó el muestreo  implementando las trampas nocturnas,la captura manual, electropesca, atarraya, red de mano, red surber, red D-net y redes de arrastre. En diferentes microhabitats.</para>
                </description>
            </methodStep>
            <methodStep>
                <description>
                    <para>Los macroinvertebrados acuáticos, fueron separados del sustrato (hojarasca y arena) mediante un tamiz de metal sobre una cubeta de plástico y preservados en alcohol al 70% en bolsas herméticas. Posteriormente, se realizó la identificación taxonómica en el laboratorio, con guías especializadas.</para>
                </description>
            </methodStep>
            <sampling>
                <studyExtent>
                    <description>
                        <para>Cuenca del río Sogamoso, desde la parte de abajo de la represa de Hidrosogamoso hasta su desembocadura del río Magdalena, incluyendo los afluentes principales, Caño La Muerte y Quebrada Lisama en el Departamento de Santander.</para>
                    </description>
                </studyExtent>
                <samplingDescription>
                    <para>Se realizaron 33 muestreos iniciando desde la represa Hidrosogamoso hasta la desembocadura del río Sogamoso en el rio Magdalena, incluyendo los afluentes principales Quebradas La Muerte y Lisama, otros pequeños causes y concluyendo en la ciénaga del Llanito.</para>
                </samplingDescription>
            </sampling>
      </methods>

      <project >
          <title>Riqueza Íctica de la cuenca baja del río Sogamoso, sector represa Hidrosogamoso hasta su desembocadura al río Magdalena, incluyendo principales afluentes tales como el Caño La Muerte y Quebrada La Lisama.</title>
          <personnel>
    <individualName>
<givenName>Carlos A.</givenName>          <surName>Lasso</surName>
    </individualName>
    <role>PRINCIPAL_INVESTIGATOR</role>
          </personnel>
          <abstract>
              <para></para>
          </abstract>
          <funding>
              <para>Convenio Específico De Cooperación De Ciencia Y Tecnología N° 3026512/Instituto Humboldt 19-191</para>
          </funding>
            <studyAreaDescription>
                <descriptor name="generic" citableClassificationSystem="false">
                    <descriptorValue>La cuenca del río Sogamoso,  es un afluente del margen derecho del río Magdalena ubicado en la parte centro-septentrional de Colombia descrito por Posada et al. (2000. Formado por la confluencia de los ríos Suarez y rio Chicamocha. Los muestreo iniciaron desde la parte de abajo de la Represa de Hidrosogamoso hasta su desembocadura del río Magdalena, incluyendo los afluentes principales, Caño La Muerte y Quebrada Lisama.</descriptorValue>
                </descriptor>
            </studyAreaDescription>
            <designDescription>
                <description>
                    <para>Investigación básica con el fin de evaluar la riqueza íctica de la cuenca baja del río Sogamoso, sector represa Hidrosogamoso hasta su desembocadura al río Magdalena. En dos épocas (seca y lluviosa) de 2020 donde se inventarió los siguientes grupos: peces y macroinvertebrados acuáticos.</para>
                </description>
            </designDescription>
      </project>
</dataset>

<additionalMetadata>
    <metadata>
      <gbif>
        <dateStamp>2021-07-08T15:26:27Z</dateStamp>
      <citation identifier="https://doi.org/10.15472/edyixx">Arias M (2021). Crustáceos y moluscos de la cuenca baja del río Sogamoso, Santander. Instituto de Investigación de Recursos Biológicos Alexander von Humboldt. Occurrence dataset https://doi.org/10.15472/edyixx accessed via GBIF.org on 2021-07-08.</citation>
              <physical>
                  <objectName>Crustáceos y moluscos de la cuenca baja del río Sogamoso, Santander</objectName>
                  <characterEncoding>utf-8</characterEncoding>
                  <dataFormat>
                      <externallyDefinedFormat>
                          <formatName>txt</formatName>
                      </externallyDefinedFormat>
                  </dataFormat>
                  <distribution>
                      <online>
                          <url function="download">http://ipt.biodiversidad.co/iavh/resource.do?r=riqueza_ictica</url>
                      </online>
                  </distribution>
              </physical>
              <resourceLogoUrl>https://statics.sibcolombia.net/sib-resources/images/logos-socios/500px/iavh.jpg</resourceLogoUrl>
              <collection>
                <parentCollectionIdentifier>N/A</parentCollectionIdentifier>
                <collectionIdentifier>IAvH-I</collectionIdentifier>
                <collectionName>Colección de Invertebrados del Instituto de Investigación de Recursos Biológicos Alexander von Humboldt (IAvH-I)</collectionName>
              </collection>
                <specimenPreservationMethod>OTHER</specimenPreservationMethod>
      </gbif>
    </metadata>
</additionalMetadata>

</eml:eml>
