<?xml version="1.0" encoding="utf-8"?>
<eml:eml xmlns:eml="eml://ecoinformatics.org/eml-2.1.1" xmlns:xsi="http://www.w3.org/2001/XMLSchema-instance"
         xsi:schemaLocation="eml://ecoinformatics.org/eml-2.1.1 http://rs.gbif.org/schema/eml-gbif-profile/1.1/eml.xsd"
        packageId="c1492854-5d15-40e9-9ee7-24a18ac05112"  system="http://gbif.org" scope="system"
  xml:lang="en">

<dataset>
      <alternateIdentifier>10.15468/3pf855</alternateIdentifier>
    <title>Biodiversitätsdatenbank Salzburg</title>
    <associatedParty>
    <individualName>
          <surName>Peter Kaufmann</surName>
    </individualName>
    <address>
<deliveryPoint>Haus der Natur - Museum für Natur und Technik, Museumsplatz 5, 5020 Salzburg, Austria</deliveryPoint>    </address>
<electronicMailAddress>peter.kaufmann@hausdernatur.at</electronicMailAddress>    <role>TECHNICAL_POINT_OF_CONTACT</role>
    </associatedParty>
    <language>en</language>
    <abstract>
        <para>The Haus der Natur maintains a biodiversity database documenting the animal and plant species of Salzburg and adjacent areas (mainly). The database is growing continuousely and includes detailed information about the distribution of many groups of animals, fungi and plants. Special attention is given to the endangered species, threatened habitats, and protected areas of Salzburg. The database further contains global distribution data, mainly related to the museum&amp;#39;s biological collection. All coordinates for gbif are rounded to two decimal places (approx. 1 km).</para>
    </abstract>
      <intellectualRights>
        <para>This work is licensed under a <ulink url="http://creativecommons.org/licenses/by/4.0/legalcode"><citetitle>Creative Commons Attribution (CC-BY) 4.0 License</citetitle></ulink>.</para>
      </intellectualRights>
      <distribution scope="document">
          <online>
              <url function="information">https://www.hausdernatur.at/en/biodiversity-database.html</url>
          </online>
      </distribution>
      <contact>
    <individualName>
          <surName>Robert Lindner</surName>
    </individualName>
    <address>
<deliveryPoint>Haus der Natur - Museum für Natur und Technik, Museumsplatz 5, 5020 Salzburg, Austria</deliveryPoint>    </address>
<phone>+ 43 (662) 842653 - 3314</phone><electronicMailAddress>robert.lindner@hausdernatur.at</electronicMailAddress>      </contact>

</dataset>

<additionalMetadata>
    <metadata>
      <gbif>
        <dateStamp>2021-07-08T15:26:27Z</dateStamp>
      <citation>Haus der Natur Salzburg, Museum für Natur und Technik. Biodiversitätsdatenbank Salzburg. Occurrence dataset https://doi.org/10.15468/3pf855 accessed via GBIF.org on 2021-07-08.</citation>
              <resourceLogoUrl>https://www.hausdernatur.at/files/media_hdn/images/logo_hausdernatur.png</resourceLogoUrl>
      </gbif>
    </metadata>
</additionalMetadata>

</eml:eml>
