<?xml version="1.0" encoding="utf-8"?>
<eml:eml xmlns:eml="eml://ecoinformatics.org/eml-2.1.1" xmlns:xsi="http://www.w3.org/2001/XMLSchema-instance"
         xsi:schemaLocation="eml://ecoinformatics.org/eml-2.1.1 http://rs.gbif.org/schema/eml-gbif-profile/1.1/eml.xsd"
        packageId="d962a7dc-2183-4824-bb88-5e0ba14ec62d"  system="http://gbif.org" scope="system"
  xml:lang="en">

<dataset>
      <alternateIdentifier>10.15468/yefvnk</alternateIdentifier>
        <alternateIdentifier>d962a7dc-2183-4824-bb88-5e0ba14ec62d</alternateIdentifier>
        <alternateIdentifier>http://www.gbif.org/dataset/d962a7dc-2183-4824-bb88-5e0ba14ec62d</alternateIdentifier>
        <alternateIdentifier>14664</alternateIdentifier>
    <title>Naturalis Biodiversity Center (NL) - Mollusca</title>
    <creator>
    <individualName>
<givenName>Jeroen</givenName>          <surName>Goud</surName>
    </individualName>
<organizationName>Naturalis Biodiversity Center</organizationName><positionName>Curator</positionName>    <address>
<deliveryPoint>PO Box 9517</deliveryPoint><city>Leiden</city><administrativeArea>Zuid Holland</administrativeArea><postalCode>NL-2300 RA</postalCode><country>NETHERLANDS</country>    </address>
<phone>+31.71.7519600</phone><electronicMailAddress>frontofficecollectie@naturalis.nl</electronicMailAddress><onlineUrl>https://naturalis.nl/en/collection/</onlineUrl>    </creator>
    <creator>
    <individualName>
<givenName>Bram</givenName>          <surName>van der Bijl</surName>
    </individualName>
<organizationName>Naturalis Biodiversity Center</organizationName><positionName>Curator</positionName>    <address>
<deliveryPoint>PO Box 9517</deliveryPoint><city>Leiden</city><administrativeArea>Zuid Holland</administrativeArea><postalCode>NL-2300 RA</postalCode><country>NETHERLANDS</country>    </address>
<phone>+31.71.7519600</phone><electronicMailAddress>frontofficecollectie@naturalis.nl</electronicMailAddress><onlineUrl>https://naturalis.nl/en/collection/</onlineUrl>    </creator>
    <creator>
    <individualName>
<givenName>Jeroen</givenName>          <surName>Creuwels</surName>
    </individualName>
<organizationName>Naturalis Biodiversity Center</organizationName><positionName>Data manager</positionName>    <address>
<deliveryPoint>PO Box 9517</deliveryPoint><city>Leiden</city><administrativeArea>Zuid Holland</administrativeArea><postalCode>NL-2300 RA</postalCode><country>NETHERLANDS</country>    </address>
      <userId directory="http://orcid.org/">0000-0001-6131-7026</userId>
    </creator>
    <metadataProvider>
    <individualName>
<givenName>Jeroen</givenName>          <surName>Goud</surName>
    </individualName>
<organizationName>Naturalis Biodiversity Center</organizationName><positionName>Curator</positionName>    <address>
<deliveryPoint>PO Box 9517</deliveryPoint><city>Leiden</city><administrativeArea>Zuid Holland</administrativeArea><postalCode>NL-2300 RA</postalCode><country>NETHERLANDS</country>    </address>
<phone>+31.71.7519600</phone><electronicMailAddress>frontofficecollectie@naturalis.nl</electronicMailAddress><onlineUrl>https://naturalis.nl/en/collection/</onlineUrl>    </metadataProvider>
    <metadataProvider>
    <individualName>
<givenName>Bram</givenName>          <surName>van der Bijl</surName>
    </individualName>
<organizationName>Naturalis Biodiversity Center</organizationName><positionName>Curator</positionName>    <address>
<deliveryPoint>PO Box 9517</deliveryPoint><city>Leiden</city><administrativeArea>Zuid Holland</administrativeArea><postalCode>NL-2300 RA</postalCode><country>NETHERLANDS</country>    </address>
<phone>+31.71.7519600</phone><electronicMailAddress>frontofficecollectie@naturalis.nl</electronicMailAddress><onlineUrl>https://naturalis.nl/en/collection/</onlineUrl>    </metadataProvider>
      <pubDate>
      2021-06-08
      </pubDate>
    <language>en</language>
    <abstract>
        <para>Database contains specimen records from the Mollusca collection of the Naturalis Biodiversity Center (Leiden, Netherlands). The zoological specimens come from the National Museum of Natural History (RMNH; Rijksmuseum voor Natuurlijke Historie), later National Museum of Natural History, Naturalis in Leiden and the Zoological Museum Amsterdam (ZMA) and new acquisitions. This database replaces the dataset &amp;#34;Zoological Museum Amsterdam, University of Amsterdam (NL) – Mollusca_Conidae&amp;#34;, &amp;#34;Zoological Museum Amsterdam, University of Amsterdam (NL) – Mollusca_Netherlands&amp;#34;, and &amp;#34;Zoological Museum Amsterdam, University of Amsterdam (NL) – Mollusca_Pectinoidea&amp;#34; which were hosted earlier on the GBIF dataportal and contains many new and updated records, especially from the RMNH collection. This dataset is an abstract of the Naturalis production database (BRD) of 2012-12-12. The datasets Zoological Museum Amsterdam, University of Amsterdam (NL) – Mollusca_Types, and Naturalis National Natural History Museum (NL) – Mollusca fossils, are still separately hosted at GBIF, and are not included in this dataset. The old registration numbers of the former institutions (RMNH, ZMA) are also mentioned in the dataset. The Naturalis BC collection contains over 42.000 species of Recent Mollusca. Locality data have only been added in part to this molluscan dataset. Many identifications are original and can be as old as over a century. Many species level names were recently (2011-2012) updated with the help of literature and web based taxonomic databases containing synonymies.</para>
    </abstract>
        <keywordSet>
              <keyword>Occurrence</keyword>
              <keywordThesaurus>GBIF Dataset Type Vocabulary: http://rs.gbif.org/vocabulary/gbif/dataset_type.xml</keywordThesaurus>
        </keywordSet>
        <keywordSet>
              <keyword>Specimen</keyword>
              <keywordThesaurus>GBIF Dataset Subtype Vocabulary: http://rs.gbif.org/vocabulary/gbif/dataset_subtype.xml</keywordThesaurus>
        </keywordSet>
      <intellectualRights>
        <para>To the extent possible under law, the publisher has waived all rights to these data and has dedicated them to the <ulink url="http://creativecommons.org/publicdomain/zero/1.0/legalcode"><citetitle>Public Domain (CC0 1.0)</citetitle></ulink>. Users may copy, modify, distribute and use the work, including for commercial purposes, without restriction.</para>
      </intellectualRights>
      <coverage>
            <geographicCoverage>
                  <geographicDescription>Global coverage</geographicDescription>
                  <boundingCoordinates>
                      <westBoundingCoordinate>-180</westBoundingCoordinate>
                      <eastBoundingCoordinate>180</eastBoundingCoordinate>
                      <northBoundingCoordinate>90</northBoundingCoordinate>
                      <southBoundingCoordinate>-90</southBoundingCoordinate>
                  </boundingCoordinates>
            </geographicCoverage>
              <taxonomicCoverage>
                    <taxonomicClassification>
                          <taxonRankName>Phylum</taxonRankName>
                        <taxonRankValue>mollusca</taxonRankValue>
                          <commonName>molluscs</commonName>
                    </taxonomicClassification>
              </taxonomicCoverage>
      </coverage>
      <contact>
    <individualName>
<givenName>Jeroen</givenName>          <surName>Goud</surName>
    </individualName>
<organizationName>Naturalis Biodiversity Center</organizationName><positionName>Curator</positionName>    <address>
<deliveryPoint>PO Box 9517</deliveryPoint><city>Leiden</city><administrativeArea>Zuid Holland</administrativeArea><postalCode>NL-2300 RA</postalCode><country>NETHERLANDS</country>    </address>
<phone>+31.71.7519600</phone><electronicMailAddress>frontofficecollectie@naturalis.nl</electronicMailAddress><onlineUrl>https://naturalis.nl/en/collection/</onlineUrl>      </contact>
      <contact>
    <individualName>
<givenName>Bram</givenName>          <surName>van der Bijl</surName>
    </individualName>
<organizationName>Naturalis Biodiversity Center</organizationName><positionName>Curator</positionName>    <address>
<deliveryPoint>PO Box 9517</deliveryPoint><city>Leiden</city><administrativeArea>Zuid Holland</administrativeArea><postalCode>NL-2300 RA</postalCode><country>NETHERLANDS</country>    </address>
<phone>+31.71.7519600</phone><electronicMailAddress>frontofficecollectie@naturalis.nl</electronicMailAddress><onlineUrl>https://naturalis.nl/en/collection/</onlineUrl>      </contact>
      <methods>
            <methodStep>
                <description>
                    <para>The original temporal information of the records includes both single dates and time intervals (e.g. 17 June 1980 or June 1980, which could be any date between 1980-06-01 and 1980-06-30). Since GBIF cannot handle time intervals, only the first day of a period is recorded in the eventDate term. The original date is stored in the verbatimEventDate term.</para>
                </description>
            </methodStep>
            <sampling>
                <studyExtent>
                    <description>
                        <para>n/a</para>
                    </description>
                </studyExtent>
                <samplingDescription>
                    <para>n/a</para>
                </samplingDescription>
            </sampling>
      </methods>

</dataset>

<additionalMetadata>
    <metadata>
      <gbif>
        <dateStamp>2021-07-08T15:26:27Z</dateStamp>
      <citation>Goud J, van der Bijl B, Creuwels J (2021). Naturalis Biodiversity Center (NL) - Mollusca. Naturalis Biodiversity Center. Occurrence dataset https://doi.org/10.15468/yefvnk accessed via GBIF.org on 2021-07-08.</citation>
              <resourceLogoUrl>http://ipt.nlbif.nl/resources/logo_Naturalis_rood.png</resourceLogoUrl>
      </gbif>
    </metadata>
</additionalMetadata>

</eml:eml>
