<?xml version="1.0" encoding="utf-8"?>
<eml:eml xmlns:eml="eml://ecoinformatics.org/eml-2.1.1" xmlns:xsi="http://www.w3.org/2001/XMLSchema-instance"
         xsi:schemaLocation="eml://ecoinformatics.org/eml-2.1.1 http://rs.gbif.org/schema/eml-gbif-profile/1.1/eml.xsd"
        packageId="01bc220b-39b8-4837-b235-f921187af771"  system="http://gbif.org" scope="system"
  xml:lang="en">

<dataset>
      <alternateIdentifier>10.15468/mzbw85</alternateIdentifier>
        <alternateIdentifier>https://collections.ala.org.au/public/show/dr15868</alternateIdentifier>
        <alternateIdentifier>01bc220b-39b8-4837-b235-f921187af771</alternateIdentifier>
        <alternateIdentifier>b68ed9fb-5767-37b4-a29a-ec2f40656705</alternateIdentifier>
    <title>JCT AVH data</title>
    <creator>
<organizationName>Australia&apos;s Virtual Herbarium</organizationName><onlineUrl>https://ipt.rbg.vic.gov.au/ipt</onlineUrl>    </creator>
    <creator>
<organizationName>James Cook University Herbarium</organizationName>    <address>
<deliveryPoint>College of Science &amp; Engineering James Cook University</deliveryPoint><city>Townsville</city><administrativeArea>Qld</administrativeArea><postalCode>4811</postalCode><country>AUSTRALIA</country>    </address>
<phone>(07) 4781 4574</phone><electronicMailAddress>betsy.jackes@jcu.edu.au</electronicMailAddress><onlineUrl>http://www.jcu.edu.au/mtb/research/facilities/JCUPRD_055869.html</onlineUrl>    </creator>
    <creator>
<organizationName>James Cook University</organizationName>    <address>
<deliveryPoint>101 Angus Smith Drive</deliveryPoint><city>Townsville</city><administrativeArea>Queensland</administrativeArea><postalCode>4811</postalCode><country>AUSTRALIA</country>    </address>
<phone>(07) 4781 5255</phone><electronicMailAddress>EnquiriesTownsville@jcu.edu.au</electronicMailAddress><onlineUrl>https://www.jcu.edu.au/</onlineUrl>    </creator>
    <metadataProvider>
<organizationName>Australia&apos;s Virtual Herbarium</organizationName><onlineUrl>https://ipt.rbg.vic.gov.au/ipt</onlineUrl>    </metadataProvider>
    <associatedParty>
<organizationName>Atlas of Living Australia</organizationName>    <address>
<deliveryPoint>CSIRO Ecosystems Services</deliveryPoint><city>Canberra</city><administrativeArea>ACT</administrativeArea><postalCode>2601</postalCode><country>AUSTRALIA</country>    </address>
<electronicMailAddress>info@ala.org.au</electronicMailAddress>    <role>DISTRIBUTOR</role>
    </associatedParty>
      <pubDate>
      2021-05-01
      </pubDate>
    <language>ENGLISH</language>
    <abstract>
        <para>Australasian Virtual Herbarium (AVH) data from the James Cook University Herbarium (JCT)</para>
    </abstract>
      <intellectualRights>
        <para>This work is licensed under a <ulink url="http://creativecommons.org/licenses/by/4.0/legalcode"><citetitle>Creative Commons Attribution (CC-BY) 4.0 License</citetitle></ulink>.</para>
      </intellectualRights>
      <distribution scope="document">
          <online>
              <url function="information">https://collections.ala.org.au/public/show/dr15868</url>
          </online>
      </distribution>
      <contact>
    <individualName>
<givenName>Anne</givenName>          <surName>Fuchs</surName>
    </individualName>
<positionName>editor</positionName><electronicMailAddress>anne.fuchs@environment.gov.au</electronicMailAddress>      </contact>
      <methods>
      </methods>

</dataset>

<additionalMetadata>
    <metadata>
      <gbif>
        <dateStamp>2021-06-03T15:07:40Z</dateStamp>
      <citation>James Cook University (2021). JCT AVH data. Occurrence dataset https://doi.org/10.15468/mzbw85 accessed via GBIF.org on 2021-06-03.</citation>
              <resourceLogoUrl>https://collections.ala.org.au/data/dataProvider/avh_logo_green_transparent.png</resourceLogoUrl>
        </gbif>
    </metadata>
</additionalMetadata>

</eml:eml>
