<?xml version="1.0" encoding="utf-8"?>
<eml:eml xmlns:eml="eml://ecoinformatics.org/eml-2.1.1" xmlns:xsi="http://www.w3.org/2001/XMLSchema-instance"
         xsi:schemaLocation="eml://ecoinformatics.org/eml-2.1.1 http://rs.gbif.org/schema/eml-gbif-profile/1.1/eml.xsd"
        packageId="038b6cf8-4c53-4bf3-961e-9fe6c57b813e"  system="http://gbif.org" scope="system"
  xml:lang="en">

<dataset>
      <alternateIdentifier>10.15468/tk35ga</alternateIdentifier>
        <alternateIdentifier>038b6cf8-4c53-4bf3-961e-9fe6c57b813e</alternateIdentifier>
        <alternateIdentifier>http://ipt.vertnet.org:8080/ipt/resource?r=chas_inv</alternateIdentifier>
    <title>CHAS Malacology Collection (Arctos)</title>
    <creator>
    <individualName>
<givenName>Dawn</givenName>          <surName>Roberts</surName>
    </individualName>
<organizationName>The Chicago Academy of Sciences</organizationName><positionName>Director of Collections</positionName>    <address>
<deliveryPoint>2430 North Cannon Drive</deliveryPoint><city>Chicago</city><administrativeArea>IL</administrativeArea><postalCode>60614</postalCode><country>UNITED_STATES</country>    </address>
<phone>+01 773-755-5125</phone><electronicMailAddress>droberts@naturemuseum.org</electronicMailAddress><onlineUrl>http://www.naturemuseum.org</onlineUrl>    </creator>
    <metadataProvider>
    <individualName>
<givenName>Dawn</givenName>          <surName>Roberts</surName>
    </individualName>
<organizationName>The Chicago Academy of Sciences</organizationName><positionName>Director of Collections</positionName>    <address>
<deliveryPoint>2430 North Cannon Drive</deliveryPoint><city>Chicago</city><administrativeArea>IL</administrativeArea><postalCode>60614</postalCode><country>UNITED_STATES</country>    </address>
<phone>+01 773-755-5125</phone><electronicMailAddress>droberts@naturemuseum.org</electronicMailAddress><onlineUrl>http://www.naturemuseum.org</onlineUrl>    </metadataProvider>
    <associatedParty>
    <individualName>
<givenName>Erica</givenName>          <surName>Krimmel</surName>
    </individualName>
<organizationName>The Chicago Academy of Sciences</organizationName><positionName>Assistant Collections Manager</positionName>    <address>
<deliveryPoint>2430 North Cannon Drive</deliveryPoint><city>Chicago</city><administrativeArea>IL</administrativeArea><postalCode>60614</postalCode><country>UNITED_STATES</country>    </address>
<phone>+01 773-755-5118</phone><electronicMailAddress>ekrimmel@naturemuseum.org</electronicMailAddress><onlineUrl>http://www.naturemuseum.org</onlineUrl>    <role>POINT_OF_CONTACT</role>
    </associatedParty>
    <associatedParty>
    <individualName>
<givenName>David</givenName>          <surName>Bloom</surName>
    </individualName>
<organizationName>VertNet</organizationName><positionName>Coordinator</positionName><electronicMailAddress>dbloom@vertnet.org</electronicMailAddress><onlineUrl>http://www.vertnet.org</onlineUrl>    <role>PROGRAMMER</role>
    </associatedParty>
    <associatedParty>
    <individualName>
<givenName>John</givenName>          <surName>Wieczorek</surName>
    </individualName>
<organizationName>Museum of Vertebrate Zoology at UC Berkeley</organizationName><positionName>Information Architect</positionName><electronicMailAddress>tuco@berkeley.edu</electronicMailAddress>    <role>PROGRAMMER</role>
    </associatedParty>
      <pubDate>
      2021-05-28
      </pubDate>
    <language>ENGLISH</language>
    <abstract>
        <para>The Chicago Academy of Sciences’ malacology collection consists of freshwater, marine, and terrestrial Mollusca, as well as specimens representing Echinodermata, Porifera, Brachiopoda, and Cnidaria. It is the third largest in the state of Illinois with approximately 15,000 specimens, split mainly between gastropods and bivalves. Many specimens are associated with Academy collectors, e.g. William Stimpson (1832-1872) or Frank C. Baker (1867-1942). Other major collectors include Elizabeth Emerson Atwater, William Wirt Calkins, Ruthven Deane, J. H. Handwerk, R. L. Lea, Howard N. Lyon, E. N. King, J. W. Velie, Frank Morley Woodruff, and Mrs. E. C. Wiswall. The collection consists mainly of North American varieties of mollusk, with a strong regional focus on the Midwest. Approximately 24% of domestic lots originated in Illinois. Academy expeditions in the late 1800s and early 1900s contributed a significant number of specimens from California and Florida, while a number of specimens collected by William Stimpson came from the eastern coast of the United States. Additional specimens originated in Bermuda, the Bahamas, Mexico, China, Indonesia, and Japan. Collection includes 7 holotypes and 50 syntypes, and specimens were primarily collected pre-1945.</para>
    </abstract>
        <keywordSet>
              <keyword>Occurrence</keyword>
              <keywordThesaurus>GBIF Dataset Type Vocabulary: http://rs.gbif.org/vocabulary/gbif/dataset_type.xml</keywordThesaurus>
        </keywordSet>
        <keywordSet>
              <keyword>Specimen</keyword>
              <keywordThesaurus>GBIF Dataset Subtype Vocabulary: http://rs.gbif.org/vocabulary/gbif/dataset_subtype.xml</keywordThesaurus>
        </keywordSet>
      <additionalInfo>
          <para>http://vertnet.org/resources/norms.html

Rooted in Chicago, Illinois, the Chicago Academy of Sciences was founded in 1857 and was the first science museum in Chicago. Through its Peggy Notebaert Nature Museum, the Academy connects its community to local environments and inspires life-long relationships with urban nature. The museum collections and archives contain natural history collections in the disciplines of botany, entomology, geology, herpetology, ichthyology, malacology, mammalogy, oology, ornithology, and paleontology, as well as cultural collections, audio visual collections, and archives.  These materials range from the 1830s to the present and are predominantly from North America with a focus in the Midwest/Western Great Lakes region.</para>
      </additionalInfo>
      <intellectualRights>
        <para>To the extent possible under law, the publisher has waived all rights to these data and has dedicated them to the <ulink url="http://creativecommons.org/publicdomain/zero/1.0/legalcode"><citetitle>Public Domain (CC0 1.0)</citetitle></ulink>. Users may copy, modify, distribute and use the work, including for commercial purposes, without restriction.</para>
      </intellectualRights>
      <distribution scope="document">
          <online>
              <url function="information">http://www.naturemuseum.org/the-museum/collections/invertebrates</url>
          </online>
      </distribution>
      <coverage>
            <geographicCoverage>
                  <geographicDescription>Primarily United States, especially the Midwest and Southeast.</geographicDescription>
                  <boundingCoordinates>
                      <westBoundingCoordinate>-180</westBoundingCoordinate>
                      <eastBoundingCoordinate>180</eastBoundingCoordinate>
                      <northBoundingCoordinate>90</northBoundingCoordinate>
                      <southBoundingCoordinate>-90</southBoundingCoordinate>
                  </boundingCoordinates>
            </geographicCoverage>
              <taxonomicCoverage>
                    <taxonomicClassification>
                          <taxonRankName>Phylum</taxonRankName>
                        <taxonRankValue>Annelida</taxonRankValue>
                    </taxonomicClassification>
                    <taxonomicClassification>
                          <taxonRankName>Phylum</taxonRankName>
                        <taxonRankValue>Arthropoda</taxonRankValue>
                    </taxonomicClassification>
                    <taxonomicClassification>
                          <taxonRankName>Phylum</taxonRankName>
                        <taxonRankValue>Cnidaria</taxonRankValue>
                    </taxonomicClassification>
                    <taxonomicClassification>
                          <taxonRankName>Phylum</taxonRankName>
                        <taxonRankValue>Echinodermata</taxonRankValue>
                    </taxonomicClassification>
                    <taxonomicClassification>
                          <taxonRankName>Phylum</taxonRankName>
                        <taxonRankValue>Mollusca</taxonRankValue>
                    </taxonomicClassification>
                    <taxonomicClassification>
                          <taxonRankName>Phylum</taxonRankName>
                        <taxonRankValue>Porifera</taxonRankValue>
                    </taxonomicClassification>
              </taxonomicCoverage>
      </coverage>
      <maintenance>
          <description>
              <para></para>
          </description>
          <maintenanceUpdateFrequency>monthly</maintenanceUpdateFrequency>
      </maintenance>
      <contact>
    <individualName>
<givenName>Dawn</givenName>          <surName>Roberts</surName>
    </individualName>
<organizationName>The Chicago Academy of Sciences</organizationName><positionName>Director of Collections</positionName>    <address>
<deliveryPoint>2430 North Cannon Drive</deliveryPoint><city>Chicago</city><administrativeArea>IL</administrativeArea><postalCode>60614</postalCode><country>UNITED_STATES</country>    </address>
<phone>+01 773-755-5125</phone><electronicMailAddress>droberts@naturemuseum.org</electronicMailAddress><onlineUrl>http://www.naturemuseum.org</onlineUrl>      </contact>

</dataset>

<additionalMetadata>
    <metadata>
      <gbif>
        <dateStamp>2021-06-03T15:07:49Z</dateStamp>
      <citation>Roberts D (2021). CHAS Malacology Collection (Arctos). Version 13.51. Chicago Academy of Sciences. Occurrence dataset https://doi.org/10.15468/tk35ga accessed via GBIF.org on 2021-06-03.</citation>
              <resourceLogoUrl>http://ipt.vertnet.org:8080/ipt/logo.do?r=chas_verts</resourceLogoUrl>
              <livingTimePeriod>1800-Present</livingTimePeriod>
        </gbif>
    </metadata>
</additionalMetadata>

</eml:eml>
