<?xml version="1.0" encoding="utf-8"?>
<eml:eml xmlns:eml="eml://ecoinformatics.org/eml-2.1.1" xmlns:xsi="http://www.w3.org/2001/XMLSchema-instance"
         xsi:schemaLocation="eml://ecoinformatics.org/eml-2.1.1 http://rs.gbif.org/schema/eml-gbif-profile/1.1/eml.xsd"
        packageId="0943f690-fde5-11dd-83f4-b8a03c50a862"  system="http://gbif.org" scope="system"
  xml:lang="en">

<dataset>
      <alternateIdentifier>10.15468/yo3mmu</alternateIdentifier>
        <alternateIdentifier>http://www.gbif.se/ipt/resource?r=s-fbo</alternateIdentifier>
        <alternateIdentifier>http://www.gbif.se/ipt/resource.do?r=s-fbo</alternateIdentifier>
        <alternateIdentifier>0943f690-fde5-11dd-83f4-b8a03c50a862</alternateIdentifier>
        <alternateIdentifier>8113</alternateIdentifier>
    <title>Phanerogamic Botanical Collections (S)</title>
    <creator>
    <individualName>
<givenName>Anders</givenName>          <surName>Telenius</surName>
    </individualName>
<organizationName>Swedish Museum of Natural History</organizationName><positionName>Node manager</positionName>    <address>
<city>Stockholm</city><country>SWEDEN</country>    </address>
<electronicMailAddress>anders.telenius@nrm.se</electronicMailAddress>    </creator>
    <metadataProvider>
    <individualName>
<givenName>Manash</givenName>          <surName>Shah</surName>
    </individualName>
<organizationName>Swedish Museum of Natural History</organizationName><positionName>Database Developer</positionName>    <address>
<city>Stockholm</city><country>SWEDEN</country>    </address>
<electronicMailAddress>manash.shah@nrm.se</electronicMailAddress>    </metadataProvider>
    <associatedParty>
    <individualName>
<givenName>Manash</givenName>          <surName>Shah</surName>
    </individualName>
<organizationName>Swedish Museum of Natural History</organizationName><positionName>Database Developer</positionName>    <address>
<country>SWEDEN</country>    </address>
<electronicMailAddress>manash.shah@nrm.se</electronicMailAddress>    <role>USER</role>
    </associatedParty>
      <pubDate>
      2020-11-04
      </pubDate>
    <language>ENGLISH</language>
    <abstract>
        <para>This database contains information on the specimens in the Phanerogamic Botanical Collections of the Swedish Museum of Natural History.</para>
    </abstract>
        <keywordSet>
              <keyword>Occurrence</keyword>
              <keywordThesaurus>GBIF Dataset Type Vocabulary: http://rs.gbif.org/vocabulary/gbif/dataset_type.xml</keywordThesaurus>
        </keywordSet>
        <keywordSet>
              <keyword>Specimen</keyword>
              <keywordThesaurus>GBIF Dataset Subtype Vocabulary: http://rs.gbif.org/vocabulary/gbif/dataset_subtype.xml</keywordThesaurus>
        </keywordSet>
      <intellectualRights>
        <para>To the extent possible under law, the publisher has waived all rights to these data and has dedicated them to the <ulink url="http://creativecommons.org/publicdomain/zero/1.0/legalcode"><citetitle>Public Domain (CC0 1.0)</citetitle></ulink>. Users may copy, modify, distribute and use the work, including for commercial purposes, without restriction.</para>
      </intellectualRights>
      <maintenance>
          <description>
              <para></para>
          </description>
          <maintenanceUpdateFrequency>unkown</maintenanceUpdateFrequency>
      </maintenance>
      <contact>
    <individualName>
<givenName>Anders</givenName>          <surName>Telenius</surName>
    </individualName>
<organizationName>Swedish Museum of Natural History</organizationName><positionName>Node manager</positionName>    <address>
<city>Stockholm</city><country>SWEDEN</country>    </address>
<electronicMailAddress>anders.telenius@nrm.se</electronicMailAddress>      </contact>

</dataset>

<additionalMetadata>
    <metadata>
      <gbif>
        <dateStamp>2021-06-03T15:07:46Z</dateStamp>
      <citation>Telenius A, Shah M (2020). Phanerogamic Botanical Collections (S). GBIF-Sweden. Occurrence dataset https://doi.org/10.15468/yo3mmu accessed via GBIF.org on 2021-06-03.</citation>
        </gbif>
    </metadata>
</additionalMetadata>

</eml:eml>
