<?xml version="1.0" encoding="utf-8"?>
<eml:eml xmlns:eml="eml://ecoinformatics.org/eml-2.1.1" xmlns:xsi="http://www.w3.org/2001/XMLSchema-instance"
         xsi:schemaLocation="eml://ecoinformatics.org/eml-2.1.1 http://rs.gbif.org/schema/eml-gbif-profile/1.1/eml.xsd"
        packageId="0c56af33-2b10-48af-a87b-f67b6881f036"  system="http://gbif.org" scope="system"
  xml:lang="en">

<dataset>
      <alternateIdentifier>10.15468/3r76br</alternateIdentifier>
        <alternateIdentifier>0c56af33-2b10-48af-a87b-f67b6881f036</alternateIdentifier>
        <alternateIdentifier>https://collections.ala.org.au/public/show/dr14787</alternateIdentifier>
        <alternateIdentifier>774b632d-82e6-3697-8862-10a0c7073dc4</alternateIdentifier>
    <title>UNSW AVH data</title>
    <creator>
<organizationName>Australia&apos;s Virtual Herbarium</organizationName><onlineUrl>https://ipt.rbg.vic.gov.au/ipt</onlineUrl>    </creator>
    <creator>
<organizationName>John T. Waterhouse Herbarium</organizationName>    <address>
<deliveryPoint>Bioscience Building, Gate 9, High Street</deliveryPoint><city>Kensington</city><administrativeArea>New South Wales</administrativeArea><postalCode>2033</postalCode><country>AUSTRALIA</country>    </address>
<phone>(02) 9385 3274</phone><electronicMailAddress>herbunsw@unsw.edu.au</electronicMailAddress><onlineUrl>http://www.bees.unsw.edu.au/herbarium</onlineUrl>    </creator>
    <metadataProvider>
<organizationName>Australia&apos;s Virtual Herbarium</organizationName><onlineUrl>https://ipt.rbg.vic.gov.au/ipt</onlineUrl>    </metadataProvider>
    <associatedParty>
<organizationName>Atlas of Living Australia</organizationName>    <address>
<deliveryPoint>CSIRO Ecosystems Services</deliveryPoint><city>Canberra</city><administrativeArea>ACT</administrativeArea><postalCode>2601</postalCode><country>AUSTRALIA</country>    </address>
<electronicMailAddress>info@ala.org.au</electronicMailAddress>    <role>DISTRIBUTOR</role>
    </associatedParty>
      <pubDate>
      2020-11-12
      </pubDate>
    <language>ENGLISH</language>
    <abstract>
        <para>John T. Waterhouse Herbarium (UNSW) AVH data set</para>
    </abstract>
      <intellectualRights>
        <para>This work is licensed under a <ulink url="http://creativecommons.org/licenses/by/4.0/legalcode"><citetitle>Creative Commons Attribution (CC-BY) 4.0 License</citetitle></ulink>.</para>
      </intellectualRights>
      <distribution scope="document">
          <online>
              <url function="information">https://collections.ala.org.au/public/show/dr14787</url>
          </online>
      </distribution>
      <contact>
    <individualName>
<givenName>Frank</givenName>          <surName>Hemmings</surName>
    </individualName>
<positionName>editor</positionName><phone>(02) 9385 3274</phone><electronicMailAddress>herbunsw@unsw.edu.au</electronicMailAddress>      </contact>
      <methods>
      </methods>

</dataset>

<additionalMetadata>
    <metadata>
      <gbif>
        <dateStamp>2021-06-03T15:07:51Z</dateStamp>
      <citation>Australia&apos;s Virtual Herbarium (2020). UNSW AVH data. Occurrence dataset https://doi.org/10.15468/3r76br accessed via GBIF.org on 2021-06-03.</citation>
              <resourceLogoUrl>https://collections.ala.org.au/data/dataProvider/avh_logo_green_transparent.png</resourceLogoUrl>
        </gbif>
    </metadata>
</additionalMetadata>

</eml:eml>
