<?xml version="1.0" encoding="utf-8"?>
<eml:eml xmlns:eml="eml://ecoinformatics.org/eml-2.1.1" xmlns:xsi="http://www.w3.org/2001/XMLSchema-instance"
         xsi:schemaLocation="eml://ecoinformatics.org/eml-2.1.1 http://rs.gbif.org/schema/eml-gbif-profile/1.1/eml.xsd"
        packageId="16b0aa56-90aa-436c-bfe8-b5af83f84575"  system="http://gbif.org" scope="system"
  xml:lang="en">

<dataset>
      <alternateIdentifier>10.15468/dfrwoh</alternateIdentifier>
        <alternateIdentifier>http://ipt.vertnet.org:8080/ipt/resource?r=tcwc_inverts</alternateIdentifier>
        <alternateIdentifier>http://ipt.vertnet.org:8080/ipt/resource.do?r=tcwc_inverts</alternateIdentifier>
        <alternateIdentifier>16b0aa56-90aa-436c-bfe8-b5af83f84575</alternateIdentifier>
    <title>Biodiversity Research and Teaching Collections - TCWC Marine Invertebrates</title>
    <creator>
    <individualName>
<givenName>Heather</givenName>          <surName>Prestridge</surName>
    </individualName>
<organizationName>Texas A&amp;M University Biodiversity Research and Teaching Collections</organizationName><positionName>Curator</positionName>    <address>
<deliveryPoint>210 Nagle Hall</deliveryPoint><city>College Station</city><administrativeArea>TX</administrativeArea><postalCode>77843</postalCode><country>UNITED_STATES</country>    </address>
<phone>+01 979-845-5783</phone><electronicMailAddress>hlprestridge@tamu.edu</electronicMailAddress><onlineUrl>http://brtc.tamu.edu</onlineUrl>    </creator>
    <metadataProvider>
    <individualName>
<givenName>Heather</givenName>          <surName>Prestridge</surName>
    </individualName>
<organizationName>Texas A&amp;M University Biodiversity Research and Teaching Collections</organizationName><positionName>Curator</positionName>    <address>
<deliveryPoint>210 Nagle Hall</deliveryPoint><city>College Station</city><administrativeArea>TX</administrativeArea><postalCode>77843</postalCode><country>UNITED_STATES</country>    </address>
<phone>+01 979-845-5783</phone><electronicMailAddress>hlprestridge@tamu.edu</electronicMailAddress><onlineUrl>http://brtc.tamu.edu</onlineUrl>    </metadataProvider>
    <associatedParty>
    <individualName>
<givenName>David</givenName>          <surName>Bloom</surName>
    </individualName>
<organizationName>VertNet</organizationName><positionName>VertNet Programmer</positionName><electronicMailAddress>dbloom@vertnet.org</electronicMailAddress><onlineUrl>http://www.vertnet.org</onlineUrl>    <role>PROGRAMMER</role>
    </associatedParty>
    <associatedParty>
    <individualName>
<givenName>David</givenName>          <surName>Bloom</surName>
    </individualName>
<organizationName>VertNet</organizationName><positionName>VertNet Coordinator</positionName><electronicMailAddress>dbloom@vertnet.org</electronicMailAddress><onlineUrl>http://www.vertnet.org</onlineUrl>    <role>PROGRAMMER</role>
    </associatedParty>
    <associatedParty>
    <individualName>
<givenName>John</givenName>          <surName>Wieczorek</surName>
    </individualName>
<organizationName>Museum of Vertebrate Zoology at UC Berkeley</organizationName><positionName>Information Architect</positionName><electronicMailAddress>tuco@berkeley.edu</electronicMailAddress>    <role>PROGRAMMER</role>
    </associatedParty>
      <pubDate>
      2016-12-22
      </pubDate>
    <language>ENGLISH</language>
    <abstract>
        <para>The Collection of Marine Invertebrates consists of over 47,000 dry and fluid-preserved marine invertebrates primarily from the Gulf of Mexico and the Caribbean Sea. This collection was donated in 1995 by the Department of Oceanography at Texas A&amp;amp;M University. The majority of the specimens were collected by Research Vessels Alaminos and Gyre during the 1960’s and 1970’s. At that time, there had been relatively few biological studies conducted in the Gulf of Mexico. The studies that had been completed prior to that time were from ships unable to perform numerous deep water trawls and dredges, and no studies documented the western half of the Gulf. The new ships were able to perform such trawls and dredges and surveyed a larger portion of the Gulf than the earlier studies. Funding for much of the original collection was provided in part by Sea Grant. The collection remains the most comprehensive collection of deep sea invertebrates from the Gulf of Mexico. It is an active collection and used by systematists, undergraduates, and graduates as a resource for their studies. Dr. Mary K. Wicksten, from the Texas A&amp;amp;M University Biology Department, generously donates her time as curator. Although our collection is called the “Marine” Invertebrate Collection, we recently acquired a landmark collection of freshwater crayfishes from Sterling Johnson, a retiree from Texas A&amp;amp;M University and author of Texas Crawdads. These include vouchers for his book “Texas Crawdads” and constitute a valuable resource for conservation of rare and endemic freshwater fauna.</para>
    </abstract>
        <keywordSet>
              <keyword>marine invertebrates
freshwater invertebrates</keyword>
              <keywordThesaurus>Voucher specimens</keywordThesaurus>
        </keywordSet>
        <keywordSet>
              <keyword>marine invertebrates</keyword>
              <keywordThesaurus>Tissue samples</keywordThesaurus>
        </keywordSet>
        <keywordSet>
              <keyword>Museum specimens
Voucher specimens</keyword>
              <keywordThesaurus>General</keywordThesaurus>
        </keywordSet>
        <keywordSet>
              <keyword>Occurrence</keyword>
              <keywordThesaurus>GBIF Dataset Type Vocabulary: http://rs.gbif.org/vocabulary/gbif/dataset_type.xml</keywordThesaurus>
        </keywordSet>
        <keywordSet>
              <keyword>Specimen</keyword>
              <keywordThesaurus>GBIF Dataset Subtype Vocabulary: http://rs.gbif.org/vocabulary/gbif/dataset_subtype.xml</keywordThesaurus>
        </keywordSet>
      <additionalInfo>
          <para>In most cases geospatial data are available for specimens in our collection. To request more detailed locality information please contact us.</para>
      </additionalInfo>
      <intellectualRights>
        <para>To the extent possible under law, the publisher has waived all rights to these data and has dedicated them to the <ulink url="http://creativecommons.org/publicdomain/zero/1.0/legalcode"><citetitle>Public Domain (CC0 1.0)</citetitle></ulink>. Users may copy, modify, distribute and use the work, including for commercial purposes, without restriction.</para>
      </intellectualRights>
      <distribution scope="document">
          <online>
              <url function="information">http://brtc.tamu.edu/collections/marine-invertebrates/</url>
          </online>
      </distribution>
      <coverage>
            <geographicCoverage>
                  <geographicDescription>Primarily from the Gulf of Mexico and the Caribbean Sea.</geographicDescription>
                  <boundingCoordinates>
                      <westBoundingCoordinate>-180</westBoundingCoordinate>
                      <eastBoundingCoordinate>180</eastBoundingCoordinate>
                      <northBoundingCoordinate>90</northBoundingCoordinate>
                      <southBoundingCoordinate>-90</southBoundingCoordinate>
                  </boundingCoordinates>
            </geographicCoverage>
              <taxonomicCoverage>
                    <taxonomicClassification>
                          <taxonRankName>Phylum</taxonRankName>
                        <taxonRankValue>Annelida</taxonRankValue>
                    </taxonomicClassification>
                    <taxonomicClassification>
                          <taxonRankName>Phylum</taxonRankName>
                        <taxonRankValue>Foraminifera</taxonRankValue>
                    </taxonomicClassification>
                    <taxonomicClassification>
                          <taxonRankName>Phylum</taxonRankName>
                        <taxonRankValue>Echinodermata</taxonRankValue>
                    </taxonomicClassification>
                    <taxonomicClassification>
                          <taxonRankName>Phylum</taxonRankName>
                        <taxonRankValue>Hemichrodata</taxonRankValue>
                    </taxonomicClassification>
                    <taxonomicClassification>
                          <taxonRankName>Phylum</taxonRankName>
                        <taxonRankValue>Brachiopoda</taxonRankValue>
                    </taxonomicClassification>
                    <taxonomicClassification>
                          <taxonRankName>Phylum</taxonRankName>
                        <taxonRankValue>Sipuncula</taxonRankValue>
                    </taxonomicClassification>
                    <taxonomicClassification>
                          <taxonRankName>Phylum</taxonRankName>
                        <taxonRankValue>Mollusca</taxonRankValue>
                    </taxonomicClassification>
                    <taxonomicClassification>
                          <taxonRankName>Phylum</taxonRankName>
                        <taxonRankValue>Priapulida</taxonRankValue>
                    </taxonomicClassification>
                    <taxonomicClassification>
                          <taxonRankName>Phylum</taxonRankName>
                        <taxonRankValue>Nematoda</taxonRankValue>
                    </taxonomicClassification>
                    <taxonomicClassification>
                          <taxonRankName>Phylum</taxonRankName>
                        <taxonRankValue>Chaetognatha</taxonRankValue>
                    </taxonomicClassification>
                    <taxonomicClassification>
                          <taxonRankName>Phylum</taxonRankName>
                        <taxonRankValue>Porifera</taxonRankValue>
                    </taxonomicClassification>
                    <taxonomicClassification>
                          <taxonRankName>Phylum</taxonRankName>
                        <taxonRankValue>Nemertinae</taxonRankValue>
                    </taxonomicClassification>
                    <taxonomicClassification>
                          <taxonRankName>Phylum</taxonRankName>
                        <taxonRankValue>Chordata</taxonRankValue>
                    </taxonomicClassification>
                    <taxonomicClassification>
                          <taxonRankName>Phylum</taxonRankName>
                        <taxonRankValue>Echiura</taxonRankValue>
                    </taxonomicClassification>
                    <taxonomicClassification>
                          <taxonRankName>Phylum</taxonRankName>
                        <taxonRankValue>Nemertinea</taxonRankValue>
                    </taxonomicClassification>
                    <taxonomicClassification>
                          <taxonRankName>Phylum</taxonRankName>
                        <taxonRankValue>Nemertea</taxonRankValue>
                    </taxonomicClassification>
                    <taxonomicClassification>
                          <taxonRankName>Phylum</taxonRankName>
                        <taxonRankValue>Phoronida</taxonRankValue>
                    </taxonomicClassification>
                    <taxonomicClassification>
                          <taxonRankName>Phylum</taxonRankName>
                        <taxonRankValue>Chateognatha</taxonRankValue>
                    </taxonomicClassification>
                    <taxonomicClassification>
                          <taxonRankName>Phylum</taxonRankName>
                        <taxonRankValue>Ectoprocta</taxonRankValue>
                    </taxonomicClassification>
                    <taxonomicClassification>
                          <taxonRankName>Phylum</taxonRankName>
                        <taxonRankValue>Echiura</taxonRankValue>
                    </taxonomicClassification>
                    <taxonomicClassification>
                          <taxonRankName>Phylum</taxonRankName>
                        <taxonRankValue>Arthropoda</taxonRankValue>
                    </taxonomicClassification>
                    <taxonomicClassification>
                          <taxonRankName>Phylum</taxonRankName>
                        <taxonRankValue>Bryozoa</taxonRankValue>
                    </taxonomicClassification>
                    <taxonomicClassification>
                          <taxonRankName>Phylum</taxonRankName>
                        <taxonRankValue>Ctenophora</taxonRankValue>
                    </taxonomicClassification>
                    <taxonomicClassification>
                          <taxonRankName>Phylum</taxonRankName>
                        <taxonRankValue>Priapula</taxonRankValue>
                    </taxonomicClassification>
                    <taxonomicClassification>
                          <taxonRankName>Phylum</taxonRankName>
                        <taxonRankValue>Cnidaria</taxonRankValue>
                    </taxonomicClassification>
                    <taxonomicClassification>
                          <taxonRankName>Phylum</taxonRankName>
                        <taxonRankValue>Phoronidea</taxonRankValue>
                    </taxonomicClassification>
                    <taxonomicClassification>
                          <taxonRankName>Phylum</taxonRankName>
                        <taxonRankValue>Sipunculida</taxonRankValue>
                    </taxonomicClassification>
                    <taxonomicClassification>
                          <taxonRankName>Phylum</taxonRankName>
                        <taxonRankValue>Chrodata</taxonRankValue>
                    </taxonomicClassification>
                    <taxonomicClassification>
                          <taxonRankName>Phylum</taxonRankName>
                        <taxonRankValue>Nematomorpha</taxonRankValue>
                    </taxonomicClassification>
                    <taxonomicClassification>
                          <taxonRankName>Phylum</taxonRankName>
                        <taxonRankValue>Hemichordata</taxonRankValue>
                    </taxonomicClassification>
                    <taxonomicClassification>
                          <taxonRankName>Phylum</taxonRankName>
                        <taxonRankValue>Echiuroidea</taxonRankValue>
                    </taxonomicClassification>
                    <taxonomicClassification>
                          <taxonRankName>Phylum</taxonRankName>
                        <taxonRankValue>Platyhelminthes</taxonRankValue>
                    </taxonomicClassification>
              </taxonomicCoverage>
      </coverage>
      <maintenance>
          <description>
              <para></para>
          </description>
          <maintenanceUpdateFrequency>unkown</maintenanceUpdateFrequency>
      </maintenance>
      <contact>
    <individualName>
<givenName>Heather</givenName>          <surName>Prestridge</surName>
    </individualName>
<organizationName>Texas A&amp;M University Biodiversity Research and Teaching Collections</organizationName><positionName>Curator</positionName>    <address>
<deliveryPoint>210 Nagle Hall</deliveryPoint><city>College Station</city><administrativeArea>TX</administrativeArea><postalCode>77843</postalCode><country>UNITED_STATES</country>    </address>
<phone>+01 979-845-5783</phone><electronicMailAddress>hlprestridge@tamu.edu</electronicMailAddress><onlineUrl>http://brtc.tamu.edu</onlineUrl>      </contact>
      <methods>
            <methodStep>
                <description>
                    <para></para>
                </description>
            </methodStep>
      </methods>

      <project >
          <title>Biodiversity Research and Teaching Collections</title>
          <personnel>
    <individualName>
<givenName>Heather</givenName>          <surName>Prestridge</surName>
    </individualName>
    <role>POINT_OF_CONTACT</role>
          </personnel>
          <abstract>
              <para></para>
          </abstract>
          <funding>
              <para></para>
          </funding>
      </project>
</dataset>

<additionalMetadata>
    <metadata>
      <gbif>
        <dateStamp>2021-06-03T15:07:49Z</dateStamp>
      <citation>Prestridge H (2016). Biodiversity Research and Teaching Collections - TCWC Marine Invertebrates. Version 5.1. Texas A&amp;M University Biodiversity Research and Teaching Collections. Occurrence dataset https://doi.org/10.15468/dfrwoh accessed via GBIF.org on 2021-06-03.</citation>
        </gbif>
    </metadata>
</additionalMetadata>

</eml:eml>
