<?xml version="1.0" encoding="utf-8"?>
<eml:eml xmlns:eml="eml://ecoinformatics.org/eml-2.1.1" xmlns:xsi="http://www.w3.org/2001/XMLSchema-instance"
         xsi:schemaLocation="eml://ecoinformatics.org/eml-2.1.1 http://rs.gbif.org/schema/eml-gbif-profile/1.1/eml.xsd"
        packageId="2002f5f5-a2b6-43ee-bcc7-44811ae22acb"  system="http://gbif.org" scope="system"
  xml:lang="en">

<dataset>
      <alternateIdentifier>10.15468/vqth7r</alternateIdentifier>
        <alternateIdentifier>2002f5f5-a2b6-43ee-bcc7-44811ae22acb</alternateIdentifier>
        <alternateIdentifier>https://collections.ala.org.au/public/show/dr15772</alternateIdentifier>
        <alternateIdentifier>0e5f8242-abe7-3401-b4c7-4c622e32caff</alternateIdentifier>
    <title>WOLL AVH data</title>
    <creator>
<organizationName>Australia&apos;s Virtual Herbarium</organizationName><onlineUrl>https://ipt.rbg.vic.gov.au/ipt</onlineUrl>    </creator>
    <creator>
<organizationName>The Janet Cosh Herbarium</organizationName>    <address>
<deliveryPoint>Northfields Avenue</deliveryPoint><city>Wollongong,</city><administrativeArea>New South Wales.</administrativeArea><postalCode>2522</postalCode><country>AUSTRALIA</country>    </address>
<phone>(02) 4221 4340</phone><electronicMailAddress>bpellow@uow.edu.au</electronicMailAddress><onlineUrl>http://www.uow.edu.au/science/biol/herbarium/index.html</onlineUrl>    </creator>
    <metadataProvider>
<organizationName>Australia&apos;s Virtual Herbarium</organizationName><onlineUrl>https://ipt.rbg.vic.gov.au/ipt</onlineUrl>    </metadataProvider>
    <associatedParty>
<organizationName>Atlas of Living Australia</organizationName>    <address>
<deliveryPoint>CSIRO Ecosystems Services</deliveryPoint><city>Canberra</city><administrativeArea>ACT</administrativeArea><postalCode>2601</postalCode><country>AUSTRALIA</country>    </address>
<electronicMailAddress>info@ala.org.au</electronicMailAddress>    <role>DISTRIBUTOR</role>
    </associatedParty>
      <pubDate>
      2020-08-05
      </pubDate>
    <language>ENGLISH</language>
    <abstract>
        <para>Data set of the Janet Cosh Herbarium (WOLL) for the Australasian Virtual Herbarium (AVH)</para>
    </abstract>
      <intellectualRights>
        <para>This work is licensed under a <ulink url="http://creativecommons.org/licenses/by/4.0/legalcode"><citetitle>Creative Commons Attribution (CC-BY) 4.0 License</citetitle></ulink>.</para>
      </intellectualRights>
      <distribution scope="document">
          <online>
              <url function="information">https://collections.ala.org.au/public/show/dr15772</url>
          </online>
      </distribution>
      <contact>
    <individualName>
<givenName>Patsy</givenName>          <surName>Nagle</surName>
    </individualName>
<positionName>editor</positionName><electronicMailAddress>pnagle@uow.edu.au</electronicMailAddress>      </contact>
      <methods>
      </methods>

</dataset>

<additionalMetadata>
    <metadata>
      <gbif>
        <dateStamp>2021-06-03T15:07:49Z</dateStamp>
      <citation>University of Wollongong (2020). WOLL AVH data. Occurrence dataset https://doi.org/10.15468/vqth7r accessed via GBIF.org on 2021-06-03.</citation>
              <resourceLogoUrl>https://collections.ala.org.au/data/dataProvider/avh_logo_green_transparent.png</resourceLogoUrl>
        </gbif>
    </metadata>
</additionalMetadata>

</eml:eml>
