<?xml version="1.0" encoding="utf-8"?>
<eml:eml xmlns:eml="eml://ecoinformatics.org/eml-2.1.1" xmlns:xsi="http://www.w3.org/2001/XMLSchema-instance"
         xsi:schemaLocation="eml://ecoinformatics.org/eml-2.1.1 http://rs.gbif.org/schema/eml-gbif-profile/1.1/eml.xsd"
        packageId="2a513d16-f4ce-4252-974f-2486ce70b788"  system="http://gbif.org" scope="system"
  xml:lang="en">

<dataset>
      <alternateIdentifier>10.15468/af24d8</alternateIdentifier>
        <alternateIdentifier>https://collections.ala.org.au/public/show/dr366</alternateIdentifier>
        <alternateIdentifier>06978732-8171-3153-bd81-d9bdf42b4cef</alternateIdentifier>
        <alternateIdentifier>http://collections.ala.org.au/public/show/dr366</alternateIdentifier>
        <alternateIdentifier>2a513d16-f4ce-4252-974f-2486ce70b788</alternateIdentifier>
        <alternateIdentifier>2385ef98-ef7d-37ab-9336-85ffab1cef0e</alternateIdentifier>
        <alternateIdentifier>c96630f2-5913-39e6-bc9c-6db6ed598e5c</alternateIdentifier>
        <alternateIdentifier>12710</alternateIdentifier>
    <title>SA Flora (BDBSA)</title>
    <creator>
<organizationName>South Australia, Department for Environment and Water</organizationName><onlineUrl>http://www.environment.sa.gov.au/Knowledge_Bank/Information_data</onlineUrl>    </creator>
    <metadataProvider>
<organizationName>South Australia, Department for Environment and Water</organizationName><onlineUrl>http://www.environment.sa.gov.au/Knowledge_Bank/Information_data</onlineUrl>    </metadataProvider>
    <associatedParty>
<organizationName>Atlas of Living Australia</organizationName>    <address>
<deliveryPoint>CSIRO Ecosystems Services</deliveryPoint><city>Canberra</city><administrativeArea>ACT</administrativeArea><postalCode>2601</postalCode><country>AUSTRALIA</country>    </address>
<electronicMailAddress>info@ala.org.au</electronicMailAddress>    <role>DISTRIBUTOR</role>
    </associatedParty>
      <pubDate>
      2021-04-13
      </pubDate>
    <language>ENGLISH</language>
    <abstract>
        <para>The flora and fauna data sets represent the spatial locations of flora and fauna species observation data maintained by DEW in the Biological Databases of South Australia.</para>
    </abstract>
      <additionalInfo>
          <para>- DEW provides advice as required on restrictions to sensitive records.
- DEW perform standard filtering of BDBSA data prior to release. These standard filters include records considered questionable due to location or taxonomic issues and sub fossil records</para>
      </additionalInfo>
      <intellectualRights>
        <para>This work is licensed under a <ulink url="http://creativecommons.org/licenses/by/4.0/legalcode"><citetitle>Creative Commons Attribution (CC-BY) 4.0 License</citetitle></ulink>.</para>
      </intellectualRights>
      <distribution scope="document">
          <online>
              <url function="information">https://collections.ala.org.au/public/show/dr366</url>
          </online>
      </distribution>
      <contact>
    <individualName>
          <surName>DEW Biological Data Support</surName>
    </individualName>
<positionName>editor</positionName><electronicMailAddress>DEWBioDataSupport@sa.gov.au</electronicMailAddress>      </contact>
      <methods>
      </methods>

</dataset>

<additionalMetadata>
    <metadata>
      <gbif>
        <dateStamp>2021-06-03T15:07:56Z</dateStamp>
      <citation>South Australia, Department for Environment and Water (2021). SA Flora (BDBSA). Occurrence dataset https://doi.org/10.15468/af24d8 accessed via GBIF.org on 2021-06-03.</citation>
        </gbif>
    </metadata>
</additionalMetadata>

</eml:eml>
