<?xml version="1.0" encoding="utf-8"?>
<eml:eml xmlns:eml="eml://ecoinformatics.org/eml-2.1.1" xmlns:xsi="http://www.w3.org/2001/XMLSchema-instance"
         xsi:schemaLocation="eml://ecoinformatics.org/eml-2.1.1 http://rs.gbif.org/schema/eml-gbif-profile/1.1/eml.xsd"
        packageId="35e8d7cb-256c-4470-b2e6-79adadc308c5"  system="http://gbif.org" scope="system"
  xml:lang="en">

<dataset>
      <alternateIdentifier>10.15468/efbic6</alternateIdentifier>
        <alternateIdentifier>35e8d7cb-256c-4470-b2e6-79adadc308c5</alternateIdentifier>
        <alternateIdentifier>https://collections.ala.org.au/public/show/dr5018</alternateIdentifier>
        <alternateIdentifier>bebda2b2-06e2-38e9-88fd-b9002670bd8d</alternateIdentifier>
    <title>WCPS Bird Survey Project</title>
    <creator>
<organizationName>WCPS Bird Survey Project</organizationName><electronicMailAddress>birds@wollicreek.org.au</electronicMailAddress><onlineUrl>http://wolli.ala.org.au/bdrs-core/portal/3/home.htm</onlineUrl>    </creator>
    <metadataProvider>
<organizationName>WCPS Bird Survey Project</organizationName><electronicMailAddress>birds@wollicreek.org.au</electronicMailAddress><onlineUrl>http://wolli.ala.org.au/bdrs-core/portal/3/home.htm</onlineUrl>    </metadataProvider>
    <associatedParty>
<organizationName>Atlas of Living Australia</organizationName>    <address>
<deliveryPoint>CSIRO Ecosystems Services</deliveryPoint><city>Canberra</city><administrativeArea>ACT</administrativeArea><postalCode>2601</postalCode><country>AUSTRALIA</country>    </address>
<electronicMailAddress>info@ala.org.au</electronicMailAddress>    <role>DISTRIBUTOR</role>
    </associatedParty>
      <pubDate>
      2021-05-05
      </pubDate>
    <language>ENGLISH</language>
    <abstract>
        <para>This is an on-going project which has been running since 1964. The project continues the work done by Neil Rankin in conducting regular surveys in Wolli Creek valley and surrounding areas. This will improve the knowledge of the region&amp;#39;s avian biodiversity and it&amp;#39;s response to changes which impact on it. Changes include bush regeneration projects in the valley and urban developments surrounding it.</para>
    </abstract>
      <intellectualRights>
        <para>This work is licensed under a <ulink url="http://creativecommons.org/licenses/by-nc/4.0/legalcode"><citetitle>Creative Commons Attribution Non Commercial (CC-BY-NC) 4.0 License</citetitle></ulink>.</para>
      </intellectualRights>
      <distribution scope="document">
          <online>
              <url function="information">https://collections.ala.org.au/public/show/dr5018</url>
          </online>
      </distribution>
      <contact>
<organizationName>Atlas of Living Australia</organizationName>    <address>
<deliveryPoint>CSIRO Ecosystems Services</deliveryPoint><city>Canberra</city><administrativeArea>ACT</administrativeArea><postalCode>2601</postalCode><country>AUSTRALIA</country>    </address>
<electronicMailAddress>info@ala.org.au</electronicMailAddress>      </contact>
      <methods>
      </methods>

</dataset>

<additionalMetadata>
    <metadata>
      <gbif>
        <dateStamp>2021-06-03T15:08:03Z</dateStamp>
      <citation>WCPS Bird Survey Project (2021). WCPS Bird Survey Project. Occurrence dataset https://doi.org/10.15468/efbic6 accessed via GBIF.org on 2021-06-03.</citation>
        </gbif>
    </metadata>
</additionalMetadata>

</eml:eml>
