<?xml version="1.0" encoding="utf-8"?>
<eml:eml xmlns:eml="eml://ecoinformatics.org/eml-2.1.1" xmlns:xsi="http://www.w3.org/2001/XMLSchema-instance"
         xsi:schemaLocation="eml://ecoinformatics.org/eml-2.1.1 http://rs.gbif.org/schema/eml-gbif-profile/1.1/eml.xsd"
        packageId="361d98ca-ba9d-4b85-a64f-7db8fb35c6a9"  system="http://gbif.org" scope="system"
  xml:lang="en">

<dataset>
      <alternateIdentifier>10.15468/j7sfxq</alternateIdentifier>
        <alternateIdentifier>http://ipt.idigbio.org/resource?r=cmc-paleo</alternateIdentifier>
    <title>CMC Cincinnati Museum Center Invertebrate Paleontology</title>
    <creator>
    <individualName>
<givenName>Brenda</givenName>          <surName>Hunda</surName>
    </individualName>
<positionName>Curator of Invertebrate Paleontology</positionName>    <address>
<deliveryPoint>1301 Western Avenue</deliveryPoint><city>Cincinnati</city><administrativeArea>Ohio</administrativeArea><postalCode>45203</postalCode><country>UNITED_STATES</country>    </address>
<phone>+01 (513) 455-7160</phone><electronicMailAddress>BHunda@cincymuseum.org</electronicMailAddress>    </creator>
    <metadataProvider>
    <individualName>
<givenName>Brenda</givenName>          <surName>Hunda</surName>
    </individualName>
<positionName>Curator of Invertebrate Paleontology</positionName>    <address>
<deliveryPoint>1301 Western Avenue</deliveryPoint><city>Cincinnati</city><administrativeArea>Ohio</administrativeArea><postalCode>45203</postalCode><country>UNITED_STATES</country>    </address>
<phone>+01 (513) 455-7160</phone><electronicMailAddress>BHunda@cincymuseum.org</electronicMailAddress>    </metadataProvider>
    <metadataProvider>
    <individualName>
<givenName>Anne</givenName>          <surName>Kling</surName>
    </individualName>
<positionName>Manager, Collection Databases and Websites</positionName>    <address>
<deliveryPoint>1301 Western Avenue</deliveryPoint><city>Cincinnati</city><administrativeArea>Ohio</administrativeArea><postalCode>45203</postalCode><country>UNITED_STATES</country>    </address>
<phone>+01 (513) 287-7070</phone><electronicMailAddress>AKling@cincymuseum.org</electronicMailAddress>    </metadataProvider>
    <metadataProvider>
    <individualName>
<givenName>Glenn</givenName>          <surName>Storrs</surName>
    </individualName>
<positionName>Assistant Vice President of Collections and Research &amp; the Withrow Farny Curator of Vertebrate Paleontology</positionName>    <address>
<deliveryPoint>1301 Western Avenue</deliveryPoint><city>Cincinnati</city><administrativeArea>Ohio</administrativeArea><postalCode>45203</postalCode><country>UNITED_STATES</country>    </address>
<phone>+01 (513) 455-7164</phone><electronicMailAddress>storrsgw@cincymuseum.org</electronicMailAddress>    </metadataProvider>
    <associatedParty>
    <individualName>
<givenName>Joanna</givenName>          <surName>McCaffrey</surName>
    </individualName>
<organizationName>iDigBio</organizationName><positionName>Biodiversity Informatics Manager</positionName>    <address>
<country>UNITED_STATES</country>    </address>
<electronicMailAddress>jmccaffrey@flmnh.ufl.edu</electronicMailAddress>    <role>PROGRAMMER</role>
    </associatedParty>
      <pubDate>
      2016-11-10
      </pubDate>
    <language>ENGLISH</language>
    <abstract>
        <para>The Invertebrate Paleontology collections of Cincinnati Museum Center are maintained to supplement and complement the major invertebrate fossil collections in North American museums and universities. On national and international levels, CMC houses one of the best collections of Upper Ordovician fossils, focusing on the uniqueness of the Cincinnati paleogeographic area. To serve the broader needs, the department cares for additional invertebrate fossil collections that focus on other geologic time periods from the American mid-continent/Ohio Valley, particularly the tri-state region. The collection does contain specimens from all over the world and through most of the Phanerozoic Eon. The dataset contains taxonomic, geographic, and stratigraphic data for over 60,000 specimen lots of major invertebrate phyla.</para>
    </abstract>
        <keywordSet>
              <keyword>Echinodermata</keyword>
              <keyword>Bryozoa</keyword>
              <keyword>Nautiloidea</keyword>
              <keyword>Brachiopoda</keyword>
              <keyword>Gastropoda</keyword>
              <keyword>Crinoidea</keyword>
              <keyword>Cephalopoda</keyword>
              <keyword>Ichnotaxon</keyword>
              <keyword>Porifera</keyword>
              <keyword>Bivalvia</keyword>
              <keyword>Arthropoda</keyword>
              <keyword>Cnidaria</keyword>
              <keyword>Ammonoidea</keyword>
              <keyword>Echinoidea</keyword>
              <keyword>Edrioasteroidea</keyword>
              <keyword>Protista</keyword>
              <keyword>Mollusca</keyword>
              <keyword>Trilobita</keyword>
              <keyword>Occurrence</keyword>
              <keyword>Fossil invertebrates</keyword>
              <keywordThesaurus>GBIF Dataset Type Vocabulary: http://rs.gbif.org/vocabulary/gbif/dataset_type.xml</keywordThesaurus>
        </keywordSet>
        <keywordSet>
              <keyword>Specimen</keyword>
              <keywordThesaurus>GBIF Dataset Subtype Vocabulary: http://rs.gbif.org/vocabulary/gbif/dataset_subtype.xml</keywordThesaurus>
        </keywordSet>
      <intellectualRights>
        <para>This work is licensed under a <ulink url="http://creativecommons.org/licenses/by-nc/4.0/legalcode"><citetitle>Creative Commons Attribution Non Commercial (CC-BY-NC) 4.0 License</citetitle></ulink>.</para>
      </intellectualRights>
      <maintenance>
          <description>
              <para></para>
          </description>
          <maintenanceUpdateFrequency>unkown</maintenanceUpdateFrequency>
      </maintenance>
      <contact>
    <individualName>
<givenName>Brenda</givenName>          <surName>Hunda</surName>
    </individualName>
<positionName>Curator of Invertebrate Paleontology</positionName>    <address>
<deliveryPoint>1301 Western Avenue</deliveryPoint><city>Cincinnati</city><administrativeArea>Ohio</administrativeArea><postalCode>45203</postalCode><country>UNITED_STATES</country>    </address>
<phone>+01 (513) 455-7160</phone><electronicMailAddress>BHunda@cincymuseum.org</electronicMailAddress>      </contact>
      <contact>
    <individualName>
<givenName>Anne</givenName>          <surName>Kling</surName>
    </individualName>
<positionName>Manager, Collection Databases and Websites</positionName>    <address>
<deliveryPoint>1301 Western Avenue</deliveryPoint><city>Cincinnati</city><administrativeArea>Ohio</administrativeArea><postalCode>45203</postalCode><country>UNITED_STATES</country>    </address>
<phone>+01 (513) 287-7070</phone><electronicMailAddress>AKling@cincymuseum.org</electronicMailAddress>      </contact>

</dataset>

<additionalMetadata>
    <metadata>
      <gbif>
        <dateStamp>2021-06-03T15:07:49Z</dateStamp>
      <citation>Hunda B, Kling A, Storrs G (2016). CMC Cincinnati Museum Center Invertebrate Paleontology. Cincinnati Museum Center. Occurrence dataset https://doi.org/10.15468/j7sfxq accessed via GBIF.org on 2021-06-03.</citation>
              <resourceLogoUrl>http://ipt.idigbio.org/logo.do?r=cmc-paleo</resourceLogoUrl>
        </gbif>
    </metadata>
</additionalMetadata>

</eml:eml>
