<?xml version="1.0" encoding="utf-8"?>
<eml:eml xmlns:eml="eml://ecoinformatics.org/eml-2.1.1" xmlns:xsi="http://www.w3.org/2001/XMLSchema-instance"
         xsi:schemaLocation="eml://ecoinformatics.org/eml-2.1.1 http://rs.gbif.org/schema/eml-gbif-profile/1.1/eml.xsd"
        packageId="36555a0c-8361-42c4-9f78-805816266f2e"  system="http://gbif.org" scope="system"
  xml:lang="en">

<dataset>
      <alternateIdentifier>10.15468/yn7jkv</alternateIdentifier>
        <alternateIdentifier>36555a0c-8361-42c4-9f78-805816266f2e</alternateIdentifier>
        <alternateIdentifier>https://registry.nbnatlas.org/public/show/dr2209</alternateIdentifier>
        <alternateIdentifier>f5280d52-bd05-3652-8ea5-3d10aaa0cd84</alternateIdentifier>
    <title>BSBI data from several English counties, up to 2015</title>
    <creator>
<organizationName>Botanical Society of Britain &amp; Ireland</organizationName>    <address>
<deliveryPoint>57 Walton Road,</deliveryPoint><city>Shirehampton</city><administrativeArea>Bristol,</administrativeArea><postalCode>BS11 9TA.</postalCode>    </address>
<electronicMailAddress>enquiries@bsbi.org</electronicMailAddress><onlineUrl>http://bsbi.org/</onlineUrl>    </creator>
    <metadataProvider>
<organizationName>Botanical Society of Britain &amp; Ireland</organizationName>    <address>
<deliveryPoint>57 Walton Road,</deliveryPoint><city>Shirehampton</city><administrativeArea>Bristol,</administrativeArea><postalCode>BS11 9TA.</postalCode>    </address>
<electronicMailAddress>enquiries@bsbi.org</electronicMailAddress><onlineUrl>http://bsbi.org/</onlineUrl>    </metadataProvider>
    <associatedParty>
<organizationName>NBN Atlas</organizationName>    <address>
<deliveryPoint>Unit F, 14 - 18 St Mary&apos;s Gate, Lace Market</deliveryPoint><city>Nottingham</city><administrativeArea>Nottinghamshire</administrativeArea><postalCode>NG1 1PF</postalCode><country>UNITED_KINGDOM</country>    </address>
<electronicMailAddress>admin@nbnatlas.org</electronicMailAddress>    <role>DISTRIBUTOR</role>
    </associatedParty>
      <pubDate>
      2021-05-05
      </pubDate>
    <language>ENGLISH</language>
    <abstract>
        <para></para>
    </abstract>
      <intellectualRights>
        <para>This work is licensed under a <ulink url="http://creativecommons.org/licenses/by-nc/4.0/legalcode"><citetitle>Creative Commons Attribution Non Commercial (CC-BY-NC) 4.0 License</citetitle></ulink>.</para>
      </intellectualRights>
      <distribution scope="document">
          <online>
              <url function="information">https://registry.nbnatlas.org/public/show/dr2209</url>
          </online>
      </distribution>
      <contact>
    <individualName>
<givenName>Tom</givenName>          <surName>Humphrey</surName>
    </individualName>
<positionName>editor</positionName><electronicMailAddress>tom.humphrey@bsbi.org</electronicMailAddress>      </contact>
      <methods>
      </methods>

</dataset>

<additionalMetadata>
    <metadata>
      <gbif>
        <dateStamp>2021-06-03T15:08:03Z</dateStamp>
      <citation>Botanical Society of Britain &amp; Ireland (2021). BSBI data from several English counties, up to 2015. Occurrence dataset https://doi.org/10.15468/yn7jkv accessed via GBIF.org on 2021-06-03.</citation>
              <resourceLogoUrl>https://registry.nbnatlas.org/data/dataProvider/BSBIstackedcolour.png</resourceLogoUrl>
        </gbif>
    </metadata>
</additionalMetadata>

</eml:eml>
