<?xml version="1.0" encoding="utf-8"?>
<eml:eml xmlns:eml="eml://ecoinformatics.org/eml-2.1.1" xmlns:xsi="http://www.w3.org/2001/XMLSchema-instance"
         xsi:schemaLocation="eml://ecoinformatics.org/eml-2.1.1 http://rs.gbif.org/schema/eml-gbif-profile/1.1/eml.xsd"
        packageId="4655f1f3-60a5-4346-a343-84f5836a4585"  system="http://gbif.org" scope="system"
  xml:lang="en">

<dataset>
      <alternateIdentifier>10.15468/kpb05k</alternateIdentifier>
        <alternateIdentifier>http://ipt.idigbio.org/resource?r=aum-inverts</alternateIdentifier>
    <title>Auburn University Museum of Natural History Invertebrates</title>
    <creator>
    <individualName>
<givenName>Brianne</givenName>          <surName>Varnerin</surName>
    </individualName>
<organizationName>Auburn University Museum of Natural History</organizationName><positionName>Collection Manager</positionName><electronicMailAddress>bvv0002@auburn.edu</electronicMailAddress>    </creator>
    <metadataProvider>
    <individualName>
<givenName>Brianne</givenName>          <surName>Varnerin</surName>
    </individualName>
<organizationName>Auburn University Museum of Natural History</organizationName><positionName>Collection Manager</positionName><electronicMailAddress>bvv0002@auburn.edu</electronicMailAddress>    </metadataProvider>
    <associatedParty>
    <individualName>
<givenName>Brianne</givenName>          <surName>Varnerin</surName>
    </individualName>
<electronicMailAddress>bvv0002@auburn.edu</electronicMailAddress>    <role>USER</role>
    </associatedParty>
      <pubDate>
      2019-04-15
      </pubDate>
    <language>ENGLISH</language>
    <abstract>
        <para>The Auburn University Museum of Natural History Invertebrate Collection consists of a wide range of taxa from all over the world. Our geographic foci lie in the Southeast U.S., with the great biodiversity of crayfish in Alabama, and in Antarctica. We have had several donations from private collections which have increased the geographic scope of the collection, but most of our accessions have been through University research and affiliated persons. The invertebrate collection contains representatives of most non-molluscan phyla, with a concentration in crayfish, echinoderms, and annelids.</para>
    </abstract>
        <keywordSet>
              <keyword>Occurrence</keyword>
              <keywordThesaurus>GBIF Dataset Type Vocabulary: http://rs.gbif.org/vocabulary/gbif/dataset_type.xml</keywordThesaurus>
        </keywordSet>
      <intellectualRights>
        <para>To the extent possible under law, the publisher has waived all rights to these data and has dedicated them to the <ulink url="http://creativecommons.org/publicdomain/zero/1.0/legalcode"><citetitle>Public Domain (CC0 1.0)</citetitle></ulink>. Users may copy, modify, distribute and use the work, including for commercial purposes, without restriction.</para>
      </intellectualRights>
      <maintenance>
          <description>
              <para></para>
          </description>
          <maintenanceUpdateFrequency>asNeeded</maintenanceUpdateFrequency>
      </maintenance>
      <contact>
    <individualName>
<givenName>Brianne</givenName>          <surName>Varnerin</surName>
    </individualName>
<organizationName>Auburn University Museum of Natural History</organizationName><positionName>Collection Manager</positionName><electronicMailAddress>bvv0002@auburn.edu</electronicMailAddress>      </contact>

</dataset>

<additionalMetadata>
    <metadata>
      <gbif>
        <dateStamp>2021-06-03T15:07:42Z</dateStamp>
      <citation>Varnerin B (2019). Auburn University Museum of Natural History Invertebrates. Auburn University Museum. Occurrence dataset https://doi.org/10.15468/kpb05k accessed via GBIF.org on 2021-06-03.</citation>
        </gbif>
    </metadata>
</additionalMetadata>

</eml:eml>
