<?xml version="1.0" encoding="utf-8"?>
<eml:eml xmlns:eml="eml://ecoinformatics.org/eml-2.1.1" xmlns:xsi="http://www.w3.org/2001/XMLSchema-instance"
         xsi:schemaLocation="eml://ecoinformatics.org/eml-2.1.1 http://rs.gbif.org/schema/eml-gbif-profile/1.1/eml.xsd"
        packageId="47abf4a5-0eb2-4373-bc51-61196e7346d2"  system="http://gbif.org" scope="system"
  xml:lang="en">

<dataset>
      <alternateIdentifier>10.15468/pljute</alternateIdentifier>
        <alternateIdentifier>https://collections.ala.org.au/public/show/dr570</alternateIdentifier>
        <alternateIdentifier>d8efe561-3fb0-3de7-a757-954bb1bf0ffe</alternateIdentifier>
        <alternateIdentifier>http://collections.ala.org.au/public/show/dr570</alternateIdentifier>
        <alternateIdentifier>47abf4a5-0eb2-4373-bc51-61196e7346d2</alternateIdentifier>
        <alternateIdentifier>17354095-2ad9-3a65-9f12-3cb57038d7b6</alternateIdentifier>
        <alternateIdentifier>26fdef04-ad57-319c-814b-c1774bc41c74</alternateIdentifier>
        <alternateIdentifier>14107</alternateIdentifier>
    <title>Historical Bird Atlas</title>
    <creator>
<organizationName>BirdLife Australia</organizationName>    <address>
<deliveryPoint>National Office and Library Suite 2-05 60 Leicester Street</deliveryPoint><city>Carlton</city><administrativeArea>Victoria</administrativeArea><postalCode>3053</postalCode>    </address>
<phone>61 3 9347 0757</phone><electronicMailAddress>atlas@birdlife.org.au</electronicMailAddress><onlineUrl>http://birdlife.org.au/</onlineUrl>    </creator>
    <metadataProvider>
<organizationName>BirdLife Australia</organizationName>    <address>
<deliveryPoint>National Office and Library Suite 2-05 60 Leicester Street</deliveryPoint><city>Carlton</city><administrativeArea>Victoria</administrativeArea><postalCode>3053</postalCode>    </address>
<phone>61 3 9347 0757</phone><electronicMailAddress>atlas@birdlife.org.au</electronicMailAddress><onlineUrl>http://birdlife.org.au/</onlineUrl>    </metadataProvider>
    <associatedParty>
<organizationName>Atlas of Living Australia</organizationName>    <address>
<deliveryPoint>CSIRO Ecosystems Services</deliveryPoint><city>Canberra</city><administrativeArea>ACT</administrativeArea><postalCode>2601</postalCode><country>AUSTRALIA</country>    </address>
<electronicMailAddress>info@ala.org.au</electronicMailAddress>    <role>DISTRIBUTOR</role>
    </associatedParty>
      <pubDate>
      2020-12-14
      </pubDate>
    <language>ENGLISH</language>
    <abstract>
        <para>The historical atlas is a collection of data from museum collections, personal notebooks, published and unpublished literature collected by Birds Australia. Records range from  1629 to 1976. Each survey was ascribed to a grid with the coordinates given as the central point. Grids size varied, with most being 10-minute grids or 1-degree grids.</para>
    </abstract>
      <intellectualRights>
        <para>This work is licensed under a <ulink url="http://creativecommons.org/licenses/by-nc/4.0/legalcode"><citetitle>Creative Commons Attribution Non Commercial (CC-BY-NC) 4.0 License</citetitle></ulink>.</para>
      </intellectualRights>
      <distribution scope="document">
          <online>
              <url function="information">https://collections.ala.org.au/public/show/dr570</url>
          </online>
      </distribution>
      <contact>
    <individualName>
          <surName>BirdLife</surName>
    </individualName>
<positionName>editor</positionName><electronicMailAddress>atlas@birdlife.org.au</electronicMailAddress>      </contact>
      <methods>
      </methods>

</dataset>

<additionalMetadata>
    <metadata>
      <gbif>
        <dateStamp>2021-06-03T15:08:03Z</dateStamp>
      <citation>BirdLife Australia (2020). Historical Bird Atlas. Occurrence dataset https://doi.org/10.15468/pljute accessed via GBIF.org on 2021-06-03.</citation>
              <resourceLogoUrl>https://collections.ala.org.au/data/dataProvider/ICONICBIRD_BLUE_CMYK_sml.jpg</resourceLogoUrl>
        </gbif>
    </metadata>
</additionalMetadata>

</eml:eml>
