<?xml version="1.0" encoding="utf-8"?>
<eml:eml xmlns:eml="eml://ecoinformatics.org/eml-2.1.1" xmlns:xsi="http://www.w3.org/2001/XMLSchema-instance"
         xsi:schemaLocation="eml://ecoinformatics.org/eml-2.1.1 http://rs.gbif.org/schema/eml-gbif-profile/1.1/eml.xsd"
        packageId="4bf1cca8-832c-4891-9e17-7e7a65b7cc81"  system="http://gbif.org" scope="system"
  xml:lang="en">

<dataset>
      <alternateIdentifier>10.15468/dchsnk</alternateIdentifier>
        <alternateIdentifier>https://collections.ala.org.au/public/show/dr359</alternateIdentifier>
        <alternateIdentifier>c058bdac-df3d-3fc9-ab2d-5c4a1fe01e73</alternateIdentifier>
        <alternateIdentifier>http://collections.ala.org.au/public/show/dr359</alternateIdentifier>
        <alternateIdentifier>4bf1cca8-832c-4891-9e17-7e7a65b7cc81</alternateIdentifier>
        <alternateIdentifier>0a072bc9-e9e5-35ca-91cd-2ce63b734cf6</alternateIdentifier>
        <alternateIdentifier>c0037f1a-959e-32e1-ad87-f1f7709a84f7</alternateIdentifier>
        <alternateIdentifier>13030</alternateIdentifier>
    <title>BirdLife Australia, Birdata</title>
    <creator>
<organizationName>BirdLife Australia</organizationName>    <address>
<deliveryPoint>National Office and Library Suite 2-05 60 Leicester Street</deliveryPoint><city>Carlton</city><administrativeArea>Victoria</administrativeArea><postalCode>3053</postalCode>    </address>
<phone>61 3 9347 0757</phone><electronicMailAddress>atlas@birdlife.org.au</electronicMailAddress><onlineUrl>http://birdlife.org.au/</onlineUrl>    </creator>
    <metadataProvider>
<organizationName>BirdLife Australia</organizationName>    <address>
<deliveryPoint>National Office and Library Suite 2-05 60 Leicester Street</deliveryPoint><city>Carlton</city><administrativeArea>Victoria</administrativeArea><postalCode>3053</postalCode>    </address>
<phone>61 3 9347 0757</phone><electronicMailAddress>atlas@birdlife.org.au</electronicMailAddress><onlineUrl>http://birdlife.org.au/</onlineUrl>    </metadataProvider>
    <associatedParty>
<organizationName>Atlas of Living Australia</organizationName>    <address>
<deliveryPoint>CSIRO Ecosystems Services</deliveryPoint><city>Canberra</city><administrativeArea>ACT</administrativeArea><postalCode>2601</postalCode><country>AUSTRALIA</country>    </address>
<electronicMailAddress>info@ala.org.au</electronicMailAddress>    <role>DISTRIBUTOR</role>
    </associatedParty>
      <pubDate>
      2020-12-11
      </pubDate>
    <language>ENGLISH</language>
    <abstract>
        <para>Birdata is your gateway to BirdLife Australia data including the Atlas of Australian Birds and Nest record scheme. You can use Birdata to draw bird distribution maps and generate bird lists for any part of the country. You can also join in the Atlas and submit survey information to this important environmental database.

Please note that Birdlife data is available under a non-commercial license and consultants should contact Birdlife directly to arrange access to full resolution records for commercial purposes.</para>
    </abstract>
      <additionalInfo>
          <para>Please note that details of records of sensitive species have been removed from this data set.  To request full access to these records please contact Birds Australia (atlas@birdlife.org.au).</para>
      </additionalInfo>
      <intellectualRights>
        <para>This work is licensed under a <ulink url="http://creativecommons.org/licenses/by-nc/4.0/legalcode"><citetitle>Creative Commons Attribution Non Commercial (CC-BY-NC) 4.0 License</citetitle></ulink>.</para>
      </intellectualRights>
      <distribution scope="document">
          <online>
              <url function="information">https://collections.ala.org.au/public/show/dr359</url>
          </online>
      </distribution>
      <contact>
    <individualName>
          <surName>BirdLife</surName>
    </individualName>
<positionName>editor</positionName><electronicMailAddress>atlas@birdlife.org.au</electronicMailAddress>      </contact>
      <methods>
      </methods>

</dataset>

<additionalMetadata>
    <metadata>
      <gbif>
        <dateStamp>2021-06-03T15:08:04Z</dateStamp>
      <citation>BirdLife Australia (2020). BirdLife Australia, Birdata. Occurrence dataset https://doi.org/10.15468/dchsnk accessed via GBIF.org on 2021-06-03.</citation>
              <resourceLogoUrl>https://collections.ala.org.au/data/dataProvider/ICONICBIRD_BLUE_CMYK_sml.jpg</resourceLogoUrl>
        </gbif>
    </metadata>
</additionalMetadata>

</eml:eml>
