<?xml version="1.0" encoding="utf-8"?>
<eml:eml xmlns:eml="eml://ecoinformatics.org/eml-2.1.1" xmlns:xsi="http://www.w3.org/2001/XMLSchema-instance"
         xsi:schemaLocation="eml://ecoinformatics.org/eml-2.1.1 http://rs.gbif.org/schema/eml-gbif-profile/1.1/eml.xsd"
        packageId="5445131a-b491-44d8-9974-3ec52bde0c47"  system="http://gbif.org" scope="system"
  xml:lang="en">

<dataset>
      <alternateIdentifier>10.15468/kw8izq</alternateIdentifier>
    <title>Wikiplantbase #Toscana</title>
    <creator>
<organizationName>Dipartimento di Biologia, Università di Pisa</organizationName>    </creator>
    <metadataProvider>
<organizationName>Lorenzo Peruzzi</organizationName>    <address>
<deliveryPoint>Dipartimento di Biologia, Università di Pisa, via Derna 1, I-56126 Pisa, Italy</deliveryPoint>    </address>
<phone>+39 050 2211 339</phone><electronicMailAddress>lorenzo.peruzzi@unipi.it</electronicMailAddress>    </metadataProvider>
      <pubDate>
      2020-01-01
      </pubDate>
    <language>en</language>
    <abstract>
        <para>The databases stores historical and current plant occurrence records relative to Tuscany administrative region of Italy (NUTS-2 code ITE1). Source of records may be bibliographical references, herbarium specimens, or human observations. The database is associated with the Wikiplantbase project, including sister databases for Sardinia, Liguria and Sicily</para>
    </abstract>
      <intellectualRights>
        <para>This work is licensed under a <ulink url="http://creativecommons.org/licenses/by-nc/4.0/legalcode"><citetitle>Creative Commons Attribution Non Commercial (CC-BY-NC) 4.0 License</citetitle></ulink>.</para>
      </intellectualRights>
      <contact>
    <individualName>
          <surName>Lorenzo Peruzzi</surName>
    </individualName>
    <address>
<deliveryPoint>Dipartimento di Biologia, Università di Pisa, via Derna 1, I-56126 Pisa, Italy</deliveryPoint>    </address>
<phone>+39 050 2211 339</phone><electronicMailAddress>lorenzo.peruzzi@unipi.it</electronicMailAddress>      </contact>

</dataset>

<additionalMetadata>
    <metadata>
      <gbif>
        <dateStamp>2021-06-03T15:07:50Z</dateStamp>
      <citation>Dipartimento di Biologia, Università di Pisa (2020). Wikiplantbase #Toscana. Occurrence dataset https://doi.org/10.15468/kw8izq accessed via GBIF.org on 2021-06-03.</citation>
        </gbif>
    </metadata>
</additionalMetadata>

</eml:eml>
