<?xml version="1.0" encoding="utf-8"?>
<eml:eml xmlns:eml="eml://ecoinformatics.org/eml-2.1.1" xmlns:xsi="http://www.w3.org/2001/XMLSchema-instance"
         xsi:schemaLocation="eml://ecoinformatics.org/eml-2.1.1 http://rs.gbif.org/schema/eml-gbif-profile/1.1/eml.xsd"
        packageId="56fd9b80-2fe9-11de-816f-b8a03c50a862"  system="http://gbif.org" scope="system"
  xml:lang="en">

<dataset>
      <alternateIdentifier>10.15468/zmb7ue</alternateIdentifier>
        <alternateIdentifier>http://ipt.gbif.pl:8080/resource?r=pan_iop_ias_zwierzeta</alternateIdentifier>
        <alternateIdentifier>56fd9b80-2fe9-11de-816f-b8a03c50a862</alternateIdentifier>
        <alternateIdentifier>8242</alternateIdentifier>
    <title>Alien Species in Poland - Animals</title>
    <creator>
    <individualName>
<givenName>Wojciech</givenName>          <surName>Solarz</surName>
    </individualName>
<organizationName>Institute of Nature Conservation, Polish Academy of Sciences</organizationName>    <address>
<country>POLAND</country>    </address>
<electronicMailAddress>solarz@iop.krakow.pl</electronicMailAddress><onlineUrl>http://www.iop.krakow.pl/iop/inc.asp?00</onlineUrl>    </creator>
    <metadataProvider>
    <individualName>
<givenName>Wojciech</givenName>          <surName>Solarz</surName>
    </individualName>
<organizationName>Institute of Nature Conservation, Polish Academy of Sciences</organizationName>    <address>
<country>POLAND</country>    </address>
<electronicMailAddress>solarz@iop.krakow.pl</electronicMailAddress><onlineUrl>http://www.iop.krakow.pl/iop/inc.asp?00</onlineUrl>    </metadataProvider>
    <associatedParty>
    <individualName>
<givenName>Wojciech</givenName>          <surName>Solarz</surName>
    </individualName>
<electronicMailAddress>solarz@iop.krakow.pl</electronicMailAddress>    <role>USER</role>
    </associatedParty>
      <pubDate>
      2017-12-14
      </pubDate>
    <language>ENGLISH</language>
    <abstract>
        <para>The database covers distribution of alien animals in Poland. Distribution is presented in natural units of space delineated on the basis of geomorphic characteristics.</para>
    </abstract>
        <keywordSet>
              <keyword>Occurrence</keyword>
              <keywordThesaurus>GBIF Dataset Type Vocabulary: http://rs.gbif.org/vocabulary/gbif/dataset_type.xml</keywordThesaurus>
        </keywordSet>
        <keywordSet>
              <keyword>Specimen</keyword>
              <keywordThesaurus>GBIF Dataset Subtype Vocabulary: http://rs.gbif.org/vocabulary/gbif/dataset_subtype.xml</keywordThesaurus>
        </keywordSet>
      <intellectualRights>
        <para>This work is licensed under a <ulink url="http://creativecommons.org/licenses/by-nc/4.0/legalcode"><citetitle>Creative Commons Attribution Non Commercial (CC-BY-NC) 4.0 License</citetitle></ulink>.</para>
      </intellectualRights>
      <maintenance>
          <description>
              <para></para>
          </description>
          <maintenanceUpdateFrequency>unkown</maintenanceUpdateFrequency>
      </maintenance>
      <contact>
    <individualName>
<givenName>Wojciech</givenName>          <surName>Solarz</surName>
    </individualName>
<organizationName>Institute of Nature Conservation, Polish Academy of Sciences</organizationName>    <address>
<country>POLAND</country>    </address>
<electronicMailAddress>solarz@iop.krakow.pl</electronicMailAddress><onlineUrl>http://www.iop.krakow.pl/iop/inc.asp?00</onlineUrl>      </contact>

</dataset>

<additionalMetadata>
    <metadata>
      <gbif>
        <dateStamp>2021-06-03T15:07:47Z</dateStamp>
      <citation>Solarz W (2017). Alien Species in Poland - Animals. Institute of Nature Conservation, Polish Academy of Sciences. Occurrence dataset https://doi.org/10.15468/zmb7ue accessed via GBIF.org on 2021-06-03.</citation>
        </gbif>
    </metadata>
</additionalMetadata>

</eml:eml>
