<?xml version="1.0" encoding="utf-8"?>
<eml:eml xmlns:eml="eml://ecoinformatics.org/eml-2.1.1" xmlns:xsi="http://www.w3.org/2001/XMLSchema-instance"
         xsi:schemaLocation="eml://ecoinformatics.org/eml-2.1.1 http://rs.gbif.org/schema/eml-gbif-profile/1.1/eml.xsd"
        packageId="5a3b50fa-c882-4129-9405-38e54c0a73f3"  system="http://gbif.org" scope="system"
  xml:lang="en">

<dataset>
      <alternateIdentifier>10.15468/9rkjjq</alternateIdentifier>
        <alternateIdentifier>https://collections.ala.org.au/public/show/dr15863</alternateIdentifier>
        <alternateIdentifier>5a3b50fa-c882-4129-9405-38e54c0a73f3</alternateIdentifier>
        <alternateIdentifier>58553d00-7bd6-3102-ba1a-e86936b98ca5</alternateIdentifier>
    <title>PERTH AVH data</title>
    <creator>
<organizationName>Australia&apos;s Virtual Herbarium</organizationName><onlineUrl>https://ipt.rbg.vic.gov.au/ipt</onlineUrl>    </creator>
    <creator>
<organizationName>Western Australian Herbarium</organizationName>    <address>
<deliveryPoint>Keiran McNamara Conservation Science Centre, 17 Dick Perry Avenue</deliveryPoint><city>Kensington</city><administrativeArea>Western Australia</administrativeArea><postalCode>6151</postalCode><country>AUSTRALIA</country>    </address>
<phone>(08) 9219 9130</phone><electronicMailAddress>herbarium@dbca.wa.gov.au</electronicMailAddress><onlineUrl>http://www.dpaw.wa.gov.au/plants-and-animals/wa-herbarium</onlineUrl>    </creator>
    <creator>
<organizationName>Western Australia, Department of Biodiversity, Conservation and Attractions</organizationName>    <address>
<deliveryPoint>168 St Georges Terrace</deliveryPoint><city>Perth</city><administrativeArea>Western Australia</administrativeArea><postalCode>6000</postalCode><country>AUSTRALIA</country>    </address>
<phone>(08) 6467 5000</phone><electronicMailAddress>info@dec.wa.gov.au</electronicMailAddress><onlineUrl>http://www.dpaw.wa.gov.au/</onlineUrl>    </creator>
    <metadataProvider>
<organizationName>Australia&apos;s Virtual Herbarium</organizationName><onlineUrl>https://ipt.rbg.vic.gov.au/ipt</onlineUrl>    </metadataProvider>
    <associatedParty>
<organizationName>Atlas of Living Australia</organizationName>    <address>
<deliveryPoint>CSIRO Ecosystems Services</deliveryPoint><city>Canberra</city><administrativeArea>ACT</administrativeArea><postalCode>2601</postalCode><country>AUSTRALIA</country>    </address>
<electronicMailAddress>info@ala.org.au</electronicMailAddress>    <role>DISTRIBUTOR</role>
    </associatedParty>
      <pubDate>
      2021-05-01
      </pubDate>
    <language>ENGLISH</language>
    <abstract>
        <para>Australasian Virtual Herbarium (AVH) data from the Western Australian Herbarium (PERTH)</para>
    </abstract>
      <intellectualRights>
        <para>This work is licensed under a <ulink url="http://creativecommons.org/licenses/by/4.0/legalcode"><citetitle>Creative Commons Attribution (CC-BY) 4.0 License</citetitle></ulink>.</para>
      </intellectualRights>
      <distribution scope="document">
          <online>
              <url function="information">https://collections.ala.org.au/public/show/dr15863</url>
          </online>
      </distribution>
      <contact>
    <individualName>
<givenName>Ben</givenName>          <surName>Richardson</surName>
    </individualName>
<positionName>editor</positionName><electronicMailAddress>ben.richardson@dbca.wa.gov.au</electronicMailAddress>      </contact>
      <methods>
      </methods>

</dataset>

<additionalMetadata>
    <metadata>
      <gbif>
        <dateStamp>2021-06-03T15:07:48Z</dateStamp>
      <citation>Western Australia, Department of Biodiversity, Conservation and Attractions (2021). PERTH AVH data. Occurrence dataset https://doi.org/10.15468/9rkjjq accessed via GBIF.org on 2021-06-03.</citation>
              <resourceLogoUrl>https://collections.ala.org.au/data/dataProvider/avh_logo_green_transparent.png</resourceLogoUrl>
        </gbif>
    </metadata>
</additionalMetadata>

</eml:eml>
