<?xml version="1.0" encoding="utf-8"?>
<eml:eml xmlns:eml="eml://ecoinformatics.org/eml-2.1.1" xmlns:xsi="http://www.w3.org/2001/XMLSchema-instance"
         xsi:schemaLocation="eml://ecoinformatics.org/eml-2.1.1 http://rs.gbif.org/schema/eml-gbif-profile/1.1/eml.xsd"
        packageId="72453ca0-328a-11df-855a-b8a03c50a862"  system="http://gbif.org" scope="system"
  xml:lang="en">

<dataset>
      <alternateIdentifier>10.15468/vbfpcd</alternateIdentifier>
        <alternateIdentifier>http://ipt.gbif.pl:8080/resource?r=pan_zbs_mammals</alternateIdentifier>
        <alternateIdentifier>72453ca0-328a-11df-855a-b8a03c50a862</alternateIdentifier>
        <alternateIdentifier>10971</alternateIdentifier>
    <title>Mammal Collection</title>
    <creator>
    <individualName>
<givenName>Elwira</givenName>          <surName>Szuma</surName>
    </individualName>
<organizationName>Mammal Research Institute, Polish Academy of Sciences</organizationName>    <address>
<country>POLAND</country>    </address>
<electronicMailAddress>eszuma@zbs.bialowieza.pl</electronicMailAddress><onlineUrl>http://www.zbs.bialowieza.pl/index_en.html</onlineUrl>    </creator>
    <metadataProvider>
    <individualName>
<givenName>Elwira</givenName>          <surName>Szuma</surName>
    </individualName>
<organizationName>Mammal Research Institute, Polish Academy of Sciences</organizationName>    <address>
<country>POLAND</country>    </address>
<electronicMailAddress>eszuma@zbs.bialowieza.pl</electronicMailAddress><onlineUrl>http://www.zbs.bialowieza.pl/index_en.html</onlineUrl>    </metadataProvider>
    <associatedParty>
    <individualName>
<givenName>Elwira</givenName>          <surName>Szuma</surName>
    </individualName>
<electronicMailAddress>eszuma@zbs.bialowieza.pl</electronicMailAddress>    <role>USER</role>
    </associatedParty>
      <pubDate>
      2017-12-14
      </pubDate>
    <language>ENGLISH</language>
    <abstract>
        <para>The Mammal Collection was established above 50 years ago. At the moment the collection has about 190 000 of mammal specimens. Specimens in our collection are kept as dry or wet material (kept in alcohol). Dry material includes skulls, skeletons, skins, stuffed mammals and some others materials. In our collection we have mainly mammals from Poland, especially Białowieża Forest, and Biebrza valley, but also many specimens from world fauna.</para>
    </abstract>
        <keywordSet>
              <keyword>Occurrence</keyword>
              <keywordThesaurus>GBIF Dataset Type Vocabulary: http://rs.gbif.org/vocabulary/gbif/dataset_type.xml</keywordThesaurus>
        </keywordSet>
        <keywordSet>
              <keyword>Specimen</keyword>
              <keywordThesaurus>GBIF Dataset Subtype Vocabulary: http://rs.gbif.org/vocabulary/gbif/dataset_subtype.xml</keywordThesaurus>
        </keywordSet>
      <intellectualRights>
        <para>This work is licensed under a <ulink url="http://creativecommons.org/licenses/by-nc/4.0/legalcode"><citetitle>Creative Commons Attribution Non Commercial (CC-BY-NC) 4.0 License</citetitle></ulink>.</para>
      </intellectualRights>
      <maintenance>
          <description>
              <para></para>
          </description>
          <maintenanceUpdateFrequency>unkown</maintenanceUpdateFrequency>
      </maintenance>
      <contact>
    <individualName>
<givenName>Elwira</givenName>          <surName>Szuma</surName>
    </individualName>
<organizationName>Mammal Research Institute, Polish Academy of Sciences</organizationName>    <address>
<country>POLAND</country>    </address>
<electronicMailAddress>eszuma@zbs.bialowieza.pl</electronicMailAddress><onlineUrl>http://www.zbs.bialowieza.pl/index_en.html</onlineUrl>      </contact>

</dataset>

<additionalMetadata>
    <metadata>
      <gbif>
        <dateStamp>2021-06-03T15:07:43Z</dateStamp>
      <citation>Szuma E (2017). Mammal Collection. Mammal Research Institute, Polish Academy of Sciences. Occurrence dataset https://doi.org/10.15468/vbfpcd accessed via GBIF.org on 2021-06-03.</citation>
        </gbif>
    </metadata>
</additionalMetadata>

</eml:eml>
