<?xml version="1.0" encoding="utf-8"?>
<eml:eml xmlns:eml="eml://ecoinformatics.org/eml-2.1.1" xmlns:xsi="http://www.w3.org/2001/XMLSchema-instance"
         xsi:schemaLocation="eml://ecoinformatics.org/eml-2.1.1 http://rs.gbif.org/schema/eml-gbif-profile/1.1/eml.xsd"
        packageId="75bfed9c-679d-4c8f-ab46-feb2eb98512a"  system="http://gbif.org" scope="system"
  xml:lang="en">

<dataset>
      <alternateIdentifier>10.15468/px2xfi</alternateIdentifier>
        <alternateIdentifier>https://collections.ala.org.au/public/show/dr689</alternateIdentifier>
        <alternateIdentifier>18c116da-d946-3b93-b533-068fef8b6cf5</alternateIdentifier>
        <alternateIdentifier>http://collections.ala.org.au/public/show/dr689</alternateIdentifier>
        <alternateIdentifier>75bfed9c-679d-4c8f-ab46-feb2eb98512a</alternateIdentifier>
        <alternateIdentifier>4155cc21-763b-344f-9caf-acd691f77e74</alternateIdentifier>
        <alternateIdentifier>1c994419-9c26-3d50-9430-0c93897637e6</alternateIdentifier>
    <title>NSW South Coast &amp; ACT plants</title>
    <creator>
<organizationName>NSW South Coast &amp; ACT plants</organizationName>    </creator>
    <metadataProvider>
<organizationName>NSW South Coast &amp; ACT plants</organizationName>    </metadataProvider>
    <associatedParty>
<organizationName>Atlas of Living Australia</organizationName>    <address>
<deliveryPoint>CSIRO Ecosystems Services</deliveryPoint><city>Canberra</city><administrativeArea>ACT</administrativeArea><postalCode>2601</postalCode><country>AUSTRALIA</country>    </address>
<electronicMailAddress>info@ala.org.au</electronicMailAddress>    <role>DISTRIBUTOR</role>
    </associatedParty>
      <pubDate>
      2019-12-18
      </pubDate>
    <language>ENGLISH</language>
    <abstract>
        <para>Photos taken during the field work for the books &amp;#34;Flowers of the South Coast &amp;amp; Ranges of NSW&amp;#34; (3 volumes) and &amp;#34;Flowers of the ACT &amp;amp; Region&amp;#34;.</para>
    </abstract>
      <intellectualRights>
        <para>This work is licensed under a <ulink url="http://creativecommons.org/licenses/by/4.0/legalcode"><citetitle>Creative Commons Attribution (CC-BY) 4.0 License</citetitle></ulink>.</para>
      </intellectualRights>
      <distribution scope="document">
          <online>
              <url function="information">https://collections.ala.org.au/public/show/dr689</url>
          </online>
      </distribution>
      <contact>
    <individualName>
<givenName>Don &amp; Betty</givenName>          <surName>Wood</surName>
    </individualName>
<positionName>editor</positionName><phone>02 62542128</phone><electronicMailAddress>woodbook@optusnet.com.au</electronicMailAddress>      </contact>
      <methods>
      </methods>

</dataset>

<additionalMetadata>
    <metadata>
      <gbif>
        <dateStamp>2021-06-03T15:07:43Z</dateStamp>
      <citation>Atlas of Living Australia (2019). NSW South Coast &amp; ACT plants. Occurrence dataset https://doi.org/10.15468/px2xfi accessed via GBIF.org on 2021-06-03.</citation>
        </gbif>
    </metadata>
</additionalMetadata>

</eml:eml>
