<?xml version="1.0" encoding="utf-8"?>
<eml:eml xmlns:eml="eml://ecoinformatics.org/eml-2.1.1" xmlns:xsi="http://www.w3.org/2001/XMLSchema-instance"
         xsi:schemaLocation="eml://ecoinformatics.org/eml-2.1.1 http://rs.gbif.org/schema/eml-gbif-profile/1.1/eml.xsd"
        packageId="75ffc475-3a0c-456d-b394-314489709e88"  system="http://gbif.org" scope="system"
  xml:lang="en">

<dataset>
      <alternateIdentifier>10.15468/jcfqmf</alternateIdentifier>
        <alternateIdentifier>75ffc475-3a0c-456d-b394-314489709e88</alternateIdentifier>
        <alternateIdentifier>http://ipt.jbrj.gov.br/reflora/resource?r=hucp</alternateIdentifier>
    <title>HUCP herbarium - Pontífica Universidade Católica do Paraná PUC - Herbário Virtual Reflora</title>
    <creator>
    <individualName>
<givenName>Rodrigo</givenName>          <surName>Kersten</surName>
    </individualName>
<organizationName>Pontifical Catholic University of Paraná</organizationName><positionName>Curator</positionName>    <address>
<city>Curitiba</city><administrativeArea>Paraná</administrativeArea>    </address>
<electronicMailAddress>r.kersten@pucpr.br</electronicMailAddress>    </creator>
    <metadataProvider>
    <individualName>
<givenName>João</givenName>          <surName>Lanna</surName>
    </individualName>
<electronicMailAddress>joaomlanna@gmail.com</electronicMailAddress>    </metadataProvider>
    <associatedParty>
    <individualName>
<givenName>João</givenName>          <surName>Lanna</surName>
    </individualName>
<electronicMailAddress>joaomlanna@gmail.com</electronicMailAddress>    <role>USER</role>
    </associatedParty>
      <pubDate>
      2021-05-28
      </pubDate>
    <language>PORTUGUESE</language>
    <abstract>
        <para>Herbarium Collection of the Pontifical Catholic University of Paraná.</para>
    </abstract>
        <keywordSet>
              <keyword>Occurrence</keyword>
              <keywordThesaurus>GBIF Dataset Type Vocabulary: http://rs.gbif.org/vocabulary/gbif/dataset_type.xml</keywordThesaurus>
        </keywordSet>
        <keywordSet>
              <keyword>Specimen</keyword>
              <keywordThesaurus>GBIF Dataset Subtype Vocabulary: http://rs.gbif.org/vocabulary/gbif/dataset_subtype.xml</keywordThesaurus>
        </keywordSet>
      <intellectualRights>
        <para>This work is licensed under a <ulink url="http://creativecommons.org/licenses/by/4.0/legalcode"><citetitle>Creative Commons Attribution (CC-BY) 4.0 License</citetitle></ulink>.</para>
      </intellectualRights>
      <maintenance>
          <description>
              <para></para>
          </description>
          <maintenanceUpdateFrequency>weekly</maintenanceUpdateFrequency>
      </maintenance>
      <contact>
    <individualName>
<givenName>Rafaela</givenName>          <surName>Forzza</surName>
    </individualName>
<organizationName>JBRJ</organizationName>    <address>
<deliveryPoint>Rua Pacheco Leão - 915</deliveryPoint><city>Rio de Janeiro</city><administrativeArea>RJ</administrativeArea><country>BRAZIL</country>    </address>
<electronicMailAddress>rafaela@jbrj.gov.br</electronicMailAddress>      </contact>

</dataset>

<additionalMetadata>
    <metadata>
      <gbif>
        <dateStamp>2021-06-03T15:07:52Z</dateStamp>
      <citation>Kersten R, Lanna J (2021). HUCP herbarium - Pontífica Universidade Católica do Paraná PUC - Herbário Virtual Reflora. Version 1.112. Instituto de Pesquisas Jardim Botanico do Rio de Janeiro. Occurrence dataset https://doi.org/10.15468/jcfqmf accessed via GBIF.org on 2021-06-03.</citation>
        </gbif>
    </metadata>
</additionalMetadata>

</eml:eml>
