<?xml version="1.0" encoding="utf-8"?>
<eml:eml xmlns:eml="eml://ecoinformatics.org/eml-2.1.1" xmlns:xsi="http://www.w3.org/2001/XMLSchema-instance"
         xsi:schemaLocation="eml://ecoinformatics.org/eml-2.1.1 http://rs.gbif.org/schema/eml-gbif-profile/1.1/eml.xsd"
        packageId="78fc169f-cef0-4054-88ec-9b694bcbf6e4"  system="http://gbif.org" scope="system"
  xml:lang="en">

<dataset>
      <alternateIdentifier>10.15468/blpygb</alternateIdentifier>
        <alternateIdentifier>78fc169f-cef0-4054-88ec-9b694bcbf6e4</alternateIdentifier>
        <alternateIdentifier>http://ipt.taibif.tw/resource?r=cwbfbrd</alternateIdentifier>
    <title>Chinese Wild Bird Federation Bird Records Database</title>
    <creator>
    <individualName>
          <surName>Chinese Wild Bird Federation</surName>
    </individualName>
<organizationName>Chinese Wild Bird Federation</organizationName><positionName>Juridical Association</positionName>    <address>
<deliveryPoint>No.3, Ln. 36, Jinglong St., Wenshan Dist., Taipei City 116, Taiwan (R.O.C.)</deliveryPoint><city>Taipei City</city><postalCode>11683</postalCode><country>TAIWAN</country>    </address>
<phone>+886 2 86631252</phone><electronicMailAddress>mail@bird.org.tw</electronicMailAddress><onlineUrl>http://www.bird.org.tw</onlineUrl>    </creator>
    <creator>
    <individualName>
<givenName>Mu-Ming</givenName>          <surName>Lin</surName>
    </individualName>
<organizationName>School of Forestry and Resource Conservation, National Taiwan University</organizationName><positionName>Research Assistant</positionName>    <address>
<deliveryPoint>No.1, Sec. 4, Roosevelt Rd., Da’an Dist., Taipei City 106, Taiwan (R.O.C.)</deliveryPoint><city>Taipei City</city><postalCode>10617</postalCode>    </address>
<phone>+886 2 33664644</phone><electronicMailAddress>aming0412@gmail.com</electronicMailAddress>    </creator>
    <creator>
    <individualName>
<givenName>Wan-Jyun</givenName>          <surName>Chen</surName>
    </individualName>
<organizationName>Endemic Species Research Institute</organizationName><positionName>Associate Researcher</positionName>    <address>
<deliveryPoint>No.1, Minsheng E. Rd., Jiji Township, Nantou County 552, Taiwan (R.O.C.)</deliveryPoint><city>Nantou County</city><postalCode>55244</postalCode><country>TAIWAN</country>    </address>
<phone>+886 49 2761331 x256</phone><electronicMailAddress>jyun@tesri.gov.tw</electronicMailAddress>    </creator>
    <creator>
    <individualName>
<givenName>Da-Li</givenName>          <surName>Lin</surName>
    </individualName>
<organizationName>Endemic Species Research Institute</organizationName><positionName>Associate Researcher</positionName>    <address>
<deliveryPoint>No.1, Minsheng E. Rd., Jiji Township, Nantou County 552, Taiwan (R.O.C.)</deliveryPoint><city>Nantou County</city><postalCode>55244</postalCode>    </address>
<phone>+886 49 2761331 x252</phone><electronicMailAddress>dalilin@tesri.gov.tw</electronicMailAddress>    </creator>
    <creator>
    <individualName>
<givenName>Chie-Jen</givenName>          <surName>Ko</surName>
    </individualName>
<organizationName>Endemic Species Research Institute</organizationName><positionName>Assistant Researcher</positionName>    <address>
<deliveryPoint>No.1, Minsheng E. Rd., Jiji Township, Nantou County 552, Taiwan (R.O.C.)</deliveryPoint><city>Nantou County</city><postalCode>55244</postalCode>    </address>
<phone>+886 49 2761331 x315</phone><electronicMailAddress>jeromeko@tesri.gov.tw</electronicMailAddress>    </creator>
    <creator>
    <individualName>
<givenName>Ruey-Shing</givenName>          <surName>Lin</surName>
    </individualName>
<organizationName>Endemic Species Research Institute</organizationName><positionName>Associate Researcher</positionName>    <address>
<deliveryPoint>No.1, Minsheng E. Rd., Jiji Township, Nantou County 552, Taiwan (R.O.C.)</deliveryPoint><city>Nantou County</city><postalCode>55244</postalCode>    </address>
<phone>+886 49 2761331 x250</phone><electronicMailAddress>rslin@tesri.gov.tw</electronicMailAddress>    </creator>
    <creator>
    <individualName>
<givenName>Tzung-Su</givenName>          <surName>Ding</surName>
    </individualName>
<organizationName>School of Forestry and Resource Conservation, National Taiwan University</organizationName><positionName>Associate Professor</positionName>    <address>
<deliveryPoint>No.1, Sec. 4, Roosevelt Rd., Da’an Dist., Taipei City 106, Taiwan (R.O.C.)</deliveryPoint><city>Taipei City</city><postalCode>10617</postalCode><country>TAIWAN</country>    </address>
<phone>+886 2 33665263</phone><electronicMailAddress>ding@ntu.edu.tw</electronicMailAddress>    </creator>
    <metadataProvider>
    <individualName>
<givenName>Mu-Ming</givenName>          <surName>Lin</surName>
    </individualName>
<organizationName>School of Forestry and Resource Conservation, National Taiwan University</organizationName><positionName>Research Assistant</positionName>    <address>
<deliveryPoint>No.1, Sec. 4, Roosevelt Rd., Da’an Dist., Taipei City 106, Taiwan (R.O.C.)</deliveryPoint><city>Taipei City</city><postalCode>10617</postalCode><country>TAIWAN</country>    </address>
<phone>+886 2 33664644</phone><electronicMailAddress>aming0412@gmail.com</electronicMailAddress>    </metadataProvider>
    <metadataProvider>
    <individualName>
<givenName>Chie-Jen</givenName>          <surName>Ko</surName>
    </individualName>
<organizationName>Endemic Species Research Institute</organizationName><positionName>Assistant Researcher</positionName>    <address>
<deliveryPoint>No.1, Minsheng E. Rd., Jiji Township, Nantou County 552, Taiwan (R.O.C.)</deliveryPoint><city>Nantou County</city><postalCode>55244</postalCode>    </address>
<phone>+886 49 2761331 x315</phone><electronicMailAddress>jeromeko@tesri.gov.tw</electronicMailAddress>    </metadataProvider>
    <metadataProvider>
    <individualName>
<givenName>Da-Li</givenName>          <surName>Lin</surName>
    </individualName>
<organizationName>Endemic Species Research Institute</organizationName><positionName>Assistant Researcher</positionName>    <address>
<deliveryPoint>No.1, Minsheng E. Rd., Jiji Township, Nantou County 552, Taiwan (R.O.C.)</deliveryPoint><city>Nantou County</city><postalCode>55244</postalCode><country>TAIWAN</country>    </address>
<phone>+886 49 2761331 x252</phone><electronicMailAddress>dalilin@tesri.gov.tw</electronicMailAddress>    </metadataProvider>
    <metadataProvider>
    <individualName>
<givenName>Wan-Jyun</givenName>          <surName>Chen</surName>
    </individualName>
<organizationName>Endemic Species Research Institute</organizationName><positionName>Assistant Researcher</positionName>    <address>
<deliveryPoint>No.1, Minsheng E. Rd., Jiji Township, Nantou County 552, Taiwan (R.O.C.)</deliveryPoint><city>Nantou County</city><postalCode>55244</postalCode><country>TAIWAN</country>    </address>
<phone>+886 49 2761331 x256</phone><electronicMailAddress>jyun@tesri.gov.tw</electronicMailAddress>    </metadataProvider>
    <associatedParty>
    <individualName>
          <surName>Endemic Species Research Institute</surName>
    </individualName>
<organizationName>Endemic Species Research Institute</organizationName><positionName>Government Agency</positionName>    <address>
<deliveryPoint>No.1, Minsheng E. Rd., Jiji Township, Nantou County 552, Taiwan (R.O.C.)</deliveryPoint><city>Nantou County</city><postalCode>55244</postalCode><country>TAIWAN</country>    </address>
<phone>+886 49 2761 331</phone><electronicMailAddress>tesnet@tesri.gov.tw</electronicMailAddress><onlineUrl>https://tesrieng.tesri.gov.tw/show_index.php</onlineUrl>    <role>CUSTODIAN_STEWARD</role>
    </associatedParty>
      <pubDate>
      2020-05-23
      </pubDate>
    <language>CHINESE</language>
    <abstract>
        <para>Chinese Wild Bird Federation Bird Records Database (CWBF Database), the first and the largest web-based biodiversity citizen science database of Taiwan, has collected a large number of birdwatching checklists provided by more than 3,000 users. From 1972 to 2017, the CWBF Database accumulated 1,853,589 bird records within 102,716 checklists, covering nearly all area and almost 90% of the 653 bird species of Taiwan Island and its outlying islands.</para>
    </abstract>
        <keywordSet>
              <keyword>Aves</keyword>
              <keywordThesaurus>n/a</keywordThesaurus>
        </keywordSet>
        <keywordSet>
              <keyword>bird observations</keyword>
              <keywordThesaurus>n/a</keywordThesaurus>
        </keywordSet>
        <keywordSet>
              <keyword>birdwatchers</keyword>
              <keywordThesaurus>n/a</keywordThesaurus>
        </keywordSet>
        <keywordSet>
              <keyword>citizen science</keyword>
              <keywordThesaurus>n/a</keywordThesaurus>
        </keywordSet>
        <keywordSet>
              <keyword>long-term population trends</keyword>
              <keywordThesaurus>n/a</keywordThesaurus>
        </keywordSet>
        <keywordSet>
              <keyword>Samplingevent</keyword>
              <keywordThesaurus>GBIF Dataset Type Vocabulary: http://rs.gbif.org/vocabulary/gbif/dataset_type.xml</keywordThesaurus>
        </keywordSet>
      <intellectualRights>
        <para>This work is licensed under a <ulink url="http://creativecommons.org/licenses/by/4.0/legalcode"><citetitle>Creative Commons Attribution (CC-BY) 4.0 License</citetitle></ulink>.</para>
      </intellectualRights>
      <coverage>
            <geographicCoverage>
                  <geographicDescription>CWBF Database is a nationwide database which covered the island of Taiwan, its offshore islands, and surrounding seas.</geographicDescription>
                  <boundingCoordinates>
                      <westBoundingCoordinate>114.365</westBoundingCoordinate>
                      <eastBoundingCoordinate>123.594</eastBoundingCoordinate>
                      <northBoundingCoordinate>26.382</northBoundingCoordinate>
                      <southBoundingCoordinate>10.378</southBoundingCoordinate>
                  </boundingCoordinates>
            </geographicCoverage>
          <temporalCoverage>
            <rangeOfDates>
              <beginDate>
                <calendarDate>      1972-07-08
</calendarDate>
              </beginDate>
              <endDate>
                <calendarDate>      2017-04-09
</calendarDate>
              </endDate>
            </rangeOfDates>
          </temporalCoverage>
              <taxonomicCoverage>
                    <generalTaxonomicCoverage>A total of 586 species and 2 subspecies, as well as 16 species combinations and 3 domestic types, were recorded, covering about 90% of the bird species have been recorded in Taiwan. The classification system followed the 2018 edition of the eBird/Clements taxonomy (Clements et al. 2018).</generalTaxonomicCoverage>
                    <taxonomicClassification>
                          <taxonRankName>Class</taxonRankName>
                        <taxonRankValue>Aves</taxonRankValue>
                          <commonName>Birds</commonName>
                    </taxonomicClassification>
              </taxonomicCoverage>
      </coverage>
      <maintenance>
          <description>
              <para></para>
          </description>
          <maintenanceUpdateFrequency>asNeeded</maintenanceUpdateFrequency>
      </maintenance>
      <contact>
    <individualName>
<givenName>Tzung-Su</givenName>          <surName>Ding</surName>
    </individualName>
<organizationName>School of Forestry and Resource Conservation, National Taiwan University</organizationName><positionName>Associate Professor</positionName>    <address>
<deliveryPoint>No.1, Sec. 4, Roosevelt Rd., Da’an Dist., Taipei City 106, Taiwan (R.O.C.)</deliveryPoint><city>Taipei City</city><postalCode>10617</postalCode><country>TAIWAN</country>    </address>
<phone>+886 2 33665263</phone><electronicMailAddress>ding@ntu.edu.tw</electronicMailAddress>      </contact>
      <contact>
    <individualName>
<givenName>Ruey-Shing</givenName>          <surName>Lin</surName>
    </individualName>
<organizationName>Endemic Species Research Institute</organizationName><positionName>Associate Researcher</positionName>    <address>
<deliveryPoint>No.1, Minsheng E. Rd., Jiji Township, Nantou County 552, Taiwan (R.O.C.)</deliveryPoint><city>Nantou County</city><postalCode>55244</postalCode><country>TAIWAN</country>    </address>
<phone>+886 49 2761331 x250</phone><electronicMailAddress>rslin@tesri.gov.tw</electronicMailAddress>      </contact>
      <methods>
            <methodStep>
                <description>
                    <para>During the surveys, birdwatchers detected and identified bird species with naked eyes, through binoculars and telescopes, or by listening to the bird sounds, and filled out the checklists with species, number of individuals, location, date, start time, duration, sampling protocol, and survey effort.</para>
                </description>
            </methodStep>
            <methodStep>
                <description>
                    <para>Birdwatchers submitted their checklists to CWBF Database via a web form that validated the content and format of the entered records. To ensure the quality of data, each checklist was requested to at least provide the information of survey location, date, time, and the completeness of species lists (users could choose to submit a complete checklist, including all the species detected, or an incomplete checklist with only certain species they concerned).</para>
                </description>
            </methodStep>
            <methodStep>
                <description>
                    <para>We obtained the raw data from CWBF database and standardized it according to the Darwin Core format. The original contents were kept as much as possible during the data conversion unless there was an obvious mistake. Most of the checklists lack precise coordinates information because the CWBF database had requested only textual descriptions of survey location for a long time. Therefore, we inferred and restored the approximate area where each event took place according to the description, then located the latitude and longitude at a vicinal bird-watching hotspot, the location with suitable habitat, or the geographical center of the area. The uncertainty of coordinate inference was within 1000 meters. For those checklists stating further details about the sampling methods, we looked into the descriptions, defined the practices as transects, point counts, or area searches, and quantified the corresponding sampling efforts with transect length, time duration, or area covered.</para>
                </description>
            </methodStep>
            <sampling>
                <studyExtent>
                    <description>
                        <para>Surveys were conducted by birdwatchers and local birdwatching societies between 1972 and 2017 throughout the land and sea under the jurisdiction of the government of the Republic of China (widely known as “Taiwan”), including Taiwan Island and its outlying islands, which are scattered across Taiwan Strait, Pacific Ocean, and the South China Sea.</para>
                    </description>
                </studyExtent>
                <samplingDescription>
                    <para>Each provided birdwatching checklist represents one sampling event. From July 8th, 1972 to April 9th, 2017, a total of 102,716 sampling events were conducted. The main sampling methods include transects, point counts, and area searches.</para>
                </samplingDescription>
            </sampling>
            <qualityControl>
                <description>
                    <para>The checklists with abnormal sampling time, doubtful or overly vague spatial information, as well as uncertain species identification, had been regarded as invalid data after confirmation in multiple ways and eliminated from the publishing version.
The contents of all versions during data conversion were kept to track the modifications.</para>
                </description>
            </qualityControl>
      </methods>

      <project >
          <title>Chinese Wild Bird Federation Bird Records Database Integration Project</title>
          <personnel>
    <individualName>
<givenName>Tzung-Su</givenName>          <surName>Ding</surName>
    </individualName>
    <role>PRINCIPAL_INVESTIGATOR</role>
          </personnel>
          <personnel>
    <individualName>
<givenName>Mu-Ming</givenName>          <surName>Lin</surName>
    </individualName>
    <role>PROCESSOR</role>
          </personnel>
          <abstract>
              <para>Integrating the historical bird records of CWBF Database, and converting the records to eBird database format and Darwin Core.</para>
          </abstract>
          <funding>
              <para>Endemic Species Research Institute, Taiwan.</para>
          </funding>
      </project>
</dataset>

<additionalMetadata>
    <metadata>
      <gbif>
        <dateStamp>2021-06-03T15:08:02Z</dateStamp>
      <citation>Chinese Wild Bird Federation, Lin M, Chen W, Lin D, Ko C, Lin R, Ding T (2020). Chinese Wild Bird Federation Bird Records Database. Version 1.5. Taiwan Endemic Species Research Institute. Sampling event dataset https://doi.org/10.15468/blpygb accessed via GBIF.org on 2021-06-03.</citation>
              <bibliography>
      <citation>eBird Basic Dataset. Version: EBD_relMay-2017. Cornell Lab of Ornithology, Ithaca, New York. May 2017.Fang, W.-H. 2015. Commemorate the pioneer of bird occurrence database, Mr. Guo-Dong Lin. Yuhina Post 256:19-20. (in Chinese)</citation>
              </bibliography>
        </gbif>
    </metadata>
</additionalMetadata>

</eml:eml>
