<?xml version="1.0" encoding="utf-8"?>
<eml:eml xmlns:eml="eml://ecoinformatics.org/eml-2.1.1" xmlns:xsi="http://www.w3.org/2001/XMLSchema-instance"
         xsi:schemaLocation="eml://ecoinformatics.org/eml-2.1.1 http://rs.gbif.org/schema/eml-gbif-profile/1.1/eml.xsd"
        packageId="792e64d5-c1ea-4bf2-b462-b377067cbdd1"  system="http://gbif.org" scope="system"
  xml:lang="en">

<dataset>
      <alternateIdentifier>10.15468/ypdtwr</alternateIdentifier>
        <alternateIdentifier>792e64d5-c1ea-4bf2-b462-b377067cbdd1</alternateIdentifier>
        <alternateIdentifier>https://collections.ala.org.au/public/show/dr4638</alternateIdentifier>
        <alternateIdentifier>c14d0088-c7e0-35f9-8aa5-8c511e582d9e</alternateIdentifier>
    <title>Bathing Birds - National Parks Association NSW and Birdlife Australia</title>
    <creator>
<organizationName>FieldData / Biological Data Recording System</organizationName><onlineUrl>https://root.ala.org.au/bdrs-core/root/home.htm</onlineUrl>    </creator>
    <metadataProvider>
<organizationName>FieldData / Biological Data Recording System</organizationName><onlineUrl>https://root.ala.org.au/bdrs-core/root/home.htm</onlineUrl>    </metadataProvider>
    <associatedParty>
<organizationName>Atlas of Living Australia</organizationName>    <address>
<deliveryPoint>CSIRO Ecosystems Services</deliveryPoint><city>Canberra</city><administrativeArea>ACT</administrativeArea><postalCode>2601</postalCode><country>AUSTRALIA</country>    </address>
<electronicMailAddress>info@ala.org.au</electronicMailAddress>    <role>DISTRIBUTOR</role>
    </associatedParty>
      <pubDate>
      2019-12-17
      </pubDate>
    <language>ENGLISH</language>
    <abstract>
        <para></para>
    </abstract>
      <intellectualRights>
        <para>This work is licensed under a <ulink url="http://creativecommons.org/licenses/by/4.0/legalcode"><citetitle>Creative Commons Attribution (CC-BY) 4.0 License</citetitle></ulink>.</para>
      </intellectualRights>
      <distribution scope="document">
          <online>
              <url function="information">https://collections.ala.org.au/public/show/dr4638</url>
          </online>
      </distribution>
      <contact>
<positionName>editor</positionName><electronicMailAddress>support_bdrs@ala.org.au</electronicMailAddress>      </contact>
      <methods>
      </methods>

</dataset>

<additionalMetadata>
    <metadata>
      <gbif>
        <dateStamp>2021-06-03T15:08:02Z</dateStamp>
      <citation>National Parks Association of NSW (2019). Bathing Birds - National Parks Association NSW and Birdlife Australia. Occurrence dataset https://doi.org/10.15468/ypdtwr accessed via GBIF.org on 2021-06-03.</citation>
        </gbif>
    </metadata>
</additionalMetadata>

</eml:eml>
