<?xml version="1.0" encoding="utf-8"?>
<eml:eml xmlns:eml="eml://ecoinformatics.org/eml-2.1.1" xmlns:xsi="http://www.w3.org/2001/XMLSchema-instance"
         xsi:schemaLocation="eml://ecoinformatics.org/eml-2.1.1 http://rs.gbif.org/schema/eml-gbif-profile/1.1/eml.xsd"
        packageId="811f7d86-f762-11e1-a439-00145eb45e9a"  system="http://gbif.org" scope="system"
  xml:lang="en">

<dataset>
      <alternateIdentifier>10.15468/zgxhwc</alternateIdentifier>
        <alternateIdentifier>http://science-net.kahaku.go.jp/ipt2/resource?r=snet-1033-106</alternateIdentifier>
        <alternateIdentifier>http://gbif.science-net.kahaku.go.jp:8081/ipt2/resource?r=snet-1033-106</alternateIdentifier>
        <alternateIdentifier>811f7d86-f762-11e1-a439-00145eb45e9a</alternateIdentifier>
        <alternateIdentifier>13488</alternateIdentifier>
    <title>Ibaraki Nature Museum, Mammals collection</title>
    <creator>
<organizationName>Ibaraki Nature Museum</organizationName>    <address>
<country>JAPAN</country>    </address>
    </creator>
    <metadataProvider>
    <individualName>
<givenName>Yusuke</givenName>          <surName>Goto</surName>
    </individualName>
<organizationName>Ibaraki Nature Museum</organizationName><positionName>Chief Museum Curator</positionName>    <address>
<country>JAPAN</country>    </address>
<electronicMailAddress>gotou.yuusuke@blue.ibk.ed.jp</electronicMailAddress>    </metadataProvider>
      <pubDate>
      2020-03-16
      </pubDate>
    <language>ENGLISH</language>
    <abstract>
        <para>Mammals specimens deposited in the Ibaraki Nature Museum</para>
    </abstract>
        <keywordSet>
              <keyword>Occurrence</keyword>
              <keywordThesaurus>GBIF Dataset Type Vocabulary: http://rs.gbif.org/vocabulary/gbif/dataset_type.xml</keywordThesaurus>
        </keywordSet>
      <intellectualRights>
        <para>This work is licensed under a <ulink url="http://creativecommons.org/licenses/by/4.0/legalcode"><citetitle>Creative Commons Attribution (CC-BY) 4.0 License</citetitle></ulink>.</para>
      </intellectualRights>
      <distribution scope="document">
          <online>
              <url function="information">https://www.nat.museum.ibk.ed.jp/english/index.html</url>
          </online>
      </distribution>
      <maintenance>
          <description>
              <para></para>
          </description>
          <maintenanceUpdateFrequency>unkown</maintenanceUpdateFrequency>
      </maintenance>
      <contact>
    <individualName>
<givenName>Yusuke</givenName>          <surName>Goto</surName>
    </individualName>
<organizationName>Ibaraki Nature Museum</organizationName><positionName>Chief Museum Curator</positionName>    <address>
<country>JAPAN</country>    </address>
<electronicMailAddress>gotou.yuusuke@blue.ibk.ed.jp</electronicMailAddress><onlineUrl>https://www.nat.museum.ibk.ed.jp/english/index.html</onlineUrl>      </contact>

</dataset>

<additionalMetadata>
    <metadata>
      <gbif>
        <dateStamp>2021-06-03T15:07:35Z</dateStamp>
      <citation>National Museum of Nature and Science, Japan (2020). Ibaraki Nature Museum, Mammals collection. Occurrence dataset https://doi.org/10.15468/zgxhwc accessed via GBIF.org on 2021-06-03.</citation>
        </gbif>
    </metadata>
</additionalMetadata>

</eml:eml>
