<?xml version="1.0" encoding="utf-8"?>
<eml:eml xmlns:eml="eml://ecoinformatics.org/eml-2.1.1" xmlns:xsi="http://www.w3.org/2001/XMLSchema-instance"
         xsi:schemaLocation="eml://ecoinformatics.org/eml-2.1.1 http://rs.gbif.org/schema/eml-gbif-profile/1.1/eml.xsd"
        packageId="84aa5ee4-f762-11e1-a439-00145eb45e9a"  system="http://gbif.org" scope="system"
  xml:lang="en">

<dataset>
      <alternateIdentifier>10.15468/2bmt3a</alternateIdentifier>
        <alternateIdentifier>622</alternateIdentifier>
    <title>Vascular Plant Collection</title>
    <associatedParty>
    <individualName>
          <surName>Cosine Helpdesk</surName>
    </individualName>
<phone>1 541 737 5574</phone><electronicMailAddress>helpdesk@science.oregonstate.edu</electronicMailAddress>    </associatedParty>
    <associatedParty>
    <individualName>
          <surName>Aaron Liston</surName>
    </individualName>
<positionName>Professor and Director of the Herbarium</positionName><phone>1*-541-737-5301</phone><electronicMailAddress>listona@science.oregonstate.edu</electronicMailAddress>    </associatedParty>
    <language>en</language>
    <abstract>
        <para>This dataset from the Oregon State University Herbarium includes only vascular plants collected in Oregon. Square brackets indicate interpreted information not on the original label. Additional resources include the Oregon Vascular Plant Database and the Oregon Vascular Plant Atlas, accessible from http://oregonstate.edu/dept/botany/herbarium/db.php</para>
    </abstract>
      <intellectualRights>
        <para>To the extent possible under law, the publisher has waived all rights to these data and has dedicated them to the <ulink url="http://creativecommons.org/publicdomain/zero/1.0/legalcode"><citetitle>Public Domain (CC0 1.0)</citetitle></ulink>. Users may copy, modify, distribute and use the work, including for commercial purposes, without restriction.</para>
      </intellectualRights>

</dataset>

<additionalMetadata>
    <metadata>
      <gbif>
        <dateStamp>2021-06-03T15:07:36Z</dateStamp>
      <citation>Oregon State University. Vascular Plant Collection. Occurrence dataset https://doi.org/10.15468/2bmt3a accessed via GBIF.org on 2021-06-03.</citation>
        </gbif>
    </metadata>
</additionalMetadata>

</eml:eml>
