<?xml version="1.0" encoding="utf-8"?>
<eml:eml xmlns:eml="eml://ecoinformatics.org/eml-2.1.1" xmlns:xsi="http://www.w3.org/2001/XMLSchema-instance"
         xsi:schemaLocation="eml://ecoinformatics.org/eml-2.1.1 http://rs.gbif.org/schema/eml-gbif-profile/1.1/eml.xsd"
        packageId="8f36cf96-6fe0-429c-9a57-2be5f4d3907c"  system="http://gbif.org" scope="system"
  xml:lang="en">

<dataset>
      <alternateIdentifier>10.15468/h4fjqs</alternateIdentifier>
        <alternateIdentifier>http://science-net.kahaku.go.jp/ipt2/resource?r=snet-1055-103</alternateIdentifier>
        <alternateIdentifier>8f36cf96-6fe0-429c-9a57-2be5f4d3907c</alternateIdentifier>
        <alternateIdentifier>http://gbif.science-net.kahaku.go.jp:8081/ipt2/resource?r=snet-1055-103</alternateIdentifier>
    <title>Mammal specimens of Kawasaki Municipal Science Museum</title>
    <creator>
    <individualName>
<givenName>Kenichiro</givenName>          <surName>Takanaka</surName>
    </individualName>
<organizationName>Kawasaki Municipal Science Museum</organizationName><positionName>Curator</positionName>    <address>
<country>JAPAN</country>    </address>
<electronicMailAddress>takanaka-k@city.kawasaki.jp</electronicMailAddress>    </creator>
    <metadataProvider>
    <individualName>
<givenName>Kenichiro</givenName>          <surName>Takanaka</surName>
    </individualName>
<organizationName>Kawasaki Municipal Science Museum</organizationName><positionName>Curator</positionName>    <address>
<country>JAPAN</country>    </address>
<electronicMailAddress>takanaka-k@city.kawasaki.jp</electronicMailAddress>    </metadataProvider>
      <pubDate>
      2020-04-07
      </pubDate>
    <language>ENGLISH</language>
    <abstract>
        <para>Mammal specimens deposited at the Kawasaki Municipal Science Museum (KMM).</para>
    </abstract>
        <keywordSet>
              <keyword>Occurrence</keyword>
              <keywordThesaurus>GBIF Dataset Type Vocabulary: http://rs.gbif.org/vocabulary/gbif/dataset_type.xml</keywordThesaurus>
        </keywordSet>
      <intellectualRights>
        <para>This work is licensed under a <ulink url="http://creativecommons.org/licenses/by/4.0/legalcode"><citetitle>Creative Commons Attribution (CC-BY) 4.0 License</citetitle></ulink>.</para>
      </intellectualRights>
      <maintenance>
          <description>
              <para></para>
          </description>
          <maintenanceUpdateFrequency>unkown</maintenanceUpdateFrequency>
      </maintenance>
      <contact>
    <individualName>
<givenName>Kenichiro</givenName>          <surName>Takanaka</surName>
    </individualName>
<organizationName>Kawasaki Municipal Science Museum</organizationName><positionName>Curator</positionName>    <address>
<country>JAPAN</country>    </address>
<electronicMailAddress>takanaka-k@city.kawasaki.jp</electronicMailAddress><onlineUrl>http://www.nature-kawasaki.jp/</onlineUrl>      </contact>

</dataset>

<additionalMetadata>
    <metadata>
      <gbif>
        <dateStamp>2021-06-03T15:07:37Z</dateStamp>
      <citation>Takanaka K (2020). Mammal specimens of Kawasaki Municipal Science Museum. Version 1.4. National Museum of Nature and Science, Japan. Occurrence dataset https://doi.org/10.15468/h4fjqs accessed via GBIF.org on 2021-06-03.</citation>
        </gbif>
    </metadata>
</additionalMetadata>

</eml:eml>
