<?xml version="1.0" encoding="utf-8"?>
<eml:eml xmlns:eml="eml://ecoinformatics.org/eml-2.1.1" xmlns:xsi="http://www.w3.org/2001/XMLSchema-instance"
         xsi:schemaLocation="eml://ecoinformatics.org/eml-2.1.1 http://rs.gbif.org/schema/eml-gbif-profile/1.1/eml.xsd"
        packageId="90ae13f0-288f-4108-b741-ac8a0f9e0878"  system="http://gbif.org" scope="system"
  xml:lang="en">

<dataset>
      <alternateIdentifier>10.15468/m86bzk</alternateIdentifier>
        <alternateIdentifier>https://ipt.gbif.es/resource?r=aran-eh</alternateIdentifier>
        <alternateIdentifier>http://ipt.gbif.es/resource?r=aran-eh</alternateIdentifier>
        <alternateIdentifier>90ae13f0-288f-4108-b741-ac8a0f9e0878</alternateIdentifier>
        <alternateIdentifier>0dd99089-0b01-4b8e-bc69-850216a4e8c9</alternateIdentifier>
        <alternateIdentifier>14708</alternateIdentifier>
    <title>Base de datos de plantas vasculares del País Vasco: ARAN-EH</title>
    <creator>
    <individualName>
<givenName>Iñaki</givenName>          <surName>Aizpuru Oiarbide</surName>
    </individualName>
<organizationName>Aranzadi Science Society</organizationName><positionName>Administrative Point Of Contact</positionName>    <address>
<deliveryPoint>Aranzadi Zientzia Elkartea, Zorroagagaina 11</deliveryPoint><city>Donostia - San Sebastián</city><administrativeArea>Gipuzkoa</administrativeArea><postalCode>20014</postalCode>    </address>
<phone>+34 94 346 61 42</phone><electronicMailAddress>botanika@aranzadi.eus</electronicMailAddress><onlineUrl>https://www.aranzadi.eus/</onlineUrl>    </creator>
    <metadataProvider>
    <individualName>
<givenName>Iñaki</givenName>          <surName>Aizpuru Oiarbide</surName>
    </individualName>
<organizationName>Aranzadi Science Society</organizationName><positionName>Administrative Point Of Contact</positionName>    <address>
<deliveryPoint>Aranzadi Zientzia Elkartea, Zorroagagaina 11</deliveryPoint><city>Donostia - San Sebastián</city><administrativeArea>Gipuzkoa</administrativeArea><postalCode>20014</postalCode>    </address>
<phone>+34 94 346 61 42</phone><electronicMailAddress>botanika@aranzadi.eus</electronicMailAddress><onlineUrl>https://www.aranzadi.eus/</onlineUrl>    </metadataProvider>
    <associatedParty>
    <individualName>
<givenName>Katia</givenName>          <surName>Cezón</surName>
    </individualName>
<electronicMailAddress>katia@gbif.es</electronicMailAddress>    <role>USER</role>
    </associatedParty>
      <pubDate>
      2020-12-17
      </pubDate>
    <language>ENGLISH</language>
    <abstract>
        <para>Base de datos creada en el 2006 con la ayuda del Departamento de Medio Ambiente y Política Territorial del Gobierno Vasco. Contiene información sobre plantas vasculares del País Vasco y territorios limítrofes referentes a citas bibliográficas. Actualmente, cuenta con 202.412 citas correspondientes a 4.970 especies. Asimismo, están registrados 1.028 libros/artículos.
Además de las citas bibliográficas, Aranzadi Science Society cuenta con otro amplio registro de datos referente a pliegos de Herbario. Éstos corresponden a otro conjunto de datos, Aranzadi Zientzi Elkartea.</para>
    </abstract>
        <keywordSet>
              <keyword>Occurrence</keyword>
              <keywordThesaurus>GBIF Dataset Type Vocabulary: http://rs.gbif.org/vocabulary/gbif/dataset_type.xml</keywordThesaurus>
        </keywordSet>
        <keywordSet>
              <keyword>Observation</keyword>
              <keywordThesaurus>GBIF Dataset Subtype Vocabulary: http://rs.gbif.org/vocabulary/gbif/dataset_subtype.xml</keywordThesaurus>
        </keywordSet>
      <intellectualRights>
        <para>This work is licensed under a <ulink url="http://creativecommons.org/licenses/by/4.0/legalcode"><citetitle>Creative Commons Attribution (CC-BY) 4.0 License</citetitle></ulink>.</para>
      </intellectualRights>
      <maintenance>
          <description>
              <para></para>
          </description>
          <maintenanceUpdateFrequency>unkown</maintenanceUpdateFrequency>
      </maintenance>
      <contact>
    <individualName>
<givenName>Iñaki</givenName>          <surName>Aizpuru Oiarbide</surName>
    </individualName>
<organizationName>Aranzadi Science Society</organizationName><positionName>Administrative Point Of Contact</positionName>    <address>
<deliveryPoint>Aranzadi Zientzia Elkartea, Zorroagagaina 11</deliveryPoint><city>Donostia - San Sebastián</city><administrativeArea>Gipuzkoa</administrativeArea><postalCode>20014</postalCode>    </address>
<phone>+34 94 346 61 42</phone><electronicMailAddress>botanika@aranzadi.eus</electronicMailAddress><onlineUrl>https://www.aranzadi.eus/</onlineUrl>      </contact>

</dataset>

<additionalMetadata>
    <metadata>
      <gbif>
        <dateStamp>2021-06-03T15:07:53Z</dateStamp>
      <citation>Aizpuru Oiarbide I (2020). Base de datos de plantas vasculares del País Vasco: ARAN-EH. Version 1.7. Aranzadi Science Society. Occurrence dataset https://doi.org/10.15468/m86bzk accessed via GBIF.org on 2021-06-03.</citation>
        </gbif>
    </metadata>
</additionalMetadata>

</eml:eml>
