<?xml version="1.0" encoding="utf-8"?>
<eml:eml xmlns:eml="eml://ecoinformatics.org/eml-2.1.1" xmlns:xsi="http://www.w3.org/2001/XMLSchema-instance"
         xsi:schemaLocation="eml://ecoinformatics.org/eml-2.1.1 http://rs.gbif.org/schema/eml-gbif-profile/1.1/eml.xsd"
        packageId="9cc2cbfc-1002-4d0d-b262-cc3c5b268757"  system="http://gbif.org" scope="system"
  xml:lang="en">

<dataset>
      <alternateIdentifier>10.15468/8x4iyd</alternateIdentifier>
        <alternateIdentifier>9cc2cbfc-1002-4d0d-b262-cc3c5b268757</alternateIdentifier>
        <alternateIdentifier>https://collections.ala.org.au/public/show/dr738</alternateIdentifier>
        <alternateIdentifier>686171f3-6319-3ff9-b678-1ec55ebfdbe7</alternateIdentifier>
    <title>Marrickville Council, Tempe Birdos</title>
    <creator>
<organizationName>Marrickville Council, Tempe Birdos</organizationName><onlineUrl>http://www.marrickville.nsw.gov.au</onlineUrl>    </creator>
    <metadataProvider>
<organizationName>Marrickville Council, Tempe Birdos</organizationName><onlineUrl>http://www.marrickville.nsw.gov.au</onlineUrl>    </metadataProvider>
    <associatedParty>
<organizationName>Atlas of Living Australia</organizationName>    <address>
<deliveryPoint>CSIRO Ecosystems Services</deliveryPoint><city>Canberra</city><administrativeArea>ACT</administrativeArea><postalCode>2601</postalCode><country>AUSTRALIA</country>    </address>
<electronicMailAddress>info@ala.org.au</electronicMailAddress>    <role>DISTRIBUTOR</role>
    </associatedParty>
      <pubDate>
      2019-09-26
      </pubDate>
    <language>ENGLISH</language>
    <abstract>
        <para>Marrickville Council recently began collecting bird species data on a rehabilitated and revegetated former tip site at Tempe in the Marrickville LGA, inner western Sydney, through a newly established volunteer group. 

The Biodiversity team at Council supports and supervises the volunteer group and data is collected each month using a consistent survey methodology.</para>
    </abstract>
      <intellectualRights>
        <para>This work is licensed under a <ulink url="http://creativecommons.org/licenses/by/4.0/legalcode"><citetitle>Creative Commons Attribution (CC-BY) 4.0 License</citetitle></ulink>.</para>
      </intellectualRights>
      <distribution scope="document">
          <online>
              <url function="information">https://collections.ala.org.au/public/show/dr738</url>
          </online>
      </distribution>
      <contact>
    <individualName>
          <surName>Contact</surName>
    </individualName>
<positionName>Biodiversity Supervisor</positionName><electronicMailAddress>biosup@marrickville.nsw.gov.au</electronicMailAddress>      </contact>
      <methods>
      </methods>

</dataset>

<additionalMetadata>
    <metadata>
      <gbif>
        <dateStamp>2021-06-03T15:07:54Z</dateStamp>
      <citation>Atlas of Living Australia (2019). Marrickville Council, Tempe Birdos. Occurrence dataset https://doi.org/10.15468/8x4iyd accessed via GBIF.org on 2021-06-03.</citation>
        </gbif>
    </metadata>
</additionalMetadata>

</eml:eml>
