<?xml version="1.0" encoding="utf-8"?>
<eml:eml xmlns:eml="eml://ecoinformatics.org/eml-2.1.1" xmlns:xsi="http://www.w3.org/2001/XMLSchema-instance"
         xsi:schemaLocation="eml://ecoinformatics.org/eml-2.1.1 http://rs.gbif.org/schema/eml-gbif-profile/1.1/eml.xsd"
        packageId="a0a4d131-f53f-43b2-a1ba-254473b8a006"  system="http://gbif.org" scope="system"
  xml:lang="en">

<dataset>
      <alternateIdentifier>10.15468/bfd6ci</alternateIdentifier>
        <alternateIdentifier>a0a4d131-f53f-43b2-a1ba-254473b8a006</alternateIdentifier>
        <alternateIdentifier>https://www1.usgs.gov/obis-usa/ipt/resource?r=fwc_marine_inverts_collection</alternateIdentifier>
    <title>Marine Invertebrate voucher specimens at the Florida Biodiversity Collection, Florida Fish and Wildlife Conservation Commission</title>
    <creator>
    <individualName>
<givenName>Paul</givenName>          <surName>Larson</surName>
    </individualName>
<organizationName>Fish and Wildlife Research Institute</organizationName><positionName>Curator</positionName><electronicMailAddress>SIS@myfwc.com</electronicMailAddress>    </creator>
    <metadataProvider>
    <individualName>
<givenName>Paul</givenName>          <surName>Larson</surName>
    </individualName>
<organizationName>Fish and Wildlife Research Institute</organizationName><positionName>Curator</positionName><electronicMailAddress>SIS@myfwc.com</electronicMailAddress>    </metadataProvider>
    <associatedParty>
    <individualName>
<givenName>Abigail</givenName>          <surName>Benson</surName>
    </individualName>
<electronicMailAddress>albenson@usgs.gov</electronicMailAddress>    <role>USER</role>
    </associatedParty>
      <pubDate>
      2020-07-06
      </pubDate>
    <language>ENGLISH</language>
    <abstract>
        <para>This dataset is generated from the records for specimens housed at the Fish and Wildlife Research institute (FWRI) in St. Petersburg, FL. As a division of the State of Florida’s Fish and Wildlife Conservation Commission (FWC), FWRI houses voucher specimens supporting the research and monitoring efforts of FWC staff and other state agencies, as well as depositions from academic researchers and industrial projects. The samples are largely restricted geographically to the waters in and around Florida, USA. Sampling events primarily span from the 1950s through the present.</para>
    </abstract>
        <keywordSet>
              <keyword>Occurrence</keyword>
              <keywordThesaurus>GBIF Dataset Type Vocabulary: http://rs.gbif.org/vocabulary/gbif/dataset_type.xml</keywordThesaurus>
        </keywordSet>
      <intellectualRights>
        <para>To the extent possible under law, the publisher has waived all rights to these data and has dedicated them to the <ulink url="http://creativecommons.org/publicdomain/zero/1.0/legalcode"><citetitle>Public Domain (CC0 1.0)</citetitle></ulink>. Users may copy, modify, distribute and use the work, including for commercial purposes, without restriction.</para>
      </intellectualRights>
      <distribution scope="document">
          <online>
              <url function="information">https://www.sciencebase.gov/catalog/item/5dfa7391e4b0cdded73d16a6</url>
          </online>
      </distribution>
      <maintenance>
          <description>
              <para></para>
          </description>
          <maintenanceUpdateFrequency>unkown</maintenanceUpdateFrequency>
      </maintenance>
      <contact>
    <individualName>
<givenName>Paul</givenName>          <surName>Larson</surName>
    </individualName>
<organizationName>Fish and Wildlife Research Institute</organizationName><positionName>Curator</positionName><electronicMailAddress>SIS@myfwc.com</electronicMailAddress>      </contact>
      <contact>
    <individualName>
<givenName>Corinne</givenName>          <surName>Fuchs</surName>
    </individualName>
<organizationName>Fish and Wildlife Research Institute</organizationName><positionName>Curator</positionName><electronicMailAddress>SIS@myfwc.com</electronicMailAddress>      </contact>

</dataset>

<additionalMetadata>
    <metadata>
      <gbif>
        <dateStamp>2021-06-03T15:08:01Z</dateStamp>
      <citation>United States Geological Survey: Marine Invertebrate voucher specimens at the Florida Biodiversity Collection, Florida Fish and Wildlife Conservation Commission https://doi.org/10.15468/bfd6ci accessed via GBIF.org on 2021-06-03.</citation>
        </gbif>
    </metadata>
</additionalMetadata>

</eml:eml>
