<?xml version="1.0" encoding="utf-8"?>
<eml:eml xmlns:eml="eml://ecoinformatics.org/eml-2.1.1" xmlns:xsi="http://www.w3.org/2001/XMLSchema-instance"
         xsi:schemaLocation="eml://ecoinformatics.org/eml-2.1.1 http://rs.gbif.org/schema/eml-gbif-profile/1.1/eml.xsd"
        packageId="be0ae621-f624-4a42-8936-304286bda625"  system="http://gbif.org" scope="system"
  xml:lang="en">

<dataset>
      <alternateIdentifier>10.15468/skzuzz</alternateIdentifier>
        <alternateIdentifier>https://collections.ala.org.au/public/show/dr686</alternateIdentifier>
        <alternateIdentifier>c91bb6b3-ea15-3f0a-8b24-6e3f11b3d24d</alternateIdentifier>
        <alternateIdentifier>http://collections.ala.org.au/public/show/dr686</alternateIdentifier>
        <alternateIdentifier>be0ae621-f624-4a42-8936-304286bda625</alternateIdentifier>
        <alternateIdentifier>6aab6f5c-530a-3cc0-bb62-944db2615630</alternateIdentifier>
        <alternateIdentifier>5b862964-ba5c-3644-a77b-b04c6904d8e5</alternateIdentifier>
    <title>Wolli Creek Preservation Society Bird Survey</title>
    <creator>
<organizationName>Wolli Creek Preservation Society</organizationName><phone>0431 914 553</phone><electronicMailAddress>info@wollicreek.org.au</electronicMailAddress><onlineUrl>http://www.wollicreek.org.au/</onlineUrl>    </creator>
    <metadataProvider>
<organizationName>Wolli Creek Preservation Society</organizationName><phone>0431 914 553</phone><electronicMailAddress>info@wollicreek.org.au</electronicMailAddress><onlineUrl>http://www.wollicreek.org.au/</onlineUrl>    </metadataProvider>
    <associatedParty>
<organizationName>Atlas of Living Australia</organizationName>    <address>
<deliveryPoint>CSIRO Ecosystems Services</deliveryPoint><city>Canberra</city><administrativeArea>ACT</administrativeArea><postalCode>2601</postalCode><country>AUSTRALIA</country>    </address>
<electronicMailAddress>info@ala.org.au</electronicMailAddress>    <role>DISTRIBUTOR</role>
    </associatedParty>
      <pubDate>
      2019-09-26
      </pubDate>
    <language>ENGLISH</language>
    <abstract>
        <para>Bird Surveys undertaken by the Wolli Creek Preservation Society</para>
    </abstract>
      <intellectualRights>
        <para>This work is licensed under a <ulink url="http://creativecommons.org/licenses/by/4.0/legalcode"><citetitle>Creative Commons Attribution (CC-BY) 4.0 License</citetitle></ulink>.</para>
      </intellectualRights>
      <distribution scope="document">
          <online>
              <url function="information">https://collections.ala.org.au/public/show/dr686</url>
          </online>
      </distribution>
      <contact>
<organizationName>Atlas of Living Australia</organizationName>    <address>
<deliveryPoint>CSIRO Ecosystems Services</deliveryPoint><city>Canberra</city><administrativeArea>ACT</administrativeArea><postalCode>2601</postalCode><country>AUSTRALIA</country>    </address>
<electronicMailAddress>info@ala.org.au</electronicMailAddress>      </contact>
      <methods>
      </methods>

</dataset>

<additionalMetadata>
    <metadata>
      <gbif>
        <dateStamp>2021-06-03T15:08:04Z</dateStamp>
      <citation>Wolli Creek Preservation Society (2019). Wolli Creek Preservation Society Bird Survey. Occurrence dataset https://doi.org/10.15468/skzuzz accessed via GBIF.org on 2021-06-03.</citation>
        </gbif>
    </metadata>
</additionalMetadata>

</eml:eml>
