<?xml version="1.0" encoding="utf-8"?>
<eml:eml xmlns:eml="eml://ecoinformatics.org/eml-2.1.1" xmlns:xsi="http://www.w3.org/2001/XMLSchema-instance"
         xsi:schemaLocation="eml://ecoinformatics.org/eml-2.1.1 http://rs.gbif.org/schema/eml-gbif-profile/1.1/eml.xsd"
        packageId="c3f5731f-4ebc-48a2-83ba-3fb5c895f6c1"  system="http://gbif.org" scope="system"
  xml:lang="en">

<dataset>
      <alternateIdentifier>10.15468/kfkspo</alternateIdentifier>
        <alternateIdentifier>https://collections.ala.org.au/public/show/dr1089</alternateIdentifier>
        <alternateIdentifier>ac4cda9a-133e-3377-9eda-2f12407f06b5</alternateIdentifier>
        <alternateIdentifier>http://collections.ala.org.au/public/show/dr1089</alternateIdentifier>
        <alternateIdentifier>c3f5731f-4ebc-48a2-83ba-3fb5c895f6c1</alternateIdentifier>
        <alternateIdentifier>56c477c8-2775-3e48-84ba-fe95141c5a64</alternateIdentifier>
        <alternateIdentifier>3202d4ac-e716-3ce8-a3f5-981e7d08cb41</alternateIdentifier>
    <title>New South Wales Bird Atlassers</title>
    <creator>
<organizationName>New South Wales Bird Atlassers</organizationName><onlineUrl>http://www.nswbirdatlassers.com</onlineUrl>    </creator>
    <metadataProvider>
<organizationName>New South Wales Bird Atlassers</organizationName><onlineUrl>http://www.nswbirdatlassers.com</onlineUrl>    </metadataProvider>
    <associatedParty>
<organizationName>Atlas of Living Australia</organizationName>    <address>
<deliveryPoint>CSIRO Ecosystems Services</deliveryPoint><city>Canberra</city><administrativeArea>ACT</administrativeArea><postalCode>2601</postalCode><country>AUSTRALIA</country>    </address>
<electronicMailAddress>info@ala.org.au</electronicMailAddress>    <role>DISTRIBUTOR</role>
    </associatedParty>
      <pubDate>
      2019-09-26
      </pubDate>
    <language>ENGLISH</language>
    <abstract>
        <para>Observation records collected by the NSW Bird Atlassers Inc.</para>
    </abstract>
      <intellectualRights>
        <para>This work is licensed under a <ulink url="http://creativecommons.org/licenses/by/4.0/legalcode"><citetitle>Creative Commons Attribution (CC-BY) 4.0 License</citetitle></ulink>.</para>
      </intellectualRights>
      <distribution scope="document">
          <online>
              <url function="information">https://collections.ala.org.au/public/show/dr1089</url>
          </online>
      </distribution>
      <contact>
    <individualName>
<givenName>Rod</givenName>          <surName>Cox</surName>
    </individualName>
<positionName>editor</positionName><electronicMailAddress>boomer48@westnet.com.au</electronicMailAddress>      </contact>
      <methods>
      </methods>

</dataset>

<additionalMetadata>
    <metadata>
      <gbif>
        <dateStamp>2021-06-03T15:08:04Z</dateStamp>
      <citation>NSW Bird Atlassers (2019). New South Wales Bird Atlassers. Occurrence dataset https://doi.org/10.15468/kfkspo accessed via GBIF.org on 2021-06-03.</citation>
        </gbif>
    </metadata>
</additionalMetadata>

</eml:eml>
