<?xml version="1.0" encoding="utf-8"?>
<eml:eml xmlns:eml="eml://ecoinformatics.org/eml-2.1.1" xmlns:xsi="http://www.w3.org/2001/XMLSchema-instance"
         xsi:schemaLocation="eml://ecoinformatics.org/eml-2.1.1 http://rs.gbif.org/schema/eml-gbif-profile/1.1/eml.xsd"
        packageId="ce58b7bb-fed6-46b9-9424-135499c7afdf"  system="http://gbif.org" scope="system"
  xml:lang="en">

<dataset>
      <alternateIdentifier>10.15468/jsjoae</alternateIdentifier>
        <alternateIdentifier>https://collections.ala.org.au/public/show/dr466</alternateIdentifier>
        <alternateIdentifier>8dec9f45-a06c-3e93-936c-799cc45f51c0</alternateIdentifier>
        <alternateIdentifier>http://collections.ala.org.au/public/show/dr466</alternateIdentifier>
        <alternateIdentifier>ce58b7bb-fed6-46b9-9424-135499c7afdf</alternateIdentifier>
        <alternateIdentifier>204889ca-902c-3a15-b89a-a7f3f691a945</alternateIdentifier>
        <alternateIdentifier>3061cb2d-0758-3b26-aea6-f4ff4cdf10f0</alternateIdentifier>
        <alternateIdentifier>14115</alternateIdentifier>
    <title>Garden Bird Surveys</title>
    <creator>
<organizationName>Garden Bird Surveys</organizationName>    <address>
<city>Canberra</city><administrativeArea>ACT</administrativeArea><country>AUSTRALIA</country>    </address>
<onlineUrl>http://canberrabirds.org.au/</onlineUrl>    </creator>
    <creator>
<organizationName>Canberra Ornithologists Group</organizationName><onlineUrl>http://canberrabirds.org.au/</onlineUrl>    </creator>
    <metadataProvider>
<organizationName>Garden Bird Surveys</organizationName>    <address>
<city>Canberra</city><administrativeArea>ACT</administrativeArea><country>AUSTRALIA</country>    </address>
<onlineUrl>http://canberrabirds.org.au/</onlineUrl>    </metadataProvider>
    <associatedParty>
<organizationName>Atlas of Living Australia</organizationName>    <address>
<deliveryPoint>CSIRO Ecosystems Services</deliveryPoint><city>Canberra</city><administrativeArea>ACT</administrativeArea><postalCode>2601</postalCode><country>AUSTRALIA</country>    </address>
<electronicMailAddress>info@ala.org.au</electronicMailAddress>    <role>DISTRIBUTOR</role>
    </associatedParty>
      <pubDate>
      2019-06-24
      </pubDate>
    <language>ENGLISH</language>
    <abstract>
        <para>The Garden Bird Survey (GBS) has been run by the Canberra Ornithologists Group (COG) since 3 July 1981.  Summary results of the GBS are published by COG in the Annual Bird Report  published as an issue of &amp;#34;Canberra Bird Notes&amp;#34; in hard copy and on the COG website  http://cbn.canberrabirds.org.au/ (navigate through the link to Canberra Bird Notes).

The basis of the Survey is a site equivalent in area to a circle of 100m in radius around the observer&amp;#39;s home or workplace.    Not all sites are circular but all are approximately 3Ha in area.  There is no restriction on the elevation of the bird when observed, and birds flying over the site are included.

Most of the Survey sites are located in the urban area of the ACT but some are also located in the City of Queanbeyan and the villages and rural residential areas in the areas of NSW surrounding the ACT.  A State indicator shows which sites are inside or outside the ACT.



The observation period is determined by standard starting dates for each year, with a year always commencing on 3 July.  In most cases the observation period is 7 days so that within each year the starting date of each period is the same day of the week.  Exceptions are:
-	In Leap Years the period commencing February 26 is 8 days to accommodate the 29 February; and
-	Every year the period beginning 25 June is 8 days to enable a seamless match to the first day of the week beginning 3 July.
The basic counting rule is to report the maximum number of birds of a species seen at any time during the week.  For example:
-	If ten birds of species &amp;#34;A&amp;#34; are seen on the first day of a period and twelve on the second day, record &amp;#34;12&amp;#34;.    
-	If in the same period 4 birds of species &amp;#34;B&amp;#34; are seen on the second day and five birds of species &amp;#34;B&amp;#34; are seen on the sixth day report &amp;#34;5&amp;#34;.  

Application of this rule means that the survey results are not appropriate for measuring the numbers of birds that are migrating in flocks since only the biggest flock is recorded with no measure of the number of flocks.

It should be noted that number of sites operating in any period may vary, both between years and within a year.   The number of sites tends to be low for the periods beginning 3 and 10 July (due to delays in obtaining new Charts) and from 18 December to 8 January due to observers being away on vacation.</para>
    </abstract>
      <intellectualRights>
        <para>This work is licensed under a <ulink url="http://creativecommons.org/licenses/by-nc/4.0/legalcode"><citetitle>Creative Commons Attribution Non Commercial (CC-BY-NC) 4.0 License</citetitle></ulink>.</para>
      </intellectualRights>
      <distribution scope="document">
          <online>
              <url function="information">https://collections.ala.org.au/public/show/dr466</url>
          </online>
      </distribution>
      <contact>
    <individualName>
<givenName>Martin</givenName>          <surName>Butterfield</surName>
    </individualName>
<positionName>editor</positionName><electronicMailAddress>martinflab@gmail.com</electronicMailAddress>      </contact>
      <methods>
      </methods>

</dataset>

<additionalMetadata>
    <metadata>
      <gbif>
        <dateStamp>2021-06-03T15:07:38Z</dateStamp>
      <citation>Canberra Ornithologists Group (2019). Garden Bird Surveys. Occurrence dataset https://doi.org/10.15468/jsjoae accessed via GBIF.org on 2021-06-03.</citation>
        </gbif>
    </metadata>
</additionalMetadata>

</eml:eml>
