<?xml version="1.0" encoding="utf-8"?>
<eml:eml xmlns:eml="eml://ecoinformatics.org/eml-2.1.1" xmlns:xsi="http://www.w3.org/2001/XMLSchema-instance"
         xsi:schemaLocation="eml://ecoinformatics.org/eml-2.1.1 http://rs.gbif.org/schema/eml-gbif-profile/1.1/eml.xsd"
        packageId="d0cee8f6-dbf9-4355-a9c2-62ab51fe36fd"  system="http://gbif.org" scope="system"
  xml:lang="en">

<dataset>
      <alternateIdentifier>10.15468/agj5z3</alternateIdentifier>
        <alternateIdentifier>d0cee8f6-dbf9-4355-a9c2-62ab51fe36fd</alternateIdentifier>
        <alternateIdentifier>https://registry.nbnatlas.org/public/show/dr2078</alternateIdentifier>
        <alternateIdentifier>67e9a0a0-51e7-36c9-8f06-d8f65dd573e8</alternateIdentifier>
    <title>Invasive Species and Pests</title>
    <creator>
<organizationName>Centre for Environmental Data and Recording</organizationName>    <address>
<deliveryPoint>153 Bangor Road, Cultra,</deliveryPoint><city>Holywood, Co. Down</city><postalCode>BT18 0EU</postalCode><country>UNITED_KINGDOM</country>    </address>
<phone>+ 44 028 9042 8428</phone><electronicMailAddress>cedar.info@nmni.com</electronicMailAddress><onlineUrl>http://nmni.com/cedar</onlineUrl>    </creator>
    <metadataProvider>
<organizationName>Centre for Environmental Data and Recording</organizationName>    <address>
<deliveryPoint>153 Bangor Road, Cultra,</deliveryPoint><city>Holywood, Co. Down</city><postalCode>BT18 0EU</postalCode><country>UNITED_KINGDOM</country>    </address>
<phone>+ 44 028 9042 8428</phone><electronicMailAddress>cedar.info@nmni.com</electronicMailAddress><onlineUrl>http://nmni.com/cedar</onlineUrl>    </metadataProvider>
    <associatedParty>
<organizationName>NBN Atlas</organizationName>    <address>
<deliveryPoint>Unit F, 14 - 18 St Mary&apos;s Gate, Lace Market</deliveryPoint><city>Nottingham</city><administrativeArea>Nottinghamshire</administrativeArea><postalCode>NG1 1PF</postalCode><country>UNITED_KINGDOM</country>    </address>
<electronicMailAddress>admin@nbnatlas.org</electronicMailAddress>    <role>DISTRIBUTOR</role>
    </associatedParty>
      <pubDate>
      2021-03-18
      </pubDate>
    <language>ENGLISH</language>
    <abstract>
        <para>All Non Native Invasive Species with a few pest species added. These additional species have been identified by some local experts. This dataset is not intended to include an exhaustive list of all &amp;#39;pest&amp;#39; species.</para>
    </abstract>
      <intellectualRights>
        <para>This work is licensed under a <ulink url="http://creativecommons.org/licenses/by-nc/4.0/legalcode"><citetitle>Creative Commons Attribution Non Commercial (CC-BY-NC) 4.0 License</citetitle></ulink>.</para>
      </intellectualRights>
      <distribution scope="document">
          <online>
              <url function="information">https://registry.nbnatlas.org/public/show/dr2078</url>
          </online>
      </distribution>
      <purpose>
          <para>To understand status and distribution of species.</para>
      </purpose>
      <contact>
    <individualName>
<givenName>CEDaR</givenName>          <surName>information</surName>
    </individualName>
<positionName>editor</positionName><electronicMailAddress>cedar.info@nmni.com</electronicMailAddress>      </contact>
      <methods>
            <qualityControl>
                <description>
                    <para>Verified - Data verified by local experts.</para>
                </description>
            </qualityControl>
      </methods>

</dataset>

<additionalMetadata>
    <metadata>
      <gbif>
        <dateStamp>2021-06-03T15:08:02Z</dateStamp>
      <citation>Centre for Environmental Data and Recording (2021). Invasive Species and Pests. Occurrence dataset https://doi.org/10.15468/agj5z3 accessed via GBIF.org on 2021-06-03.</citation>
              <resourceLogoUrl>https://registry.nbnatlas.org/data/dataProvider/cedar-logo-master-colour-landscape-2014.png</resourceLogoUrl>
        </gbif>
    </metadata>
</additionalMetadata>

</eml:eml>
