<?xml version="1.0" encoding="utf-8"?>
<eml:eml xmlns:eml="eml://ecoinformatics.org/eml-2.1.1" xmlns:xsi="http://www.w3.org/2001/XMLSchema-instance"
         xsi:schemaLocation="eml://ecoinformatics.org/eml-2.1.1 http://rs.gbif.org/schema/eml-gbif-profile/1.1/eml.xsd"
        packageId="dca145de-af79-41c4-9dbb-9c61d4fb92b2"  system="http://gbif.org" scope="system"
  xml:lang="en">

<dataset>
      <alternateIdentifier>10.15468/x5b0f7</alternateIdentifier>
        <alternateIdentifier>dca145de-af79-41c4-9dbb-9c61d4fb92b2</alternateIdentifier>
        <alternateIdentifier>https://collections.ala.org.au/public/show/dr7577</alternateIdentifier>
        <alternateIdentifier>0cb2bd8c-8316-370f-8400-7414feec9c59</alternateIdentifier>
    <title>City of Kalamunda Biodiversity Inventory</title>
    <creator>
<organizationName>Shire of Kalamunda Biodiversity Inventory</organizationName><electronicMailAddress>Mick.Davis@kalamunda.wa.gov.au</electronicMailAddress>    </creator>
    <metadataProvider>
<organizationName>Shire of Kalamunda Biodiversity Inventory</organizationName><electronicMailAddress>Mick.Davis@kalamunda.wa.gov.au</electronicMailAddress>    </metadataProvider>
    <associatedParty>
<organizationName>Atlas of Living Australia</organizationName>    <address>
<deliveryPoint>CSIRO Ecosystems Services</deliveryPoint><city>Canberra</city><administrativeArea>ACT</administrativeArea><postalCode>2601</postalCode><country>AUSTRALIA</country>    </address>
<electronicMailAddress>info@ala.org.au</electronicMailAddress>    <role>DISTRIBUTOR</role>
    </associatedParty>
      <pubDate>
      2021-05-05
      </pubDate>
    <language>ENGLISH</language>
    <abstract>
        <para>There are many bushland reserves in the City of Kalamunda and loads of bush on public and private land; the City is rich in plant and animal life. 
We aim to record as many species as possible from across the City to better understand its natural values and contribute to the City&amp;#39;s environmental planning processes.</para>
    </abstract>
      <intellectualRights>
        <para>This work is licensed under a <ulink url="http://creativecommons.org/licenses/by/4.0/legalcode"><citetitle>Creative Commons Attribution (CC-BY) 4.0 License</citetitle></ulink>.</para>
      </intellectualRights>
      <distribution scope="document">
          <online>
              <url function="information">https://collections.ala.org.au/public/show/dr7577</url>
          </online>
      </distribution>
      <contact>
<organizationName>Atlas of Living Australia</organizationName>    <address>
<deliveryPoint>CSIRO Ecosystems Services</deliveryPoint><city>Canberra</city><administrativeArea>ACT</administrativeArea><postalCode>2601</postalCode><country>AUSTRALIA</country>    </address>
<electronicMailAddress>info@ala.org.au</electronicMailAddress>      </contact>
      <methods>
      </methods>

</dataset>

<additionalMetadata>
    <metadata>
      <gbif>
        <dateStamp>2021-06-03T15:07:39Z</dateStamp>
      <citation>City of Kalamunda (2021). City of Kalamunda Biodiversity Inventory. Occurrence dataset https://doi.org/10.15468/x5b0f7 accessed via GBIF.org on 2021-06-03.</citation>
        </gbif>
    </metadata>
</additionalMetadata>

</eml:eml>
