<?xml version="1.0" encoding="utf-8"?>
<eml:eml xmlns:eml="eml://ecoinformatics.org/eml-2.1.1" xmlns:xsi="http://www.w3.org/2001/XMLSchema-instance"
         xsi:schemaLocation="eml://ecoinformatics.org/eml-2.1.1 http://rs.gbif.org/schema/eml-gbif-profile/1.1/eml.xsd"
        packageId="e1607db2-1867-43bf-a472-442057592565"  system="http://gbif.org" scope="system"
  xml:lang="en">

<dataset>
      <alternateIdentifier>10.15468/gsbpnz</alternateIdentifier>
        <alternateIdentifier>http://science-net.kahaku.go.jp/ipt2/resource?r=snet-1041-107</alternateIdentifier>
        <alternateIdentifier>http://gbif.science-net.kahaku.go.jp:8081/ipt2/resource?r=snet-1041-107</alternateIdentifier>
        <alternateIdentifier>e1607db2-1867-43bf-a472-442057592565</alternateIdentifier>
    <title>Mammal specimens of Saitama Museum of Natural History</title>
    <creator>
    <individualName>
<givenName>Mihoko</givenName>          <surName>Okumura</surName>
    </individualName>
<organizationName>Saitama Museum of Natural History</organizationName><positionName>Curator</positionName>    <address>
<country>JAPAN</country>    </address>
<electronicMailAddress>okumura.mihoko@pref.saitama.lg.jp</electronicMailAddress>    </creator>
    <metadataProvider>
    <individualName>
<givenName>Mihoko</givenName>          <surName>Okumura</surName>
    </individualName>
<organizationName>Saitama Museum of Natural History</organizationName><positionName>Curator</positionName>    <address>
<country>JAPAN</country>    </address>
<electronicMailAddress>okumura.mihoko@pref.saitama.lg.jp</electronicMailAddress>    </metadataProvider>
      <pubDate>
      2020-03-06
      </pubDate>
    <language>ENGLISH</language>
    <abstract>
        <para>Mammal specimens of Saitama Museum of Natural History</para>
    </abstract>
        <keywordSet>
              <keyword>Occurrence</keyword>
              <keywordThesaurus>GBIF Dataset Type Vocabulary: http://rs.gbif.org/vocabulary/gbif/dataset_type.xml</keywordThesaurus>
        </keywordSet>
      <intellectualRights>
        <para>This work is licensed under a <ulink url="http://creativecommons.org/licenses/by/4.0/legalcode"><citetitle>Creative Commons Attribution (CC-BY) 4.0 License</citetitle></ulink>.</para>
      </intellectualRights>
      <distribution scope="document">
          <online>
              <url function="information">http://www.shizen.spec.ed.jp/?page_id=164</url>
          </online>
      </distribution>
      <maintenance>
          <description>
              <para></para>
          </description>
          <maintenanceUpdateFrequency>unkown</maintenanceUpdateFrequency>
      </maintenance>
      <contact>
    <individualName>
<givenName>Mihoko</givenName>          <surName>Okumura</surName>
    </individualName>
<organizationName>Saitama Museum of Natural History</organizationName><positionName>Curator</positionName>    <address>
<country>JAPAN</country>    </address>
<electronicMailAddress>okumura.mihoko@pref.saitama.lg.jp</electronicMailAddress><onlineUrl>http://www.shizen.spec.ed.jp/</onlineUrl>      </contact>

</dataset>

<additionalMetadata>
    <metadata>
      <gbif>
        <dateStamp>2021-06-03T15:07:55Z</dateStamp>
      <citation>Okumura M (2020). Mammal specimens of Saitama Museum of Natural History. Version 1.2. National Museum of Nature and Science, Japan. Occurrence dataset https://doi.org/10.15468/gsbpnz accessed via GBIF.org on 2021-06-03.</citation>
        </gbif>
    </metadata>
</additionalMetadata>

</eml:eml>
