<?xml version="1.0" encoding="utf-8"?>
<eml:eml xmlns:eml="eml://ecoinformatics.org/eml-2.1.1" xmlns:xsi="http://www.w3.org/2001/XMLSchema-instance"
         xsi:schemaLocation="eml://ecoinformatics.org/eml-2.1.1 http://rs.gbif.org/schema/eml-gbif-profile/1.1/eml.xsd"
        packageId="e4473544-f4cd-4429-b791-39d6e1fdb0a4"  system="http://gbif.org" scope="system"
  xml:lang="en">

<dataset>
      <alternateIdentifier>10.15468/lxgoyb</alternateIdentifier>
        <alternateIdentifier>https://collections.ala.org.au/public/show/dr1132</alternateIdentifier>
        <alternateIdentifier>2a16f87a-e07d-35e7-aa12-d24351dc6430</alternateIdentifier>
        <alternateIdentifier>http://collections.ala.org.au/public/show/dr1132</alternateIdentifier>
        <alternateIdentifier>e4473544-f4cd-4429-b791-39d6e1fdb0a4</alternateIdentifier>
        <alternateIdentifier>c1a5792e-d889-3378-a909-c2b42f65b894</alternateIdentifier>
        <alternateIdentifier>2a0c4a53-7430-3a78-ac98-79573e4d4e9d</alternateIdentifier>
    <title>WildNet - Queensland Wildlife Data</title>
    <creator>
<organizationName>WildNet - Queensland Wildlife Data</organizationName><onlineUrl>https://data.qld.gov.au/dataset/qld-wildlife-data-api</onlineUrl>    </creator>
    <metadataProvider>
<organizationName>WildNet - Queensland Wildlife Data</organizationName><onlineUrl>https://data.qld.gov.au/dataset/qld-wildlife-data-api</onlineUrl>    </metadataProvider>
    <associatedParty>
<organizationName>Atlas of Living Australia</organizationName>    <address>
<deliveryPoint>CSIRO Ecosystems Services</deliveryPoint><city>Canberra</city><administrativeArea>ACT</administrativeArea><postalCode>2601</postalCode><country>AUSTRALIA</country>    </address>
<electronicMailAddress>info@ala.org.au</electronicMailAddress>    <role>DISTRIBUTOR</role>
    </associatedParty>
      <pubDate>
      2020-09-30
      </pubDate>
    <language>ENGLISH</language>
    <abstract>
        <para>An initial trial of the Queensland wildlife data accessible via the Qld wildlife data API</para>
    </abstract>
      <intellectualRights>
        <para>This work is licensed under a <ulink url="http://creativecommons.org/licenses/by/4.0/legalcode"><citetitle>Creative Commons Attribution (CC-BY) 4.0 License</citetitle></ulink>.</para>
      </intellectualRights>
      <distribution scope="document">
          <online>
              <url function="information">https://collections.ala.org.au/public/show/dr1132</url>
          </online>
      </distribution>
      <contact>
    <individualName>
<givenName>Noleen</givenName>          <surName>Brown</surName>
    </individualName>
<positionName>editor</positionName><electronicMailAddress>Noleen.Brown@derm.qld.gov.au</electronicMailAddress>      </contact>
      <methods>
      </methods>

</dataset>

<additionalMetadata>
    <metadata>
      <gbif>
        <dateStamp>2021-06-03T15:08:01Z</dateStamp>
      <citation>Atlas of Living Australia (2020). WildNet - Queensland Wildlife Data. Occurrence dataset https://doi.org/10.15468/lxgoyb accessed via GBIF.org on 2021-06-03.</citation>
        </gbif>
    </metadata>
</additionalMetadata>

</eml:eml>
