<?xml version="1.0" encoding="utf-8"?>
<eml:eml xmlns:eml="eml://ecoinformatics.org/eml-2.1.1" xmlns:xsi="http://www.w3.org/2001/XMLSchema-instance"
         xsi:schemaLocation="eml://ecoinformatics.org/eml-2.1.1 http://rs.gbif.org/schema/eml-gbif-profile/1.1/eml.xsd"
        packageId="ea0df0c3-fe1f-43d1-bf97-f4a7753cc049"  system="http://gbif.org" scope="system"
  xml:lang="en">

<dataset>
      <alternateIdentifier>10.15468/khpvn8</alternateIdentifier>
        <alternateIdentifier>https://collections.ala.org.au/public/show/dr15869</alternateIdentifier>
        <alternateIdentifier>ea0df0c3-fe1f-43d1-bf97-f4a7753cc049</alternateIdentifier>
        <alternateIdentifier>d84529a1-6cff-3eea-9ee2-2bb94a7fd8e0</alternateIdentifier>
    <title>LTB AVH data</title>
    <creator>
<organizationName>Australia&apos;s Virtual Herbarium</organizationName><onlineUrl>https://ipt.rbg.vic.gov.au/ipt</onlineUrl>    </creator>
    <creator>
<organizationName>La Trobe University Herbarium</organizationName>    <address>
<deliveryPoint>Department of Ecology, Environment and Evolution, La Trobe University</deliveryPoint><city>Bundoora</city><administrativeArea>Victoria</administrativeArea><postalCode>3086</postalCode><country>AUSTRALIA</country>    </address>
<phone>(03) 9479 2327</phone><electronicMailAddress>a.kellow@latrobe.edu.au</electronicMailAddress><onlineUrl>http://www.latrobe.edu.au/ecology-environment-evolution/about-us/facilities/herbarium</onlineUrl>    </creator>
    <creator>
<organizationName>La Trobe University</organizationName>    <address>
<deliveryPoint>La Trobe University</deliveryPoint><city>Bundoora</city><administrativeArea>Victoria</administrativeArea><postalCode>3086</postalCode><country>AUSTRALIA</country>    </address>
<phone>(03) 9479 1111</phone><onlineUrl>http://www.latrobe.edu.au/</onlineUrl>    </creator>
    <metadataProvider>
<organizationName>Australia&apos;s Virtual Herbarium</organizationName><onlineUrl>https://ipt.rbg.vic.gov.au/ipt</onlineUrl>    </metadataProvider>
    <associatedParty>
<organizationName>Atlas of Living Australia</organizationName>    <address>
<deliveryPoint>CSIRO Ecosystems Services</deliveryPoint><city>Canberra</city><administrativeArea>ACT</administrativeArea><postalCode>2601</postalCode><country>AUSTRALIA</country>    </address>
<electronicMailAddress>info@ala.org.au</electronicMailAddress>    <role>DISTRIBUTOR</role>
    </associatedParty>
      <pubDate>
      2020-09-01
      </pubDate>
    <language>ENGLISH</language>
    <abstract>
        <para>Australasian Virtual Herbarium (AVH) from the La Trobe University Herbarium (LTB)</para>
    </abstract>
      <intellectualRights>
        <para>This work is licensed under a <ulink url="http://creativecommons.org/licenses/by/4.0/legalcode"><citetitle>Creative Commons Attribution (CC-BY) 4.0 License</citetitle></ulink>.</para>
      </intellectualRights>
      <distribution scope="document">
          <online>
              <url function="information">https://collections.ala.org.au/public/show/dr15869</url>
          </online>
      </distribution>
      <contact>
    <individualName>
<givenName>Alison</givenName>          <surName>Kellow</surName>
    </individualName>
<positionName>editor</positionName><phone>(03) 9479 2327</phone><electronicMailAddress>a.kellow@latrobe.edu.au</electronicMailAddress>      </contact>
      <methods>
      </methods>

</dataset>

<additionalMetadata>
    <metadata>
      <gbif>
        <dateStamp>2021-06-03T15:07:45Z</dateStamp>
      <citation>La Trobe University (2020). LTB AVH data. Occurrence dataset https://doi.org/10.15468/khpvn8 accessed via GBIF.org on 2021-06-03.</citation>
              <resourceLogoUrl>https://collections.ala.org.au/data/dataProvider/avh_logo_green_transparent.png</resourceLogoUrl>
        </gbif>
    </metadata>
</additionalMetadata>

</eml:eml>
