<?xml version="1.0" encoding="utf-8"?>
<eml:eml xmlns:eml="eml://ecoinformatics.org/eml-2.1.1" xmlns:xsi="http://www.w3.org/2001/XMLSchema-instance"
         xsi:schemaLocation="eml://ecoinformatics.org/eml-2.1.1 http://rs.gbif.org/schema/eml-gbif-profile/1.1/eml.xsd"
        packageId="f5783452-6ff5-4bef-8f30-9adfeba81bd7"  system="http://gbif.org" scope="system"
  xml:lang="en">

<dataset>
      <alternateIdentifier>10.15468/gcs4df</alternateIdentifier>
        <alternateIdentifier>http://ipt.vertnet.org:8080/ipt/resource?r=pri_paleo</alternateIdentifier>
        <alternateIdentifier>http://ipt.vertnet.org:8080/ipt/resource.do?r=pri_paleo</alternateIdentifier>
        <alternateIdentifier>f5783452-6ff5-4bef-8f30-9adfeba81bd7</alternateIdentifier>
    <title>Paleontological Research Institution Collections</title>
    <creator>
    <individualName>
<givenName>Leslie</givenName>          <surName>Skibinski</surName>
    </individualName>
<organizationName>Paleontological Research Institution</organizationName><positionName>Collections Manager</positionName>    <address>
<deliveryPoint>1259 Trumansburg Road</deliveryPoint><city>Ithaca</city><administrativeArea>NY</administrativeArea><postalCode>14850</postalCode><country>UNITED_STATES</country>    </address>
<phone>+01  607-273-6623  ext. 128</phone><electronicMailAddress>lls94@cornell.edu</electronicMailAddress><onlineUrl>http://www.priweb.org/</onlineUrl>    </creator>
    <metadataProvider>
    <individualName>
<givenName>Leslie</givenName>          <surName>Skibinski</surName>
    </individualName>
<organizationName>Paleontological Research Institution</organizationName><positionName>Collections Manager</positionName>    <address>
<deliveryPoint>1259 Trumansburg Road</deliveryPoint><city>Ithaca</city><administrativeArea>NY</administrativeArea><postalCode>14850</postalCode><country>UNITED_STATES</country>    </address>
<phone>+01  607-273-6623  ext. 128</phone><electronicMailAddress>lls94@cornell.edu</electronicMailAddress><onlineUrl>http://www.priweb.org/</onlineUrl>    </metadataProvider>
    <associatedParty>
    <individualName>
<givenName>David</givenName>          <surName>Bloom</surName>
    </individualName>
<organizationName>VertNet</organizationName><positionName>Coordinator</positionName><electronicMailAddress>dbloom@vertnet.org</electronicMailAddress><onlineUrl>http://www.vertnet.org</onlineUrl>    <role>PROGRAMMER</role>
    </associatedParty>
    <associatedParty>
    <individualName>
<givenName>John</givenName>          <surName>Wieczorek</surName>
    </individualName>
<organizationName>Museum of Vertebrate Zoology at UC Berkeley</organizationName><positionName>Information Architect</positionName><electronicMailAddress>tuco@berkeley.edu</electronicMailAddress>    <role>PROGRAMMER</role>
    </associatedParty>
    <associatedParty>
    <individualName>
<givenName>Gregory</givenName>          <surName>Dietl</surName>
    </individualName>
<organizationName>Paleontological Research Institution</organizationName><positionName>Director of Collections</positionName>    <address>
<deliveryPoint>1259 Trumansburg Road</deliveryPoint><city>Ithaca</city><administrativeArea>NY</administrativeArea><postalCode>14850</postalCode><country>UNITED_STATES</country>    </address>
<phone>+01  607-273-6623  ext. 117</phone><electronicMailAddress>gpd3@cornell.edu</electronicMailAddress><onlineUrl>http://www.priweb.org/</onlineUrl>    <role>CURATOR</role>
    </associatedParty>
      <pubDate>
      2021-04-21
      </pubDate>
    <language>ENGLISH</language>
    <abstract>
        <para>The collection of the Paleontological Research Institution (PRI) includes 7 million specimens, making it among the 10 largest invertebrate paleontology collections in the United States. Most of the collection consists of invertebrate fossils (representing almost every major group of organisms from around the world over the past 2 billion years), with major strengths in Cenozoic marine mollusks of the Western Hemisphere, Paleozoic marine invertebrates of New York State, and Cenozoic benthic foraminifera of the U.S. Coastal Plains and Caribbean. The collection also includes significant holdings of Recent mollusks. PRI houses all non-botanical fossils and Recent mollusks formerly held at Cornell University. PRI&amp;#39;s collection of Type and Figured specimens (also one of the nation&amp;#39;s 10 largest) includes more than 15,000 specimens, many of which were published in PRI’s journal, Bulletins of American Paleontology—one of the oldest peer-reviewed paleontological journals in the world.</para>
    </abstract>
        <keywordSet>
              <keyword>Occurrence</keyword>
              <keywordThesaurus>GBIF Dataset Type Vocabulary: http://rs.gbif.org/vocabulary/gbif/dataset_type.xml</keywordThesaurus>
        </keywordSet>
        <keywordSet>
              <keyword>Specimen</keyword>
              <keywordThesaurus>GBIF Dataset Subtype Vocabulary: http://rs.gbif.org/vocabulary/gbif/dataset_subtype.xml</keywordThesaurus>
        </keywordSet>
      <additionalInfo>
          <para>Specific locality or collection event information may be available.

https://www.priweb.org/files/Collections/Collections-Data_Use_Policy.pdf, https://creativecommons.org/publicdomain/zero/1.0/ and http://vertnet.org/resources/norms.html
http://priweb.org/collections-data-use-policy</para>
      </additionalInfo>
      <intellectualRights>
        <para>To the extent possible under law, the publisher has waived all rights to these data and has dedicated them to the <ulink url="http://creativecommons.org/publicdomain/zero/1.0/legalcode"><citetitle>Public Domain (CC0 1.0)</citetitle></ulink>. Users may copy, modify, distribute and use the work, including for commercial purposes, without restriction.</para>
      </intellectualRights>
      <distribution scope="document">
          <online>
              <url function="information">http://www.priweb.org/collections/index.php</url>
          </online>
      </distribution>
      <coverage>
            <geographicCoverage>
                  <geographicDescription>Most of the collections consist of invertebrate fossils (representing almost every major group of organisms from around the world over the past 2 billion years), with major strengths in Cenozoic marine mollusks of the Western Hemisphere, Paleozoic marine invertebrates of New York State, and Cenozoic benthic foraminifera of the U.S. Coastal Plains and Caribbean.</geographicDescription>
                  <boundingCoordinates>
                      <westBoundingCoordinate>-180</westBoundingCoordinate>
                      <eastBoundingCoordinate>180</eastBoundingCoordinate>
                      <northBoundingCoordinate>90</northBoundingCoordinate>
                      <southBoundingCoordinate>-90</southBoundingCoordinate>
                  </boundingCoordinates>
            </geographicCoverage>
      </coverage>
      <maintenance>
          <description>
              <para></para>
          </description>
          <maintenanceUpdateFrequency>unkown</maintenanceUpdateFrequency>
      </maintenance>
      <contact>
    <individualName>
<givenName>Leslie</givenName>          <surName>Skibinski</surName>
    </individualName>
<organizationName>Paleontological Research Institution</organizationName><positionName>Collections Manager</positionName>    <address>
<deliveryPoint>1259 Trumansburg Road</deliveryPoint><city>Ithaca</city><administrativeArea>NY</administrativeArea><postalCode>14850</postalCode><country>UNITED_STATES</country>    </address>
<phone>+01  607-273-6623  ext. 128</phone><electronicMailAddress>lls94@cornell.edu</electronicMailAddress><onlineUrl>http://www.priweb.org/</onlineUrl>      </contact>

</dataset>

<additionalMetadata>
    <metadata>
      <gbif>
        <dateStamp>2021-06-03T15:07:54Z</dateStamp>
      <citation>Skibinski L (2021). Paleontological Research Institution Collections. Version 5.6. Paleontological Research Institution. Occurrence dataset https://doi.org/10.15468/gcs4df accessed via GBIF.org on 2021-06-03.</citation>
        </gbif>
    </metadata>
</additionalMetadata>

</eml:eml>
