<?xml version="1.0" encoding="utf-8"?>
<eml:eml xmlns:eml="eml://ecoinformatics.org/eml-2.1.1" xmlns:xsi="http://www.w3.org/2001/XMLSchema-instance"
         xsi:schemaLocation="eml://ecoinformatics.org/eml-2.1.1 http://rs.gbif.org/schema/eml-gbif-profile/1.1/eml.xsd"
        packageId="feb41318-374b-4ed6-b61e-0369993abedc"  system="http://gbif.org" scope="system"
  xml:lang="en">

<dataset>
      <alternateIdentifier>10.15468/ic8tid</alternateIdentifier>
        <alternateIdentifier>http://ipt.gbif.pt/ipt/resource?r=invasoras</alternateIdentifier>
        <alternateIdentifier>feb41318-374b-4ed6-b61e-0369993abedc</alternateIdentifier>
        <alternateIdentifier>http://ipt.gbif.pt/ipt/resource.do?r=invasoras</alternateIdentifier>
    <title>Sightings Map of Invasive Plants in Portugal</title>
    <creator>
    <individualName>
<givenName>Hélia</givenName>          <surName>Marchante</surName>
    </individualName>
<organizationName>CFE - Centre for Functional Ecology, Coimbra College of Agriculture of the Polytechnic Institute of Coimbra</organizationName><positionName>Adjunt Professor</positionName>    <address>
<deliveryPoint>Bencanta</deliveryPoint><city>Coimbra</city><postalCode>3040-316</postalCode><country>PORTUGAL</country>    </address>
<electronicMailAddress>hmarchante@gmail.com</electronicMailAddress><onlineUrl>http://cfe.uc.pt/profile/members/1582</onlineUrl>      <userId directory="http://orcid.org/">0000-0002-3247-5663</userId>
    </creator>
    <creator>
    <individualName>
<givenName>Maria Cristina</givenName>          <surName>Morais</surName>
    </individualName>
<organizationName>Universidade de Trás os Montes e Alto Douro</organizationName><positionName>Researcher</positionName>    <address>
<country>PORTUGAL</country>    </address>
      <userId directory="http://orcid.org/">0000-0002-6598-7454</userId>
    </creator>
    <metadataProvider>
    <individualName>
<givenName>Elizabete</givenName>          <surName>Marchante</surName>
    </individualName>
<organizationName>CFE - Centre for Functional Ecology, Department of Life Sciences, University of Coimbra</organizationName><positionName>Researcher</positionName>    <address>
<deliveryPoint>Calçada Martim de Freitas</deliveryPoint><city>Coimbra</city><postalCode>3000-456</postalCode><country>PORTUGAL</country>    </address>
<electronicMailAddress>emarchante@uc.pt</electronicMailAddress><onlineUrl>http://cfe.uc.pt/profile/members/1555</onlineUrl>      <userId directory="http://orcid.org/">0000-0003-1303-7489</userId>
    </metadataProvider>
    <associatedParty>
    <individualName>
<givenName>Maria Cristina</givenName>          <surName>Morais</surName>
    </individualName>
<organizationName>CITAB - Centre for the Research and Technology of Agro-Environmental and Biological Sciences, Universidade de Trás-os-Montes e Alto Douro</organizationName><positionName>Researcher</positionName>    <address>
<deliveryPoint>Quinta de Prados.</deliveryPoint><city>Vila Real</city><postalCode>5001-801</postalCode><country>PORTUGAL</country>    </address>
<electronicMailAddress>mariacristina.morais@gmail.com</electronicMailAddress><onlineUrl>https://www.citab.utad.pt/researcher/maria-cristina-seixas-martins-morais</onlineUrl>      <userId directory="http://orcid.org/">0000-0002-6598-7454</userId>
    <role>CURATOR</role>
    </associatedParty>
    <associatedParty>
    <individualName>
          <surName>Users registered at invasoras.pt</surName>
    </individualName>
<organizationName>Unkown</organizationName><positionName>users</positionName>    <address>
<country>PORTUGAL</country>    </address>
    <role>AUTHOR</role>
    </associatedParty>
    <associatedParty>
    <individualName>
<givenName>Hélia</givenName>          <surName>Marchante</surName>
    </individualName>
<organizationName>Escola Superior Agrária, Instituto Politécnico de Coimbra</organizationName><positionName>Adjunt Professor</positionName>    <address>
<deliveryPoint>Bencanta</deliveryPoint><city>Coimbra</city><administrativeArea>Coimbra</administrativeArea><country>PORTUGAL</country>    </address>
<electronicMailAddress>hmarchante@esac.pt</electronicMailAddress><onlineUrl>http://cfe.uc.pt/profile/members/1582</onlineUrl>      <userId directory="http://orcid.org/">0000-0002-3247-5663</userId>
    <role>CURATOR</role>
    </associatedParty>
    <associatedParty>
    <individualName>
<givenName>Elizabete</givenName>          <surName>Marchante</surName>
    </individualName>
<organizationName>Centre for Functional Ecology,University of Coimbra</organizationName><positionName>Researcher</positionName>    <address>
<deliveryPoint>Calçada Martim de Freitas</deliveryPoint><city>Coimbra</city><administrativeArea>Coimbra</administrativeArea><postalCode>3000-456</postalCode><country>PORTUGAL</country>    </address>
<electronicMailAddress>emarchante@uc.pt</electronicMailAddress><onlineUrl>http://cfe.uc.pt/profile/members/1555</onlineUrl>      <userId directory="http://orcid.org/">0000-0003-1303-7489</userId>
    <role>CONTENT_PROVIDER</role>
    </associatedParty>
      <pubDate>
      2021-01-20
      </pubDate>
    <language>PORTUGUESE</language>
    <abstract>
        <para>The dataset available through the Sightings Map of Invasive Plants in Portugal results from the Citizen Science platform INVASORAS.PT, which records sightings of invasive plants in Portugal (mainland and Archipelagos of Madeira and Azores). This platform was originally created in 2013, in the context of the project “Plantas Invasoras: uma ameaça vinda de fora” (Media Ciência nº 16905), developed by researchers from Centre for Functional Ecology of University of Coimbra and of Coimbra College of Agriculture of the Polytechnic Institute of Coimbra. Currently this project is over, but the platform is maintained by the same team.
Sightings are reported by users who register at the platform and submit them, either directly on the website (https://invasoras.pt/pt/mapeamento) or using an app for Android (https://play.google.com/store/apps/details?id&amp;#61;pt.uc.invasoras2) and iOS (https://apps.apple.com/pt/app/plantas-invasoras-em-portugal/id1501776731) devices. Only validated sightings are available on the dataset. Validation is made based on photographs submitted along with the sightings by experts from the platform INVASORAS.PT team. As with all citizen science projects there is some risk of erroneous records and duplication of sightings.</para>
    </abstract>
        <keywordSet>
              <keyword>Occurrence</keyword>
              <keywordThesaurus>GBIF Dataset Type Vocabulary: http://rs.gbif.org/vocabulary/gbif/dataset_type.xml</keywordThesaurus>
        </keywordSet>
        <keywordSet>
              <keyword>Invasive Plants; Alien Plants</keyword>
              <keyword>Occurrence</keyword>
              <keyword>Portugal; Citizen Science</keyword>
              <keywordThesaurus>N/A</keywordThesaurus>
        </keywordSet>
        <keywordSet>
              <keyword>Observation</keyword>
              <keywordThesaurus>GBIF Dataset Subtype Vocabulary: http://rs.gbif.org/vocabulary/gbif/dataset_subtype.xml</keywordThesaurus>
        </keywordSet>
        <keywordSet>
              <keyword>Occurrence</keyword>
              <keywordThesaurus>GBIF Dataset Type Vocabulary: http://rs.gbif.org/vocabulary/gbif/dataset_type_2015-07-10.xml</keywordThesaurus>
        </keywordSet>
      <intellectualRights>
        <para>This work is licensed under a <ulink url="http://creativecommons.org/licenses/by/4.0/legalcode"><citetitle>Creative Commons Attribution (CC-BY) 4.0 License</citetitle></ulink>.</para>
      </intellectualRights>
      <distribution scope="document">
          <online>
              <url function="information">http://invasoras.pt/</url>
          </online>
      </distribution>
      <coverage>
            <geographicCoverage>
                  <geographicDescription>Portugal, including Mainland and the Archipelagos of Azores and Madeira</geographicDescription>
                  <boundingCoordinates>
                      <westBoundingCoordinate>-31.27</westBoundingCoordinate>
                      <eastBoundingCoordinate>-6.08</eastBoundingCoordinate>
                      <northBoundingCoordinate>42.25</northBoundingCoordinate>
                      <southBoundingCoordinate>29.51</southBoundingCoordinate>
                  </boundingCoordinates>
            </geographicCoverage>
          <temporalCoverage>
            <rangeOfDates>
              <beginDate>
                <calendarDate>      2013-02-22
</calendarDate>
              </beginDate>
              <endDate>
                <calendarDate>      2020-02-15
</calendarDate>
              </endDate>
            </rangeOfDates>
          </temporalCoverage>
              <taxonomicCoverage>
                    <generalTaxonomicCoverage>All plants were identifyed to the species level.</generalTaxonomicCoverage>
                    <taxonomicClassification>
                          <taxonRankName>Kingdom</taxonRankName>
                        <taxonRankValue>Plantae</taxonRankValue>
                          <commonName>Plants</commonName>
                    </taxonomicClassification>
                    <taxonomicClassification>
                          <taxonRankName>Phylum</taxonRankName>
                        <taxonRankValue>Spermatophyta</taxonRankValue>
                    </taxonomicClassification>
                    <taxonomicClassification>
                          <taxonRankName>Phylum</taxonRankName>
                        <taxonRankValue>Pteridophyta</taxonRankValue>
                    </taxonomicClassification>
                    <taxonomicClassification>
                          <taxonRankName>Class</taxonRankName>
                        <taxonRankValue>Magnoliopsida</taxonRankValue>
                    </taxonomicClassification>
                    <taxonomicClassification>
                          <taxonRankName>Class</taxonRankName>
                        <taxonRankValue>Liliopsida</taxonRankValue>
                    </taxonomicClassification>
                    <taxonomicClassification>
                          <taxonRankName>Class</taxonRankName>
                        <taxonRankValue>Filicopsida</taxonRankValue>
                    </taxonomicClassification>
                    <taxonomicClassification>
                          <taxonRankName>Order</taxonRankName>
                        <taxonRankValue>Fabales</taxonRankValue>
                    </taxonomicClassification>
                    <taxonomicClassification>
                          <taxonRankName>Order</taxonRankName>
                        <taxonRankValue>Asterales</taxonRankValue>
                    </taxonomicClassification>
                    <taxonomicClassification>
                          <taxonRankName>Order</taxonRankName>
                        <taxonRankValue>Geraniales</taxonRankValue>
                    </taxonomicClassification>
                    <taxonomicClassification>
                          <taxonRankName>Order</taxonRankName>
                        <taxonRankValue>Proteales</taxonRankValue>
                    </taxonomicClassification>
                    <taxonomicClassification>
                          <taxonRankName>Order</taxonRankName>
                        <taxonRankValue>Caryophyllales</taxonRankValue>
                    </taxonomicClassification>
                    <taxonomicClassification>
                          <taxonRankName>Order</taxonRankName>
                        <taxonRankValue>Poales</taxonRankValue>
                    </taxonomicClassification>
                    <taxonomicClassification>
                          <taxonRankName>Order</taxonRankName>
                        <taxonRankValue>Polemoniales</taxonRankValue>
                    </taxonomicClassification>
                    <taxonomicClassification>
                          <taxonRankName>Order</taxonRankName>
                        <taxonRankValue>Sapindales</taxonRankValue>
                    </taxonomicClassification>
                    <taxonomicClassification>
                          <taxonRankName>Order</taxonRankName>
                        <taxonRankValue>Rosales</taxonRankValue>
                    </taxonomicClassification>
                    <taxonomicClassification>
                          <taxonRankName>Order</taxonRankName>
                        <taxonRankValue>Liliales</taxonRankValue>
                    </taxonomicClassification>
                    <taxonomicClassification>
                          <taxonRankName>Order</taxonRankName>
                        <taxonRankValue>Haloragales</taxonRankValue>
                    </taxonomicClassification>
                    <taxonomicClassification>
                          <taxonRankName>Order</taxonRankName>
                        <taxonRankValue>Commelinales</taxonRankValue>
                    </taxonomicClassification>
                    <taxonomicClassification>
                          <taxonRankName>Order</taxonRankName>
                        <taxonRankValue>Hydrocharitales</taxonRankValue>
                    </taxonomicClassification>
                    <taxonomicClassification>
                          <taxonRankName>Order</taxonRankName>
                        <taxonRankValue>Umbellales</taxonRankValue>
                    </taxonomicClassification>
                    <taxonomicClassification>
                          <taxonRankName>Order</taxonRankName>
                        <taxonRankValue>Zingiberales</taxonRankValue>
                    </taxonomicClassification>
                    <taxonomicClassification>
                          <taxonRankName>Order</taxonRankName>
                        <taxonRankValue>Salviniales</taxonRankValue>
                    </taxonomicClassification>
              </taxonomicCoverage>
      </coverage>
      <purpose>
          <para>This dataset was created as part of a citizen science platform which aims to raise awareness about invasive plants in Portugal and simultaneously stimulate public participation in mapping of species. Data obtained will be helpful for scientific and management purposes.</para>
      </purpose>
      <maintenance>
          <description>
              <para></para>
          </description>
          <maintenanceUpdateFrequency>unkown</maintenanceUpdateFrequency>
      </maintenance>
      <contact>
    <individualName>
<givenName>Elizabete</givenName>          <surName>Marchante</surName>
    </individualName>
<organizationName>CFE - Centre for Functional Ecology, Department of Life Sciences, University of Coimbra</organizationName><positionName>Researcher</positionName>    <address>
<deliveryPoint>Calçada Martim de Freitas</deliveryPoint><city>Coimbra</city><postalCode>3000-456</postalCode><country>PORTUGAL</country>    </address>
<electronicMailAddress>emarchante@uc.pt</electronicMailAddress><onlineUrl>http://cfe.uc.pt/profile/members/1555</onlineUrl>      <userId directory="http://orcid.org/">0000-0003-1303-7489</userId>
      </contact>
      <methods>
            <methodStep>
                <description>
                    <para>NA</para>
                </description>
            </methodStep>
            <sampling>
                <studyExtent>
                    <description>
                        <para>The dataset includes Portuguese mainland and Archipelagos of Madeira and Azores. First record is from 2002 and there are some records from following years, but most sightings are after March 2013, when the citizen science platform INVASORAS.PT was made available online.</para>
                    </description>
                </studyExtent>
                <samplingDescription>
                    <para>Registers are occasional, whenever submitted by users.</para>
                </samplingDescription>
            </sampling>
            <qualityControl>
                <description>
                    <para>Dataset is obtained directly from the web application that results from the submitted sightings; later it is Darwin Core transformed. Data submitted is from the responsibility of the users registered in the platform. The scientific team of the platform validate the sightings based only on photographs submitted along with the sighting; whenever there is doubt about the identification of the species, the user is contacted and the sighting is only validated if another photo or explanation allows verifying the species identification. However, in such a citizen science platform is not possible to be 100% sure of the reliability of the data. Nevertheless, as stated previously, the users that are more active in the platform (more than 80% of the sightings) have expertise in plant identification. For some species, namely Arundo donax, Opuntia maxima, Conyza bonariensis, Conyza canadensis, Conyza sumatrensis, Agave americana and Pittosporum undulatum, identification to species level is rather difficult when photographs are not very detailed; as such, use of data of these species should take this warning into consideration (they are most probably correctly identified to genus level and most often to species level, but some records may be similar species). For some species, phenology data may be uncertain, e.g., Cortaderia selloana keeps the lush “inflorescence” long after the flowering season and as such users may record them as “in flower”, but in fact they have seeds or the seeds may have already been dispersed even though they keep the apparent inflorescence.
All sightings are georeferenced, but locating errors associated with GPS and other devices used for georeferencing are possible. Source of geolocation can be “Web”, “Android (gps)”, “Android (network)” – error associated with the last option can be sometimes bigger than the two other options. Another possibility is that some of the invasive plants that were recorded have been meanwhile controlled and removed from the sighting place.</para>
                </description>
            </qualityControl>
      </methods>

      <project >
          <title>Invasive Plants: a threat from outside</title>
          <personnel>
    <individualName>
<givenName>Elizabete</givenName>          <surName>Marchante</surName>
    </individualName>
      <userId directory="http://www.researcherid.com/rid/">D-3858-2011</userId>
    <role>PRINCIPAL_INVESTIGATOR</role>
          </personnel>
          <abstract>
              <para></para>
          </abstract>
          <funding>
              <para>The original project [“Plantas Invasoras: uma ameaça vinda de fora” (Media Ciência N.º 16905)] was supported by “MEDIA SCIENCE”, an initiative of Ciência Viva (Portuguese Agency for Scientific and Technological Culture) and was co-financed by COMPETE (Operational Programme Competitiveness Factors) in the area for the Promotion of Scientific and Technological Culture. After, the platform was maintained through projects INVADER-B (“Gestão de plantas INVasoras em Portugal: da prevenção à DEtecção Remota e controlo biológico de Acacia longifolia”, reference PTDC/AAG-REC/4607/2012, November 2013 to November 2015), and INVADER-IV (INnoVative Approaches to Detect invasive spEcies and biocontRol agents”, reference PTDC/AAG­REC/4896/2014, July 2016 - June 2020) both funded by Fundação para a Ciência e a Tecnologia (FCT, Portuguese funding agency for science, technology and innovation), through COMPETE and FEDER, Portugal 2020 - Programa Operacional Competitividade e Internacionalização (POCI). After that, the platform is run on a voluntary base by the research team of the platform INVASORAS.PT</para>
          </funding>
            <studyAreaDescription>
                <descriptor name="generic" citableClassificationSystem="false">
                    <descriptorValue>The area of Continental Portugal is about 89 015 km2 and it is situated in the Mediterranean biogeographic region, covering 5 terrestrial ecoregions, according to the World Wide Fund for Nature. The archipelago of the Azores is located in the middle of the northern hemisphere of the Atlantic Ocean and extends along a west-northwest to east-southeast orientation (between 36.5°–40° North latitudes and 24.5°–31.5° West longitudes) in an area approximately 600 km wide. The archipelago of Madeira is located 520 km from the African coast and 1 000 km from the European continent. It is found in the extreme south of the Tore-Madeira Ridge, a bathymetric structure of great dimensions oriented along a north-northeast to south-southwest axis that extends for 1 000 m.</descriptorValue>
                </descriptor>
            </studyAreaDescription>
            <designDescription>
                <description>
                    <para>The dataset is created through a citizen science project which involves citizens in the mapping of invasive plants in Portugal (both mainland and Archipelagos of Azores and Madeira). Sightings can be submitted either directly on the website (https://invasoras.pt/pt/mapeamento) or using an app for Android (https://play.google.com/store/apps/details?id=pt.uc.invasoras2) or iOS (https://apps.apple.com/pt/app/plantas-invasoras-em-portugal/id1501776731) devices, in situ. Sightings are distributed all over the country and are submitted by the users registered in the platform. Any citizen can register and submit sightings, but only validated sightings are visible in the dataset. Validation is made by the scientific team of the platform, based on photographs submitted with the sightings. No field validation is performed; nevertheless, the users that are more active in the platform have expertise in plant identification. For some species, namely Arundo donax, Opuntia maxima, Conyza bonariensis, Conyza canadensis, Conyza sumatrensis, Agave americana and Pittosporum undulatum, identification to species is rather difficult when photographs are not very detailed; as such, use of data of these species should take this warning into consideration.
Although the timeframe of the project that developed the platform ended in 2013, the research team continues to follow up and validate the submitted sightings, and promoting activities aiming to engage the public. As such, the dataset is expected to be updated on a regular basis.</para>
                </description>
            </designDescription>
      </project>
</dataset>

<additionalMetadata>
    <metadata>
      <gbif>
        <dateStamp>2021-06-03T15:07:54Z</dateStamp>
      <citation identifier="doi:10.15468/ic8tid">Marchante H, Morais M C, Marchante E (2021). Sightings Map of Invasive Plants in Portugal. Version 2.10. CFE - Centre for Functional Ecology, Department of Life Sciences, University of Coimbra. Occurrence dataset https://doi.org/10.15468/ic8tid accessed via GBIF.org on 2021-06-03.</citation>
              <resourceLogoUrl>http://invasoras.pt/wp-content/uploads/2013/02/Logo-final-invasoras-pt-PDF-800px.png</resourceLogoUrl>
              <collection>
                <parentCollectionIdentifier>Not applicable</parentCollectionIdentifier>
                <collectionIdentifier>e4b00ec9-6c79-46c6-a6ed-818742707395</collectionIdentifier>
                <collectionName>Sightings Map of Invasive Plants in Portugal</collectionName>
              </collection>
        </gbif>
    </metadata>
</additionalMetadata>

</eml:eml>
