<?xml version="1.0" encoding="utf-8"?>
<eml:eml xmlns:eml="eml://ecoinformatics.org/eml-2.1.1" xmlns:xsi="http://www.w3.org/2001/XMLSchema-instance"
         xsi:schemaLocation="eml://ecoinformatics.org/eml-2.1.1 http://rs.gbif.org/schema/eml-gbif-profile/1.1/eml.xsd"
        packageId="4e287c72-c3f3-492c-ba43-d0fe8a97bba1"  system="http://gbif.org" scope="system"
  xml:lang="en">

<dataset>
      <alternateIdentifier>10.15468/xrjeh0</alternateIdentifier>
        <alternateIdentifier>http://science-net.kahaku.go.jp/ipt2/resource?r=snet-1138-104</alternateIdentifier>
        <alternateIdentifier>4e287c72-c3f3-492c-ba43-d0fe8a97bba1</alternateIdentifier>
        <alternateIdentifier>http://gbif.science-net.kahaku.go.jp:8081/ipt2/resource?r=snet-1138-104</alternateIdentifier>
    <title>Plant specimens of Komatsu City Museum</title>
    <creator>
    <individualName>
<givenName>Yukimasa</givenName>          <surName>Nashiki</surName>
    </individualName>
<organizationName>Komatsu City Museum</organizationName><positionName>Curator</positionName>    <address>
<country>JAPAN</country>    </address>
<electronicMailAddress>nashiki@city.komatsu.lg.jp</electronicMailAddress>    </creator>
    <metadataProvider>
    <individualName>
<givenName>Yukimasa</givenName>          <surName>Nashiki</surName>
    </individualName>
<organizationName>Komatsu City Museum</organizationName><positionName>Curator</positionName>    <address>
<country>JAPAN</country>    </address>
<electronicMailAddress>nashiki@city.komatsu.lg.jp</electronicMailAddress>    </metadataProvider>
      <pubDate>
      2020-03-06
      </pubDate>
    <language>ENGLISH</language>
    <abstract>
        <para>Plant specimens deposited in Komatsu City Museum</para>
    </abstract>
        <keywordSet>
              <keyword>Occurrence</keyword>
              <keywordThesaurus>GBIF Dataset Type Vocabulary: http://rs.gbif.org/vocabulary/gbif/dataset_type.xml</keywordThesaurus>
        </keywordSet>
      <intellectualRights>
        <para>This work is licensed under a <ulink url="http://creativecommons.org/licenses/by/4.0/legalcode"><citetitle>Creative Commons Attribution (CC-BY) 4.0 License</citetitle></ulink>.</para>
      </intellectualRights>
      <maintenance>
          <description>
              <para></para>
          </description>
          <maintenanceUpdateFrequency>unkown</maintenanceUpdateFrequency>
      </maintenance>
      <contact>
    <individualName>
<givenName>Yukimasa</givenName>          <surName>Nashiki</surName>
    </individualName>
<organizationName>Komatsu City Museum</organizationName><positionName>Curator</positionName>    <address>
<country>JAPAN</country>    </address>
<electronicMailAddress>nashiki@city.komatsu.lg.jp</electronicMailAddress><onlineUrl>http://www.kcm.gr.jp/hakubutsukan/</onlineUrl>      </contact>

</dataset>

<additionalMetadata>
    <metadata>
      <gbif>
        <dateStamp>2021-08-02T09:09:40Z</dateStamp>
      <citation>Nashiki Y (2020). Plant specimens of Komatsu City Museum. Version 1.2. National Museum of Nature and Science, Japan. Occurrence dataset https://doi.org/10.15468/xrjeh0 accessed via GBIF.org on 2021-08-02.</citation>
      </gbif>
    </metadata>
</additionalMetadata>

</eml:eml>
