<?xml version="1.0" encoding="utf-8"?>
<eml:eml xmlns:eml="eml://ecoinformatics.org/eml-2.1.1" xmlns:xsi="http://www.w3.org/2001/XMLSchema-instance"
         xsi:schemaLocation="eml://ecoinformatics.org/eml-2.1.1 http://rs.gbif.org/schema/eml-gbif-profile/1.1/eml.xsd"
        packageId="8047c58c-c53a-4c05-b1a0-6d36f7dd1886"  system="http://gbif.org" scope="system"
  xml:lang="en">

<dataset>
      <alternateIdentifier>10.15468/jzjzee</alternateIdentifier>
    <title>An updated checklist of aquatic plants of Myanmar and Thailand</title>
    <creator>
    <individualName>
<givenName>Yu</givenName>          <surName>Ito</surName>
    </individualName>
<organizationName>University of Canterbury</organizationName><positionName>Dr</positionName>    <address>
<city>Christchurch</city><country>NEW_ZEALAND</country>    </address>
<electronicMailAddress>yu.ito@canterbury.ac.nz</electronicMailAddress>    </creator>
    <metadataProvider>
    <individualName>
<givenName>Yu</givenName>          <surName>Ito</surName>
    </individualName>
<organizationName>University of Canterbury</organizationName><positionName>Dr</positionName>    <address>
<city>Christchurch</city><country>NEW_ZEALAND</country>    </address>
<electronicMailAddress>yu.ito@canterbury.ac.nz</electronicMailAddress>    </metadataProvider>
      <pubDate>
      2014-04-28
      </pubDate>
    <language>ENGLISH</language>
    <abstract>
        <para>The flora of Tropical Asia is among the richest in the world, yet the actual diversity is estimated to be much higher than previously reported. Myanmar and Thailand are adjacent countries that together occupy more than  the  half the area of continental Tropical Asia. This geographic area is diverse ecologically, ranging from cool-temperate to tropical climates, and includes from coast, rainforests and high mountain elevations. An updated checklist of aquatic plants, which includes 78 species in 44 genera from 24 families, are presented based on floristic works. This  number includes seven species, that have never been listed in the previous floras and checklists. The species (excluding non-indigenous taxa) were categorized by five geographic groups with the exception of  to reflect the rich diversity of the countries&amp;#39; floras.</para>
    </abstract>
      <intellectualRights>
        <para>This work is licensed under a <ulink url="http://creativecommons.org/licenses/by/4.0/legalcode"><citetitle>Creative Commons Attribution (CC-BY) 4.0 License</citetitle></ulink>.</para>
      </intellectualRights>
      <contact>
    <individualName>
<givenName>Yu</givenName>          <surName>Ito</surName>
    </individualName>
<organizationName>University of Canterbury</organizationName><positionName>Dr</positionName>    <address>
<city>Christchurch</city><country>NEW_ZEALAND</country>    </address>
<electronicMailAddress>yu.ito@canterbury.ac.nz</electronicMailAddress>      </contact>

</dataset>

<additionalMetadata>
    <metadata>
      <gbif>
        <dateStamp>2021-08-02T09:09:39Z</dateStamp>
      <citation identifier="Citation Identifier">Ito Y (2014). An updated checklist of aquatic plants of Myanmar and Thailand. Biodiversity Data Journal. Checklist dataset https://doi.org/10.15468/jzjzee accessed via GBIF.org on 2021-08-02.</citation>
      </gbif>
    </metadata>
</additionalMetadata>

</eml:eml>
