<?xml version="1.0" encoding="utf-8"?>
<eml:eml xmlns:eml="eml://ecoinformatics.org/eml-2.1.1" xmlns:xsi="http://www.w3.org/2001/XMLSchema-instance"
         xsi:schemaLocation="eml://ecoinformatics.org/eml-2.1.1 http://rs.gbif.org/schema/eml-gbif-profile/1.1/eml.xsd"
        packageId="80dbdd92-f762-11e1-a439-00145eb45e9a"  system="http://gbif.org" scope="system"
  xml:lang="en">

<dataset>
      <alternateIdentifier>10.15468/fmcrv5</alternateIdentifier>
        <alternateIdentifier>http://science-net.kahaku.go.jp/ipt2/resource?r=snet-1053-101</alternateIdentifier>
        <alternateIdentifier>http://gbif.science-net.kahaku.go.jp:8081/ipt2/resource?r=snet-1053-101</alternateIdentifier>
        <alternateIdentifier>80dbdd92-f762-11e1-a439-00145eb45e9a</alternateIdentifier>
        <alternateIdentifier>13415</alternateIdentifier>
    <title>Plant specimens of Oiso Municipal Museum</title>
    <creator>
<organizationName>Oiso Municipal Museum</organizationName>    <address>
<country>JAPAN</country>    </address>
    </creator>
    <metadataProvider>
    <individualName>
<givenName>Keiichi</givenName>          <surName>Kitamizu</surName>
    </individualName>
<organizationName>Oiso Municipal Museum</organizationName><positionName>Curator</positionName>    <address>
<country>JAPAN</country>    </address>
<electronicMailAddress>kyodo-han2@town.oiso.kanagawa.jp</electronicMailAddress>    </metadataProvider>
      <pubDate>
      2020-03-06
      </pubDate>
    <language>ENGLISH</language>
    <abstract>
        <para>Plant Specimens deposited at Oiso Municipal Museum</para>
    </abstract>
        <keywordSet>
              <keyword>Occurrence</keyword>
              <keywordThesaurus>GBIF Dataset Type Vocabulary: http://rs.gbif.org/vocabulary/gbif/dataset_type.xml</keywordThesaurus>
        </keywordSet>
      <intellectualRights>
        <para>This work is licensed under a <ulink url="http://creativecommons.org/licenses/by/4.0/legalcode"><citetitle>Creative Commons Attribution (CC-BY) 4.0 License</citetitle></ulink>.</para>
      </intellectualRights>
      <distribution scope="document">
          <online>
              <url function="information">http://scn-net.easymyweb.jp/member/oisomuseum/</url>
          </online>
      </distribution>
      <maintenance>
          <description>
              <para></para>
          </description>
          <maintenanceUpdateFrequency>unkown</maintenanceUpdateFrequency>
      </maintenance>
      <contact>
    <individualName>
<givenName>Keiichi</givenName>          <surName>Kitamizu</surName>
    </individualName>
<organizationName>Oiso Municipal Museum</organizationName><positionName>Curator</positionName>    <address>
<country>JAPAN</country>    </address>
<electronicMailAddress>kyodo-han2@town.oiso.kanagawa.jp</electronicMailAddress><onlineUrl>http://www.town.oiso.kanagawa.jp/oisomuseum/index.html</onlineUrl>      </contact>

</dataset>

<additionalMetadata>
    <metadata>
      <gbif>
        <dateStamp>2021-08-02T09:09:37Z</dateStamp>
      <citation>National Museum of Nature and Science, Japan (2020). Plant specimens of Oiso Municipal Museum. Occurrence dataset https://doi.org/10.15468/fmcrv5 accessed via GBIF.org on 2021-08-02.</citation>
      </gbif>
    </metadata>
</additionalMetadata>

</eml:eml>
