<?xml version="1.0" encoding="utf-8"?>
<eml:eml xmlns:eml="eml://ecoinformatics.org/eml-2.1.1" xmlns:xsi="http://www.w3.org/2001/XMLSchema-instance"
         xsi:schemaLocation="eml://ecoinformatics.org/eml-2.1.1 http://rs.gbif.org/schema/eml-gbif-profile/1.1/eml.xsd"
        packageId="81031dbc-47f2-470d-9efa-e809b8310d62"  system="http://gbif.org" scope="system"
  xml:lang="en">

<dataset>
      <alternateIdentifier>10.15468/acd0rn</alternateIdentifier>
        <alternateIdentifier>https://www.gbif.jp/ipt/resource?r=hyo-vp</alternateIdentifier>
        <alternateIdentifier>http://www.gbif.jp/ipt/resource.do?r=hyo-vp</alternateIdentifier>
        <alternateIdentifier>81031dbc-47f2-470d-9efa-e809b8310d62</alternateIdentifier>
        <alternateIdentifier>14651</alternateIdentifier>
    <title>Herbarium Specimens of Museum of Nature and Human Activities, Hyogo Pref., Japan</title>
    <creator>
    <individualName>
<givenName>Atsuko</givenName>          <surName>Takano</surName>
    </individualName>
<organizationName>Museum of Nature and Human Activities, Hyogo Pref.</organizationName><positionName>Senior Researcher</positionName>    <address>
<country>JAPAN</country>    </address>
<electronicMailAddress>root@hitohaku.jp</electronicMailAddress><onlineUrl>https://www.hitohaku.jp/sp/en/</onlineUrl>    </creator>
    <metadataProvider>
    <individualName>
<givenName>Atsuko</givenName>          <surName>Takano</surName>
    </individualName>
<organizationName>Museum of Nature and Human Activities, Hyogo Pref.</organizationName><positionName>Senior Researcher</positionName>    <address>
<country>JAPAN</country>    </address>
<electronicMailAddress>root@hitohaku.jp</electronicMailAddress><onlineUrl>https://www.hitohaku.jp/sp/en/</onlineUrl>    </metadataProvider>
    <associatedParty>
    <individualName>
<givenName>Atsuko</givenName>          <surName>Takano</surName>
    </individualName>
<organizationName>Museum of Nature and Human Activities, Hyogo Pref.</organizationName><positionName>Senior Researcher</positionName>    <address>
<country>JAPAN</country>    </address>
<electronicMailAddress>root@hitohaku.jp</electronicMailAddress><onlineUrl>https://www.hitohaku.jp/sp/en/</onlineUrl>    <role>USER</role>
    </associatedParty>
      <pubDate>
      2021-02-18
      </pubDate>
    <language>ENGLISH</language>
    <abstract>
        <para>Plant Specimens deposited in Museum of Nature and Human Activities, Hyogo Pref., Japan.</para>
    </abstract>
        <keywordSet>
              <keyword>Angiosperms</keyword>
              <keyword>Pteridphytes</keyword>
              <keyword>Gymnosperms</keyword>
              <keywordThesaurus>n/a</keywordThesaurus>
        </keywordSet>
        <keywordSet>
              <keyword>Occurrence</keyword>
              <keywordThesaurus>GBIF Dataset Type Vocabulary: http://rs.gbif.org/vocabulary/gbif/dataset_type.xml</keywordThesaurus>
        </keywordSet>
        <keywordSet>
              <keyword>Specimen</keyword>
              <keywordThesaurus>GBIF Dataset Subtype Vocabulary: http://rs.gbif.org/vocabulary/gbif/dataset_subtype.xml</keywordThesaurus>
        </keywordSet>
        <keywordSet>
              <keyword>Occurrence</keyword>
              <keywordThesaurus>GBIF Dataset Type Vocabulary: http://rs.gbif.org/vocabulary/gbif/dataset_type_2015-07-10.xml</keywordThesaurus>
        </keywordSet>
      <intellectualRights>
        <para>This work is licensed under a <ulink url="http://creativecommons.org/licenses/by-nc/4.0/legalcode"><citetitle>Creative Commons Attribution Non Commercial (CC-BY-NC) 4.0 License</citetitle></ulink>.</para>
      </intellectualRights>
      <maintenance>
          <description>
              <para></para>
          </description>
          <maintenanceUpdateFrequency>unkown</maintenanceUpdateFrequency>
      </maintenance>
      <contact>
    <individualName>
<givenName>Atsuko</givenName>          <surName>Takano</surName>
    </individualName>
<organizationName>Museum of Nature and Human Activities, Hyogo Pref.</organizationName><positionName>Senior Researcher</positionName>    <address>
<country>JAPAN</country>    </address>
<electronicMailAddress>root@hitohaku.jp</electronicMailAddress><onlineUrl>https://www.hitohaku.jp/sp/en/</onlineUrl>      </contact>

</dataset>

<additionalMetadata>
    <metadata>
      <gbif>
        <dateStamp>2021-08-02T09:09:40Z</dateStamp>
      <citation>Takano A (2021). Herbarium Specimens of Museum of Nature and Human Activities, Hyogo Pref., Japan. Version 7.3. National Institute of Genetics, ROIS. Occurrence dataset https://doi.org/10.15468/acd0rn accessed via GBIF.org on 2021-08-02.</citation>
      </gbif>
    </metadata>
</additionalMetadata>

</eml:eml>
