<?xml version="1.0" encoding="utf-8"?>
<eml:eml xmlns:eml="eml://ecoinformatics.org/eml-2.1.1" xmlns:xsi="http://www.w3.org/2001/XMLSchema-instance"
         xsi:schemaLocation="eml://ecoinformatics.org/eml-2.1.1 http://rs.gbif.org/schema/eml-gbif-profile/1.1/eml.xsd"
        packageId="811e481c-f762-11e1-a439-00145eb45e9a"  system="http://gbif.org" scope="system"
  xml:lang="en">

<dataset>
      <alternateIdentifier>10.15468/4torzs</alternateIdentifier>
        <alternateIdentifier>http://science-net.kahaku.go.jp/ipt2/resource?r=snet-1086-101</alternateIdentifier>
        <alternateIdentifier>http://gbif.science-net.kahaku.go.jp:8081/ipt2/resource?r=snet-1086-101</alternateIdentifier>
        <alternateIdentifier>811e481c-f762-11e1-a439-00145eb45e9a</alternateIdentifier>
        <alternateIdentifier>13487</alternateIdentifier>
    <title>Spermatophyta collection of Museum of Natural and Environmental History, Shizuoka</title>
    <creator>
    <individualName>
<givenName>Toshio</givenName>          <surName>Kishimoto</surName>
    </individualName>
<organizationName>Museum of Natural and Environmental History, Shizuoka</organizationName><positionName>Curatorial Devision, Associate Professor</positionName>    <address>
<country>JAPAN</country>    </address>
<electronicMailAddress>toshio1_kishimoto@pref.shizuoka.lg.jp</electronicMailAddress>    </creator>
    <metadataProvider>
    <individualName>
<givenName>Koji</givenName>          <surName>Takayama</surName>
    </individualName>
<organizationName>Museum of Natural and Environmental History, Shizuoka</organizationName><positionName>Curatorial Devision, Associate Professor</positionName>    <address>
<country>JAPAN</country>    </address>
<electronicMailAddress>koji1_takayama@pref.shizuoka.lg.jp</electronicMailAddress>    </metadataProvider>
      <pubDate>
      2020-03-06
      </pubDate>
    <language>ENGLISH</language>
    <abstract>
        <para>Spermatophyta specimens deposited in Museum of Natural and Environmental History, Shizuoka</para>
    </abstract>
        <keywordSet>
              <keyword>Occurrence</keyword>
              <keywordThesaurus>GBIF Dataset Type Vocabulary: http://rs.gbif.org/vocabulary/gbif/dataset_type.xml</keywordThesaurus>
        </keywordSet>
      <intellectualRights>
        <para>This work is licensed under a <ulink url="http://creativecommons.org/licenses/by/4.0/legalcode"><citetitle>Creative Commons Attribution (CC-BY) 4.0 License</citetitle></ulink>.</para>
      </intellectualRights>
      <maintenance>
          <description>
              <para></para>
          </description>
          <maintenanceUpdateFrequency>unkown</maintenanceUpdateFrequency>
      </maintenance>
      <contact>
    <individualName>
<givenName>Koji</givenName>          <surName>Takayama</surName>
    </individualName>
<organizationName>Museum of Natural and Environmental History, Shizuoka</organizationName><positionName>Curatorial Devision, Associate Professor</positionName>    <address>
<country>JAPAN</country>    </address>
<electronicMailAddress>koji1_takayama@pref.shizuoka.lg.jp</electronicMailAddress><onlineUrl>https://www.fujimu100.jp/en/</onlineUrl>      </contact>

</dataset>

<additionalMetadata>
    <metadata>
      <gbif>
        <dateStamp>2021-08-02T09:09:37Z</dateStamp>
      <citation>Kishimoto T, Takayama K (2020). Spermatophyta collection of Museum of Natural and Environmental History, Shizuoka. National Museum of Nature and Science, Japan. Occurrence dataset https://doi.org/10.15468/4torzs accessed via GBIF.org on 2021-08-02.</citation>
      </gbif>
    </metadata>
</additionalMetadata>

</eml:eml>
