<?xml version="1.0" encoding="utf-8"?>
<eml:eml xmlns:eml="eml://ecoinformatics.org/eml-2.1.1" xmlns:xsi="http://www.w3.org/2001/XMLSchema-instance"
         xsi:schemaLocation="eml://ecoinformatics.org/eml-2.1.1 http://rs.gbif.org/schema/eml-gbif-profile/1.1/eml.xsd"
        packageId="848f7570-f762-11e1-a439-00145eb45e9a"  system="http://gbif.org" scope="system"
  xml:lang="en">

<dataset>
      <alternateIdentifier>10.15468/6rld6e</alternateIdentifier>
        <alternateIdentifier>http://science-net.kahaku.go.jp/ipt2/resource?r=snet-1030-206</alternateIdentifier>
        <alternateIdentifier>848f7570-f762-11e1-a439-00145eb45e9a</alternateIdentifier>
        <alternateIdentifier>596</alternateIdentifier>
    <title>Vascular plant specimens of National Museum of Nature and Science (TNS)</title>
    <creator>
    <individualName>
<givenName>Atsushi</givenName>          <surName>Ebihara</surName>
    </individualName>
<organizationName>National Museum of Nature and Science</organizationName><positionName>Senior Curator</positionName>    <address>
<country>JAPAN</country>    </address>
<electronicMailAddress>ebihara@kahaku.go.jp</electronicMailAddress>    </creator>
    <metadataProvider>
    <individualName>
<givenName>Atsushi</givenName>          <surName>Ebihara</surName>
    </individualName>
<organizationName>National Museum of Nature and Science</organizationName><positionName>Senior Curator</positionName>    <address>
<country>JAPAN</country>    </address>
<electronicMailAddress>ebihara@kahaku.go.jp</electronicMailAddress>    </metadataProvider>
      <pubDate>
      2021-07-19
      </pubDate>
    <language>ENGLISH</language>
    <abstract>
        <para>Vascular plant specimens deposited at the Department of Botany, National Museum of Nature and Science (TNS).</para>
    </abstract>
        <keywordSet>
              <keyword>Occurrence</keyword>
              <keywordThesaurus>GBIF Dataset Type Vocabulary: http://rs.gbif.org/vocabulary/gbif/dataset_type.xml</keywordThesaurus>
        </keywordSet>
        <keywordSet>
              <keyword>Occurrence</keyword>
              <keywordThesaurus>GBIF Dataset Type Vocabulary: http://rs.gbif.org/vocabulary/gbif/dataset_type_2015-07-10.xml</keywordThesaurus>
        </keywordSet>
      <intellectualRights>
        <para>This work is licensed under a <ulink url="http://creativecommons.org/licenses/by/4.0/legalcode"><citetitle>Creative Commons Attribution (CC-BY) 4.0 License</citetitle></ulink>.</para>
      </intellectualRights>
      <distribution scope="document">
          <online>
              <url function="information">http://db.kahaku.go.jp/webmuseum_en/</url>
          </online>
      </distribution>
      <maintenance>
          <description>
              <para></para>
          </description>
          <maintenanceUpdateFrequency>unkown</maintenanceUpdateFrequency>
      </maintenance>
      <contact>
    <individualName>
<givenName>Atsushi</givenName>          <surName>Ebihara</surName>
    </individualName>
<organizationName>National Museum of Nature and Science</organizationName><positionName>Senior Curator</positionName>    <address>
<country>JAPAN</country>    </address>
<electronicMailAddress>ebihara@kahaku.go.jp</electronicMailAddress><onlineUrl>http://www.kahaku.go.jp/english/</onlineUrl>      </contact>

</dataset>

<additionalMetadata>
    <metadata>
      <gbif>
        <dateStamp>2021-08-02T09:09:40Z</dateStamp>
      <citation>Ebihara A (2021). Vascular plant specimens of National Museum of Nature and Science (TNS). National Museum of Nature and Science, Japan. Occurrence dataset https://doi.org/10.15468/6rld6e accessed via GBIF.org on 2021-08-02.</citation>
      </gbif>
    </metadata>
</additionalMetadata>

</eml:eml>
