<?xml version="1.0" encoding="utf-8"?>
<eml:eml xmlns:eml="eml://ecoinformatics.org/eml-2.1.1" xmlns:xsi="http://www.w3.org/2001/XMLSchema-instance"
         xsi:schemaLocation="eml://ecoinformatics.org/eml-2.1.1 http://rs.gbif.org/schema/eml-gbif-profile/1.1/eml.xsd"
        packageId="84941b7a-f762-11e1-a439-00145eb45e9a"  system="http://gbif.org" scope="system"
  xml:lang="en">

<dataset>
      <alternateIdentifier>10.15468/f2r5wy</alternateIdentifier>
        <alternateIdentifier>http://science-net.kahaku.go.jp/ipt2/resource?r=snet-1121-101</alternateIdentifier>
        <alternateIdentifier>http://gbif.science-net.kahaku.go.jp:8081/ipt2/resource?r=snet-1121-101</alternateIdentifier>
        <alternateIdentifier>84941b7a-f762-11e1-a439-00145eb45e9a</alternateIdentifier>
        <alternateIdentifier>600</alternateIdentifier>
    <title>Herbarium Specimens of Tokushima Prefectural Museum, Japan</title>
    <creator>
    <individualName>
<givenName>Makoto</givenName>          <surName>Ogawa</surName>
    </individualName>
<organizationName>Tokushima Prefectural Museum</organizationName><positionName>Curator</positionName>    <address>
<country>JAPAN</country>    </address>
<electronicMailAddress>ogawa-makoto-1@mt.tokushima-ec.ed.jp</electronicMailAddress>    </creator>
    <metadataProvider>
    <individualName>
<givenName>Kenji</givenName>          <surName>Ohara</surName>
    </individualName>
<organizationName>Tokushima Prefectural Museum</organizationName><positionName>Director</positionName>    <address>
<country>JAPAN</country>    </address>
<electronicMailAddress>museum@mt.tokushima-ec.ed.jp</electronicMailAddress>    </metadataProvider>
      <pubDate>
      2020-03-06
      </pubDate>
    <language>ENGLISH</language>
    <abstract>
        <para>Vascular prant specimens collected by Akasaka Yoshiyuki.</para>
    </abstract>
        <keywordSet>
              <keyword>Occurrence</keyword>
              <keywordThesaurus>GBIF Dataset Type Vocabulary: http://rs.gbif.org/vocabulary/gbif/dataset_type.xml</keywordThesaurus>
        </keywordSet>
      <intellectualRights>
        <para>This work is licensed under a <ulink url="http://creativecommons.org/licenses/by-nc/4.0/legalcode"><citetitle>Creative Commons Attribution Non Commercial (CC-BY-NC) 4.0 License</citetitle></ulink>.</para>
      </intellectualRights>
      <distribution scope="document">
          <online>
              <url function="information">http://www.museum.tokushima-ec.ed.jp/e_museum.htm</url>
          </online>
      </distribution>
      <maintenance>
          <description>
              <para></para>
          </description>
          <maintenanceUpdateFrequency>unkown</maintenanceUpdateFrequency>
      </maintenance>
      <contact>
    <individualName>
<givenName>Kenji</givenName>          <surName>Ohara</surName>
    </individualName>
<organizationName>Tokushima Prefectural Museum</organizationName><positionName>Director</positionName>    <address>
<country>JAPAN</country>    </address>
<electronicMailAddress>museum@mt.tokushima-ec.ed.jp</electronicMailAddress><onlineUrl>http://www.museum.tokushima-ec.ed.jp/e_museum.htm</onlineUrl>      </contact>

</dataset>

<additionalMetadata>
    <metadata>
      <gbif>
        <dateStamp>2021-08-02T09:09:40Z</dateStamp>
      <citation>Ogawa M, Ohara K (2020). Herbarium Specimens of Tokushima Prefectural Museum, Japan. National Museum of Nature and Science, Japan. Occurrence dataset https://doi.org/10.15468/f2r5wy accessed via GBIF.org on 2021-08-02.</citation>
      </gbif>
    </metadata>
</additionalMetadata>

</eml:eml>
