<?xml version="1.0" encoding="utf-8"?>
<eml:eml xmlns:eml="eml://ecoinformatics.org/eml-2.1.1" xmlns:xsi="http://www.w3.org/2001/XMLSchema-instance"
         xsi:schemaLocation="eml://ecoinformatics.org/eml-2.1.1 http://rs.gbif.org/schema/eml-gbif-profile/1.1/eml.xsd"
        packageId="85714c48-f762-11e1-a439-00145eb45e9a"  system="http://gbif.org" scope="system"
  xml:lang="en">

<dataset>
      <alternateIdentifier>10.15468/dlwwhz</alternateIdentifier>
        <alternateIdentifier>1095</alternateIdentifier>
    <title>Herbarium Berolinense, Berlin (B)</title>
    <associatedParty>
    <individualName>
          <surName>Botanic Garden and Botanical Museum Berlin</surName>
    </individualName>
    <address>
<deliveryPoint>Königin-Luise-Str. 6-8, 14195 Berlin, Germany</deliveryPoint>    </address>
<electronicMailAddress>biodiversitydata@bgbm.org</electronicMailAddress>    <role>TECHNICAL_POINT_OF_CONTACT</role>
    </associatedParty>
      <pubDate>
      2017-01-01
      </pubDate>
    <language>en</language>
    <abstract>
        <para>The herbarium of the Botanic Garden and Botanical Museum Berlin-Dahlem (herbarium acronym: B) is the largest in Germany and holds a collection of more than 3.5 million preserved specimens. All plant groups – flowering plants, ferns, mosses, liverworts, and algae, as well as fungi and lichens – are represented in the collections which are worldwide in scope. Associated with the general herbarium are special collections of dried fruits and seeds, wood samples, and specimens preserved in alcohol. The collections of the herbarium are growing constantly through field research conducted by staff, and through gifts, acquisitions, and exchanges of specimens from other herbaria</para>
    </abstract>
      <intellectualRights>
        <para>To the extent possible under law, the publisher has waived all rights to these data and has dedicated them to the <ulink url="http://creativecommons.org/publicdomain/zero/1.0/legalcode"><citetitle>Public Domain (CC0 1.0)</citetitle></ulink>. Users may copy, modify, distribute and use the work, including for commercial purposes, without restriction.</para>
      </intellectualRights>
      <contact>
    <individualName>
          <surName>Botanic Garden and Botanical Museum Berlin</surName>
    </individualName>
    <address>
<deliveryPoint>Königin-Luise-Str. 6-8, 14195 Berlin, Germany</deliveryPoint>    </address>
<electronicMailAddress>biodiversitydata@bgbm.org</electronicMailAddress>      </contact>

</dataset>

<additionalMetadata>
    <metadata>
      <gbif>
        <dateStamp>2021-08-02T09:09:37Z</dateStamp>
      <citation>Botanic Garden and Botanical Museum Berlin (2017). Herbarium Berolinense, Berlin (B). Occurrence dataset https://doi.org/10.15468/dlwwhz accessed via GBIF.org on 2021-08-02.</citation>
      </gbif>
    </metadata>
</additionalMetadata>

</eml:eml>
