<?xml version="1.0" encoding="utf-8"?>
<eml:eml xmlns:eml="eml://ecoinformatics.org/eml-2.1.1" xmlns:xsi="http://www.w3.org/2001/XMLSchema-instance"
         xsi:schemaLocation="eml://ecoinformatics.org/eml-2.1.1 http://rs.gbif.org/schema/eml-gbif-profile/1.1/eml.xsd"
        packageId="af7d2594-6d4e-47e9-9f30-b7ebb3110f7b"  system="http://gbif.org" scope="system"
  xml:lang="en">

<dataset>
      <alternateIdentifier>10.15468/k5j0ep</alternateIdentifier>
        <alternateIdentifier>http://www.gbifchina.org:8080/gbifcas/resource.do?r=lbg_data</alternateIdentifier>
        <alternateIdentifier>af7d2594-6d4e-47e9-9f30-b7ebb3110f7b</alternateIdentifier>
    <title>Plant Specimen from Herbarium (LBG) in China, Lushan Botanical Garden, Jiangxi and Chinese Academy of Sciences</title>
    <creator>
    <individualName>
<givenName>Yansong</givenName>          <surName>Peng</surName>
    </individualName>
<organizationName>Lushan Botanical Garden, Jiangxi and Chinese Academy of Sciences</organizationName><positionName>Director</positionName>    <address>
<deliveryPoint>Lushan Botanical Garden</deliveryPoint><city>Jiujiang</city><administrativeArea>Jiangxi</administrativeArea><postalCode>332900</postalCode><country>CHINA</country>    </address>
<phone>0792-8282223</phone><electronicMailAddress>yansongpen@sohu.com</electronicMailAddress><onlineUrl>http://www.lsbg.cn/LBG/index.htm</onlineUrl>    </creator>
    <metadataProvider>
    <individualName>
<givenName>Zheping</givenName>          <surName>xu</surName>
    </individualName>
<organizationName>Institute of Botany, Chinese Academy of Sciences</organizationName><positionName>Engineer</positionName>    <address>
<deliveryPoint>No. 20, Nanxincun, Xiangshan, Haidian District</deliveryPoint><city>Beijing</city><administrativeArea>Beijing</administrativeArea><postalCode>100093</postalCode><country>CHINA</country>    </address>
<phone>86-10-62836847</phone><electronicMailAddress>xuzp@ibcas.ac.cn</electronicMailAddress>    </metadataProvider>
    <associatedParty>
    <individualName>
<givenName>Zheping</givenName>          <surName>xu</surName>
    </individualName>
<organizationName>Institute of Botany, Chinese Academy of Sciences</organizationName><positionName>Engineer</positionName>    <address>
<deliveryPoint>No. 20, Nanxincun, Xiangshan, Haidian District</deliveryPoint><city>Beijing</city><administrativeArea>Beijing</administrativeArea><postalCode>100093</postalCode><country>CHINA</country>    </address>
<phone>86-10-62836847</phone><electronicMailAddress>xuzp@ibcas.ac.cn</electronicMailAddress>    <role>USER</role>
    </associatedParty>
      <pubDate>
      2019-09-19
      </pubDate>
    <language>ENGLISH</language>
    <abstract>
        <para>some Plant Specimen from Herbarium (LBG) from Lushan Botanical Garden, Jiangxi and Chinese Academy of Sciences</para>
    </abstract>
        <keywordSet>
              <keyword>Occurrence</keyword>
              <keywordThesaurus>GBIF Dataset Type Vocabulary: http://rs.gbif.org/vocabulary/gbif/dataset_type.xml</keywordThesaurus>
        </keywordSet>
        <keywordSet>
              <keyword>Specimen</keyword>
              <keywordThesaurus>GBIF Dataset Subtype Vocabulary: http://rs.gbif.org/vocabulary/gbif/dataset_subtype.xml</keywordThesaurus>
        </keywordSet>
      <intellectualRights>
        <para>This work is licensed under a <ulink url="http://creativecommons.org/licenses/by/4.0/legalcode"><citetitle>Creative Commons Attribution (CC-BY) 4.0 License</citetitle></ulink>.</para>
      </intellectualRights>
      <contact>
    <individualName>
<givenName>Yansong</givenName>          <surName>Peng</surName>
    </individualName>
<organizationName>Lushan Botanical Garden, Jiangxi and Chinese Academy of Sciences</organizationName><positionName>Director</positionName>    <address>
<deliveryPoint>Lushan Botanical Garden</deliveryPoint><city>Jiujiang</city><administrativeArea>Jiangxi</administrativeArea><postalCode>332900</postalCode><country>CHINA</country>    </address>
<phone>0792-8282223</phone><electronicMailAddress>yansongpen@sohu.com</electronicMailAddress><onlineUrl>http://www.lsbg.cn/LBG/index.htm</onlineUrl>      </contact>

</dataset>

<additionalMetadata>
    <metadata>
      <gbif>
        <dateStamp>2021-08-02T09:09:39Z</dateStamp>
      <citation>Peng Y, xu Z (2019). Plant Specimen from Herbarium (LBG) in China, Lushan Botanical Garden, Jiangxi and Chinese Academy of Sciences. Chinese Academy of Sciences (CAS). Occurrence dataset https://doi.org/10.15468/k5j0ep accessed via GBIF.org on 2021-08-02.</citation>
              <resourceLogoUrl>http://www.gbifchina.org:8080/gbifcas/logo.do?r=lbg_data</resourceLogoUrl>
      </gbif>
    </metadata>
</additionalMetadata>

</eml:eml>
