<?xml version="1.0" encoding="utf-8"?>
<eml:eml xmlns:eml="eml://ecoinformatics.org/eml-2.1.1" xmlns:xsi="http://www.w3.org/2001/XMLSchema-instance"
         xsi:schemaLocation="eml://ecoinformatics.org/eml-2.1.1 http://rs.gbif.org/schema/eml-gbif-profile/1.1/eml.xsd"
        packageId="b54a3b16-b648-41ab-bd6f-d3881895daac"  system="http://gbif.org" scope="system"
  xml:lang="en">

<dataset>
      <alternateIdentifier>10.15468/dk5gko</alternateIdentifier>
        <alternateIdentifier>b54a3b16-b648-41ab-bd6f-d3881895daac</alternateIdentifier>
        <alternateIdentifier>http://www.gbifchina.org:8080/gbifcas/resource.do?r=ibk_data</alternateIdentifier>
    <title>Plant Specimen from Herbarium (IBK) in China, Guangxi Institute of Botany, Chinese Academy of Sciences</title>
    <creator>
    <individualName>
<givenName>Yan</givenName>          <surName>Liu</surName>
    </individualName>
<organizationName>Guangxi Institute of Botany, Chinese Academy of Sciences</organizationName><positionName>Director</positionName>    <address>
<deliveryPoint>Yanshan</deliveryPoint><city>Guilin</city><administrativeArea>Guangxi</administrativeArea><postalCode>541006</postalCode><country>CHINA</country>    </address>
<phone>0773-3550090</phone><electronicMailAddress>gxibly@163.com</electronicMailAddress><onlineUrl>http://www.gxib.cn/content/?369.html</onlineUrl>    </creator>
    <metadataProvider>
    <individualName>
<givenName>Zheping</givenName>          <surName>xu</surName>
    </individualName>
<organizationName>Institute of Botany, Chinese Academy of Sciences</organizationName><positionName>Engineer</positionName>    <address>
<deliveryPoint>No. 20, Nanxincun, Xiangshan, Haidian District</deliveryPoint><city>Beijing</city><administrativeArea>Beijing</administrativeArea><postalCode>100093</postalCode>    </address>
<phone>86-10-62836847</phone><electronicMailAddress>xuzp@ibcas.ac.cn</electronicMailAddress>    </metadataProvider>
      <pubDate>
      2019-09-19
      </pubDate>
    <language>ENGLISH</language>
    <abstract>
        <para>some Plant Specimen in  China from IBK Herbarium</para>
    </abstract>
        <keywordSet>
              <keyword>Occurrence</keyword>
              <keywordThesaurus>GBIF Dataset Type Vocabulary: http://rs.gbif.org/vocabulary/gbif/dataset_type.xml</keywordThesaurus>
        </keywordSet>
        <keywordSet>
              <keyword>Specimen</keyword>
              <keywordThesaurus>GBIF Dataset Subtype Vocabulary: http://rs.gbif.org/vocabulary/gbif/dataset_subtype.xml</keywordThesaurus>
        </keywordSet>
      <intellectualRights>
        <para>This work is licensed under a <ulink url="http://creativecommons.org/licenses/by/4.0/legalcode"><citetitle>Creative Commons Attribution (CC-BY) 4.0 License</citetitle></ulink>.</para>
      </intellectualRights>
      <contact>
    <individualName>
<givenName>Yan</givenName>          <surName>Liu</surName>
    </individualName>
<organizationName>Guangxi Institute of Botany, Chinese Academy of Sciences</organizationName><positionName>Director</positionName>    <address>
<deliveryPoint>Yanshan</deliveryPoint><city>Guilin</city><administrativeArea>Guangxi</administrativeArea><postalCode>541006</postalCode><country>CHINA</country>    </address>
<phone>0773-3550090</phone><electronicMailAddress>gxibly@163.com</electronicMailAddress>      </contact>

</dataset>

<additionalMetadata>
    <metadata>
      <gbif>
        <dateStamp>2021-08-02T09:09:39Z</dateStamp>
      <citation>Liu Y, xu Z (2019). Plant Specimen from Herbarium (IBK) in China, Guangxi Institute of Botany, Chinese Academy of Sciences. Chinese Academy of Sciences (CAS). Occurrence dataset https://doi.org/10.15468/dk5gko accessed via GBIF.org on 2021-08-02.</citation>
              <resourceLogoUrl>http://www.gbifchina.org:8080/gbifcas/logo.do?r=ibk_data</resourceLogoUrl>
      </gbif>
    </metadata>
</additionalMetadata>

</eml:eml>
