<?xml version="1.0" encoding="utf-8"?>
<eml:eml xmlns:eml="eml://ecoinformatics.org/eml-2.1.1" xmlns:xsi="http://www.w3.org/2001/XMLSchema-instance"
         xsi:schemaLocation="eml://ecoinformatics.org/eml-2.1.1 http://rs.gbif.org/schema/eml-gbif-profile/1.1/eml.xsd"
        packageId="dc692432-d85c-46cc-82bc-2fb1ff38decc"  system="http://gbif.org" scope="system"
  xml:lang="en">

<dataset>
      <alternateIdentifier>10.15468/6docrj</alternateIdentifier>
        <alternateIdentifier>dc692432-d85c-46cc-82bc-2fb1ff38decc</alternateIdentifier>
        <alternateIdentifier>http://science-net.kahaku.go.jp/ipt2/resource?r=snet-1182-101</alternateIdentifier>
    <title>Herbarium of Shinshu University</title>
    <creator>
    <individualName>
<givenName>Koji</givenName>          <surName>Tojo</surName>
    </individualName>
<organizationName>Shinshu University</organizationName><positionName>Curator/Professor, Faculty of Science, Shinshu University</positionName>    <address>
<country>JAPAN</country>    </address>
<electronicMailAddress>ktojo@shinshu-u.ac.jp</electronicMailAddress>    </creator>
    <metadataProvider>
    <individualName>
<givenName>Koji</givenName>          <surName>Tojo</surName>
    </individualName>
<organizationName>Shinshu University</organizationName><positionName>Curator/Professor, Faculty of Science, Shinshu University</positionName>    <address>
<country>JAPAN</country>    </address>
<electronicMailAddress>ktojo@shinshu-u.ac.jp</electronicMailAddress>    </metadataProvider>
      <pubDate>
      2021-07-19
      </pubDate>
    <language>ENGLISH</language>
    <abstract>
        <para>Plants Collection of the Shinshu University Museum</para>
    </abstract>
        <keywordSet>
              <keyword>Occurrence</keyword>
              <keywordThesaurus>GBIF Dataset Type Vocabulary: http://rs.gbif.org/vocabulary/gbif/dataset_type.xml</keywordThesaurus>
        </keywordSet>
        <keywordSet>
              <keyword>Occurrence</keyword>
              <keywordThesaurus>GBIF Dataset Type Vocabulary: http://rs.gbif.org/vocabulary/gbif/dataset_type_2015-07-10.xml</keywordThesaurus>
        </keywordSet>
      <intellectualRights>
        <para>This work is licensed under a <ulink url="http://creativecommons.org/licenses/by/4.0/legalcode"><citetitle>Creative Commons Attribution (CC-BY) 4.0 License</citetitle></ulink>.</para>
      </intellectualRights>
      <maintenance>
          <description>
              <para></para>
          </description>
          <maintenanceUpdateFrequency>unkown</maintenanceUpdateFrequency>
      </maintenance>
      <contact>
    <individualName>
<givenName>Koji</givenName>          <surName>Tojo</surName>
    </individualName>
<organizationName>Shinshu University</organizationName><positionName>Curator/Professor, Faculty of Science, Shinshu University</positionName>    <address>
<country>JAPAN</country>    </address>
<electronicMailAddress>ktojo@shinshu-u.ac.jp</electronicMailAddress><onlineUrl>https://www.shinshu-u.ac.jp/institution/museum/</onlineUrl>      </contact>

</dataset>

<additionalMetadata>
    <metadata>
      <gbif>
        <dateStamp>2021-08-02T09:09:39Z</dateStamp>
      <citation>Tojo K (2021). Herbarium of Shinshu University. Version 1.3. National Museum of Nature and Science, Japan. Occurrence dataset https://doi.org/10.15468/6docrj accessed via GBIF.org on 2021-08-02.</citation>
      </gbif>
    </metadata>
</additionalMetadata>

</eml:eml>
