<?xml version="1.0" encoding="utf-8"?>
<eml:eml xmlns:eml="eml://ecoinformatics.org/eml-2.1.1" xmlns:xsi="http://www.w3.org/2001/XMLSchema-instance"
         xsi:schemaLocation="eml://ecoinformatics.org/eml-2.1.1 http://rs.gbif.org/schema/eml-gbif-profile/1.1/eml.xsd"
        packageId="f5de707d-eba1-4f1a-b1df-1a7fa27b1bc7"  system="http://gbif.org" scope="system"
  xml:lang="es">

<dataset>
      <alternateIdentifier>10.15468/vtfbe3</alternateIdentifier>
        <alternateIdentifier>13398</alternateIdentifier>
    <title>Instituto de Botánica Darwinion</title>
    <language>ENGLISH</language>
    <abstract>
        <para>Instituto de Botánica Darwinion - Academia Nacional de Ciencias Exactas, Físicas y Naturales - CONICET</para>
    </abstract>
      <intellectualRights>
        <para>This work is licensed under a <ulink url="http://creativecommons.org/licenses/by/4.0/legalcode"><citetitle>Creative Commons Attribution (CC-BY) 4.0 License</citetitle></ulink>.</para>
      </intellectualRights>
      <distribution scope="document">
          <online>
              <url function="information">http://192.168.1.8/tapirlink/tapir.php/IBODA</url>
          </online>
      </distribution>
      <maintenance>
          <description>
              <para></para>
          </description>
          <maintenanceUpdateFrequency>unkown</maintenanceUpdateFrequency>
      </maintenance>
      <contact>
    <individualName>
          <surName>Fernando Zuloaga</surName>
    </individualName>
<positionName>[data administrator]</positionName><phone>54-011-4743-4800</phone><electronicMailAddress>fzuloaga@darwin.edu.ar</electronicMailAddress>      </contact>
      <contact>
    <individualName>
          <surName>Ana Lorenzo</surName>
    </individualName>
<positionName>[system administrator]</positionName><phone>4743-4800</phone><electronicMailAddress>alorenzo@darwin.edu.ar</electronicMailAddress>      </contact>

</dataset>

<additionalMetadata>
    <metadata>
      <gbif>
        <dateStamp>2021-08-02T09:09:38Z</dateStamp>
      <citation>Instituto de Botánica Darwinion - CONICET. Instituto de Botánica Darwinion. Version 1.0. Occurrence dataset https://doi.org/10.15468/vtfbe3 accessed via GBIF.org on 2021-08-02.</citation>
              <physical>
                  <objectName>GBIF Occurrence Download</objectName>
                  <characterEncoding>UTF-8</characterEncoding>
                  <dataFormat>
                      <externallyDefinedFormat>
                          <formatName>Darwin Core Archive</formatName>
                      </externallyDefinedFormat>
                  </dataFormat>
                  <distribution>
                      <online>
                          <url function="download">http://api.gbif.org/v1/occurrence/download/request/0012237-180131172636756.zip</url>
                      </online>
                  </distribution>
              </physical>
      </gbif>
    </metadata>
</additionalMetadata>

</eml:eml>
