<?xml version="1.0" encoding="utf-8"?>
<eml:eml xmlns:eml="eml://ecoinformatics.org/eml-2.1.1" xmlns:xsi="http://www.w3.org/2001/XMLSchema-instance"
         xsi:schemaLocation="eml://ecoinformatics.org/eml-2.1.1 http://rs.gbif.org/schema/eml-gbif-profile/1.1/eml.xsd"
        packageId="10.15468/dl.wfjquc"  system="http://gbif.org" scope="system"
  xml:lang="en">

<dataset>
        <alternateIdentifier>0319331-200613084148143</alternateIdentifier>
    <title>GBIF Occurrence Download 10.15468/dl.wfjquc</title>
    <creator>
    <individualName>
          <surName>GBIF Download Service</surName>
    </individualName>
<electronicMailAddress>support@gbif.org</electronicMailAddress>    </creator>
    <metadataProvider>
    <individualName>
          <surName>GBIF Download Service</surName>
    </individualName>
<electronicMailAddress>support@gbif.org</electronicMailAddress>    </metadataProvider>
      <pubDate>
      2021-07-08
      </pubDate>
    <language>ENGLISH</language>
    <abstract>
        <para>A dataset containing all occurrences available in GBIF matching the query:
{
  &quot;and&quot; : [
    &quot;TaxonKey is one of (Marisa cornuarietis (Linnaeus, 1758))&quot;,
    &quot;HasCoordinate is true&quot;
  ]
}
The dataset includes records from the following constituent datasets. The full metadata for each constituent is also included in this archive:
1 records from NMNH Extant Specimen Records
1 records from LACM Malacology
1 records from BMSM Bailey-Matthews National Shell Museum
1 records from Données naturalistes de DELANNOYE Régis
2 records from RBINS DaRWIN
2 records from Royal Belgian Institute of Natural Sciences Mollusc collection
2 records from Colección de Invertebrados del Instituto de Investigación de Recursos Biológicos Alexander von Humboldt (IAvH-I)
2 records from Biodiversitätsdatenbank Salzburg
2 records from Naturalis Biodiversity Center (NL) - Mollusca
2 records from DMNS Marine Invertebrate Collection (Arctos)
2 records from Coleção Zoológica de Referência da Universidade Federal de Mato Grosso do Sul - Mollusca (ZUFMS-MOL)
3 records from Crustáceos y moluscos de la cuenca baja del río Sogamoso, Santander
4 records from Observation.org, Nature data from around the World
4 records from Geographically tagged INSDC sequences
8 records from Field Museum of Natural History (Zoology) Invertebrate Collection
10 records from University of Michigan Museum of Zoology, Division of Mollusks
12 records from USGS Nonindigenous Aquatic Species database
12 records from NCSM Mollusk Collection
13 records from Delaware Museum of Natural History – Mollusks
16 records from MAL
17 records from Museum of Comparative Zoology, Harvard University
20 records from UF Invertebrate Zoology
32 records from UWIZM Molluscs
89 records from iNaturalist Research-grade Observations
</para>
    </abstract>
      <contact>
    <individualName>
          <surName>GBIF Download Service</surName>
    </individualName>
<electronicMailAddress>support@gbif.org</electronicMailAddress>      </contact>

</dataset>

<additionalMetadata>
    <metadata>
      <gbif>
        <dateStamp>2021-07-08T15:26:28Z</dateStamp>
      <citation identifier="10.15468/dl.wfjquc">GBIF Occurrence Download 10.15468/dl.wfjquc</citation>
              <physical>
                  <objectName>Darwin Core Archive</objectName>
                  <characterEncoding>UTF-8</characterEncoding>
                  <dataFormat>
                      <externallyDefinedFormat>
                          <formatName>Darwin Core Archive</formatName>
                      </externallyDefinedFormat>
                  </dataFormat>
                  <distribution>
                      <online>
                          <url function="download">https://api.gbif.org/v1/occurrence/download/request/0319331-200613084148143.zip</url>
                      </online>
                  </distribution>
              </physical>
        </gbif>
    </metadata>
</additionalMetadata>

</eml:eml>
