<?xml version="1.0" encoding="utf-8"?>
<eml:eml xmlns:eml="eml://ecoinformatics.org/eml-2.1.1" xmlns:xsi="http://www.w3.org/2001/XMLSchema-instance"
         xsi:schemaLocation="eml://ecoinformatics.org/eml-2.1.1 http://rs.gbif.org/schema/eml-gbif-profile/1.1/eml.xsd"
        packageId="10.15468/dl.v84e65"  system="http://gbif.org" scope="system"
  xml:lang="en">

<dataset>
        <alternateIdentifier>0336094-200613084148143</alternateIdentifier>
    <title>GBIF Occurrence Download 10.15468/dl.v84e65</title>
    <creator>
    <individualName>
          <surName>GBIF Download Service</surName>
    </individualName>
<electronicMailAddress>support@gbif.org</electronicMailAddress>    </creator>
    <metadataProvider>
    <individualName>
          <surName>GBIF Download Service</surName>
    </individualName>
<electronicMailAddress>support@gbif.org</electronicMailAddress>    </metadataProvider>
      <pubDate>
      2021-08-02
      </pubDate>
    <language>ENGLISH</language>
    <abstract>
        <para>A dataset containing all occurrences available in GBIF matching the query:
{
  &quot;and&quot; : [
    &quot;TaxonKey is one of (Acorus gramineus Aiton)&quot;,
    &quot;HasCoordinate is true&quot;
  ]
}
The dataset includes records from the following constituent datasets. The full metadata for each constituent is also included in this archive:
1 records from Plant specimens of Oiso Municipal Museum
1 records from Spermatophyta collection of Museum of Natural and Environmental History, Shizuoka
1 records from Herbarium Berolinense, Berlin (B)
1 records from University of South Carolina, A. C. Moore Herbarium
1 records from University of South Florida Herbarium (USF)
1 records from CDA - California Department of Food and Agriculture
1 records from LERN Records
1 records from SBT-Living
1 records from Endemic Species Research Institute–Herbarium
1 records from Allan Herbarium (CHR)
1 records from Actualización de las bases de datos de colecciones, especies en peligro de extinción, colecta y propagación de germoplasma
1 records from Carnegie Museum of Natural History Herbarium
1 records from Instituto de Botánica Darwinion
1 records from University of Alberta Vascular Plant Herbarium (ALTA-VP)
1 records from BSBI data from several English counties, up to 2015
1 records from MEL AVH data
1 records from naturgucker
2 records from Moscow University Herbarium (MW)
2 records from Herbarium of Taiwan Forestry Research Institute
2 records from FKSE-Herbarium of Faculty of Symbiotic Systems Science, Fukushima University, Japan
3 records from Flora of Worcestershire
3 records from The 6-7th National Survey on the Natural Environment: Vegetation Survey
3 records from SEWBReC Vascular Plants (South East Wales)
4 records from Ibaraki Nature Museum, Vascular Plants collection
4 records from Plant Specimen from Herbarium (LBG) in China, Lushan Botanical Garden, Jiangxi and Chinese Academy of Sciences
5 records from Images and observations of mostly edible plants in Stephen Barstow’s Edible Garden in Norway, taken between 2005 and 2014
6 records from Plant Specimen from Herbarium (IBK) in China, Guangxi Institute of Botany, Chinese Academy of Sciences
8 records from An updated checklist of aquatic plants of Myanmar and Thailand
8 records from Herbarium of Shinshu University
8 records from CAS Botany (BOT)
8 records from The digitization of plant specimens of NTU
9 records from Dataset from Herbarium of Endemic Species Research Institute, Taiwan (TAIE) 2021
10 records from Plant specimens of Komatsu City Museum
11 records from Vascular plant specimens of National Museum of Nature and Science (TNS)
12 records from NMNH Extant Specimen Records
16 records from Herbarium Specimens of Tokushima Prefectural Museum, Japan
18 records from Gunma Museum of Natural History, Vascular Plant Specimen
18 records from Naturalis Biodiversity Center (NL) - Botany
20 records from NIEK_NES
22 records from Herbarium Specimens of Museum of Nature and Human Activities, Hyogo Pref., Japan
24 records from Plant Specimen in Yunnan, China from Herbarium (PE),Institute of Botany, Chinese Academy of Sciences
25 records from Vascular plant specimens of Toyama Science Museum
28 records from Natural History Museum (London) Collection Specimens
30 records from Plant Specimen from Herbarium (CDBI) in China, Chengdu Institute of Botany, Chinese Academy of Sciences
31 records from Tropicos Specimen Data
35 records from Vascular Plant Specimens of Kochi Prefectural Makino Botanical Garden
42 records from iNaturalist Research-grade Observations
52 records from Vascular Plant Specimen database of Kanagawa Prefectural Museum of Natural History
55 records from Some Plant Specimens from KUN, IBSC, NAS  Herbarium in China from 1900 to 1950
78 records from Some Plant Specimens from PE Herbarium in China from 1900 to 1950
153 records from 500,000 plant Specimens from PE Herbarium in China from 1950 to 1999
</para>
    </abstract>
      <contact>
    <individualName>
          <surName>GBIF Download Service</surName>
    </individualName>
<electronicMailAddress>support@gbif.org</electronicMailAddress>      </contact>

</dataset>

<additionalMetadata>
    <metadata>
      <gbif>
        <dateStamp>2021-08-02T09:09:42Z</dateStamp>
      <citation identifier="10.15468/dl.v84e65">GBIF Occurrence Download 10.15468/dl.v84e65</citation>
              <physical>
                  <objectName>Darwin Core Archive</objectName>
                  <characterEncoding>UTF-8</characterEncoding>
                  <dataFormat>
                      <externallyDefinedFormat>
                          <formatName>Darwin Core Archive</formatName>
                      </externallyDefinedFormat>
                  </dataFormat>
                  <distribution>
                      <online>
                          <url function="download">https://api.gbif.org/v1/occurrence/download/request/0336094-200613084148143.zip</url>
                      </online>
                  </distribution>
              </physical>
        </gbif>
    </metadata>
</additionalMetadata>

</eml:eml>
